-- MySQL dump 10.13  Distrib 8.0.40, for Win64 (x86_64)
--
-- Host: 200.58.106.156    Database: c2710325_sistema
-- ------------------------------------------------------
-- Server version	5.5.5-10.6.22-MariaDB-0ubuntu0.22.04.1

/*!40101 SET @OLD_CHARACTER_SET_CLIENT=@@CHARACTER_SET_CLIENT */;
/*!40101 SET @OLD_CHARACTER_SET_RESULTS=@@CHARACTER_SET_RESULTS */;
/*!40101 SET @OLD_COLLATION_CONNECTION=@@COLLATION_CONNECTION */;
/*!50503 SET NAMES utf8 */;
/*!40103 SET @OLD_TIME_ZONE=@@TIME_ZONE */;
/*!40103 SET TIME_ZONE='+00:00' */;
/*!40014 SET @OLD_UNIQUE_CHECKS=@@UNIQUE_CHECKS, UNIQUE_CHECKS=0 */;
/*!40014 SET @OLD_FOREIGN_KEY_CHECKS=@@FOREIGN_KEY_CHECKS, FOREIGN_KEY_CHECKS=0 */;
/*!40101 SET @OLD_SQL_MODE=@@SQL_MODE, SQL_MODE='NO_AUTO_VALUE_ON_ZERO' */;
/*!40111 SET @OLD_SQL_NOTES=@@SQL_NOTES, SQL_NOTES=0 */;

--
-- Table structure for table `alu3`
--

DROP TABLE IF EXISTS `alu3`;
/*!40101 SET @saved_cs_client     = @@character_set_client */;
/*!50503 SET character_set_client = utf8mb4 */;
CREATE TABLE `alu3` (
  `idestudiante` int(11) NOT NULL AUTO_INCREMENT,
  `apenomb` varchar(100) NOT NULL,
  `dni` varchar(15) NOT NULL,
  `carrera` varchar(100) NOT NULL,
  `curso` varchar(50) NOT NULL,
  `correo` varchar(100) DEFAULT NULL,
  `fecha` date DEFAULT NULL,
  PRIMARY KEY (`idestudiante`)
) ENGINE=InnoDB AUTO_INCREMENT=28 DEFAULT CHARSET=utf8mb4 COLLATE=utf8mb4_general_ci;
/*!40101 SET character_set_client = @saved_cs_client */;

--
-- Dumping data for table `alu3`
--

LOCK TABLES `alu3` WRITE;
/*!40000 ALTER TABLE `alu3` DISABLE KEYS */;
INSERT INTO `alu3` VALUES (1,'Moreno Fernández Adrián ','39003764','Profesorado de educación secundaria en Informatica','3 año','adrianjrmoreno@gmail.com\r',NULL),(2,'Salas Rocio','39142227','Profesorado de educación secundaria en Informatica','3 año','Rociosa.010895@gmail.com\r',NULL),(3,'Cabezas Melisa','38340317','Profesorado de educación secundaria en Informatica','3 año','melisacabezas@outlook.com\r',NULL),(4,'Sanchez nahir','37721302','Profesorado de educación secundaria en Informatica','3 año','Nahirsanchez302@gmail.com\r',NULL),(5,'Segovia Estefania ','37512117','Profesorado de educación secundaria en Informatica','3 año','Segoviastefania3@gmail.com\r',NULL),(6,'Robledo Karen','39892357','Profesorado de educación secundaria en Informatica','3 año','karenyamila96.kr@gmail.com\r',NULL),(7,'Pérez Joana ','36854000','Profesorado de educación secundaria en Informatica','3 año','yoaivilu@gmail.com\r',NULL),(8,'Barroso carla ','37511924','Profesorado de educación secundaria en Informatica','3 año','Carlaluciabarroso3@gmail.com\r',NULL),(9,'Raval Jennifer Del Valle','44818519','Profesorado de educación secundaria en Informatica','3 año','jenniraval16@gmail.com\r',NULL),(10,'Pedraza Lescano Daniela Magali','43639239','Profesorado de educación secundaria en Informatica','3 año','danypedraza100@gmail.com\r',NULL),(11,'Villafañe Gustavo Ernesto ','40327807','Profesorado de educación secundaria en Informatica','3 año','gustavovillafane69@gmail.com\r',NULL),(12,'Maidana Mirian','44445381','Profesorado de educación secundaria en Informatica','3 año','mmiriam0911@gmail.com\r',NULL),(17,'Ortiz Milka','45055217','Profesorado de educación secundaria en Informatica','3 año','ortiz.milka45055@gmail.com',NULL),(18,'Rodriguez Abigail Del Carmen','42553306','Profesorado de educación secundaria en Informatica','3 año',NULL,'2025-06-25'),(19,'Ponce Belen','44326639','Profesorado de educación secundaria en Informatica','3 año',NULL,'2025-06-27'),(20,'Mansilla Fernandez, Eliana Paola','38340382','Profesorado de educación secundaria en Informatica','3 año',NULL,'2025-06-27'),(21,'Castillon Juan Ignacio','41913605','Profesorado de educación secundaria en Informatica','3 año',NULL,'2025-06-27'),(22,'Rios Emiliano Agustin','45113785','Profesorado de educación secundaria en Informatica','3 año',NULL,'2025-06-27'),(23,'Moreno Jesus Gabriel','44271425','Profesorado de educación secundaria en Informatica','3 año',NULL,'2025-06-27'),(24,'Romero Paola Florencia','38737918','Profesorado de educación secundaria en Informatica','3 año',NULL,'2025-06-27'),(25,'Diaz Mariela Judith','43686981','Profesorado de educación secundaria en Informatica','3 año',NULL,'2025-06-27'),(26,'Diaz Jesica Daniela','45364899','Profesorado de educación secundaria en Informatica','3 año',NULL,'2025-06-27'),(27,'Castro Natanael Nehemias','43336858','Profesorado de educación secundaria en Informatica','3 año',NULL,'2025-06-27');
/*!40000 ALTER TABLE `alu3` ENABLE KEYS */;
UNLOCK TABLES;

--
-- Table structure for table `alumno`
--

DROP TABLE IF EXISTS `alumno`;
/*!40101 SET @saved_cs_client     = @@character_set_client */;
/*!50503 SET character_set_client = utf8mb4 */;
CREATE TABLE `alumno` (
  `idalumno` int(11) NOT NULL AUTO_INCREMENT,
  `dni` int(11) NOT NULL,
  `cuil` varchar(16) NOT NULL,
  `apellidos` varchar(100) NOT NULL,
  `nombres` varchar(100) NOT NULL,
  `fechanac` date NOT NULL,
  `localidad` varchar(50) NOT NULL,
  `correo` varchar(100) NOT NULL,
  `clave` varchar(100) NOT NULL,
  `telefono` varchar(30) NOT NULL,
  `acuerdo` varchar(10) NOT NULL DEFAULT 'Aceptado',
  `reset_token` varchar(255) DEFAULT NULL,
  `reset_token_expires` timestamp NOT NULL DEFAULT current_timestamp() ON UPDATE current_timestamp(),
  `cede` int(11) DEFAULT NULL,
  PRIMARY KEY (`idalumno`),
  KEY `fk_cede` (`cede`),
  CONSTRAINT `fk_cede` FOREIGN KEY (`cede`) REFERENCES `cede` (`idcede`) ON DELETE CASCADE ON UPDATE CASCADE
) ENGINE=InnoDB AUTO_INCREMENT=1576 DEFAULT CHARSET=utf8mb4 COLLATE=utf8mb4_general_ci;
/*!40101 SET character_set_client = @saved_cs_client */;

--
-- Dumping data for table `alumno`
--

LOCK TABLES `alumno` WRITE;
/*!40000 ALTER TABLE `alumno` DISABLE KEYS */;
INSERT INTO `alumno` VALUES (1,31840303,'27318403037','ALDERETE','DIEGO EDUARDO','1970-04-04','RIO PIEDRAS','diegoed@gmail.com','admin','3876502243','Aceptado',NULL,'2024-12-10 01:33:37',1),(2,38343339,'27383433393','OSORES','MAYRA DANIELA','1994-08-04','EL GALPON','mayradanielaosores@gmail.com','rosario19','3876407654','Aceptado',NULL,'2024-12-09 21:58:12',2),(3,45178398,'27451783985','HERRERA','LUCIANA DEL MILAGRO','2004-03-30','METAN','lalu.30.03.04@gmail.com','LALU.maxi25','3876521443','Aceptado',NULL,'2024-12-09 21:58:29',1),(4,41296120,'27412961205','ACUÑA ','NOEMÍ DEL CARMEN ','1998-09-09','METÁN','noemiacuxa@gmail.com','thisishell','3876516585','Aceptado',NULL,'2024-12-09 21:59:32',2),(5,43336860,'27433368601','PADILLA','AGUSTINA','2001-04-26','SAN JOSE DE METAN','agustinapadilla160@gmail.com','benjamin15','3876403185','Aceptado',NULL,'2024-12-09 22:00:18',2),(6,47541028,'23.47541028-9','LANDIVAR PORTAL ','SERGIO MANUEL ','2006-10-10','SAN JOSÉ DE METAN','landivarmanuel3@gmail.com','Samsung105#','3876622993','Aceptado',NULL,'2024-12-09 22:00:53',1),(7,40517667,'27405176675','GARCIA','PAMELA  FLORENCIA ','1997-09-16','EL GALPON','pamefgar@gmail.com','Candybebe1','3875515137','Aceptado',NULL,'2024-12-09 22:01:17',2),(8,31038705,'20-31038705-4','VASQUEZ ','CRISTIAN EMANUEL ','1984-09-15','METAN','cv175307@gmail.com','12345vasquez','3876327980','Aceptado',NULL,'2024-12-09 22:01:32',1),(9,45273575,'27452735755','COSTILLA','XIMENA MARIA PIA','2004-05-05','JOAQUIN V. GONZALEZ, SALTA, ARGENTINA','matia.pia05@gmail.com','ximenamariapia','3875184507','Aceptado',NULL,'2024-12-09 22:01:33',2),(10,45364829,'27453648295','GIMENEZ LOPEZ','AYELEN MILAGROS ','2004-07-07','METAN ','lopezayelen861@gmail.com','45364829','3876441262','Aceptado',NULL,'2024-12-09 22:01:57',1),(11,44176134,'221761347','DIAZ SANTILLÁN ','EVELYN MARLEN','2002-09-13','EL GALPON','evelyndiazsantillan@gmail.com','92927829w','3876502638','Aceptado',NULL,'2024-12-09 22:02:41',2),(12,33885139,'27338851397','ACUÑA','TERESITA','1988-08-12','METAN','zoezair18@gmail.com','amoresmio23','3876584946','Aceptado',NULL,'2024-12-09 22:02:53',1),(13,45974609,'23459746099','TESEYRA ','FRANCISCO ISMAEL ','2005-09-14','EL GALPÓN ','frannteseyra@gmail.com','14deSep2005','3876232385','Aceptado',NULL,'2024-12-09 22:04:12',1),(14,45364729,'20453647294','SOSA','JUAN ANDRES','2004-05-28','METAN','ander.estudio28@gmail.com','L1L2L3L4','3876441290','Aceptado',NULL,'2024-12-09 22:04:13',1),(15,44879452,'27449874526','COSTILLA','LISBET AGOSTINA','2003-06-07','LUMBRERAS','lisbetcostilla15@gmail.com','98765432liss','3876548431','Aceptado',NULL,'2024-12-09 22:04:18',1),(16,42608432,'27426084320','CENTENO','LUCIANA','2000-08-09','GALPON','hc461970@gmail.com','98765','3875547409','Aceptado',NULL,'2024-12-09 22:05:31',2),(17,44446582,'20444465825','LANDIVAR PORTAL','MIGUEL ALEJANDRO','2002-08-27','SAN JOSE DE METAN ','miguellandivar30@gmail.com','vowpuf-kibfys-kyzmU5','3876665753','Aceptado',NULL,'2024-12-09 22:05:35',1),(18,47608013,'23-47608013-4','TOSCANO','YULIANA FIORELA ','2006-12-29','SAN JOSÉ DE METÁN','yulianatoscano030@gmail.com','yuliana12345','3876664173','Aceptado',NULL,'2025-02-02 16:48:37',1),(19,42344945,'20423449455','LOPEZ ASSIS','NAHUEL ISAIAS ','2003-01-28','METAN','nahuulopez44@gmail.com','davidluiz4','3876512885','Aceptado','3120d5174b01dd5c7fe653dcc4079d398433cee8','2025-02-10 01:40:01',1),(20,28161034,'27281610347','TORRES ','MELINA ELIZABET','1979-09-05','METAN ','melinatorres441@gmail.com','tresycinco','3873436432','Aceptado',NULL,'2024-12-09 22:06:33',1),(21,46232729,'20462327294','SANTELLAN','LAUTARO','2006-01-24','SAN JOSE DE METAN','lautarosantellan11@gmail.com','lautaro11','3876583193','Aceptado',NULL,'2024-12-09 22:06:45',1),(22,47905033,'27579050339','ARAYA','VALENTINA ABIGAIL','2007-02-24','SAN JOSE DE METAN','valuuarayaa@gmail.com','vale18','3876521671','Aceptado',NULL,'2024-12-10 01:07:25',1),(23,47541064,'206','LEDESMA','BRUNO AGUSTIN','2006-11-23','METAN','ledesmabruno2006@gmail.com','brunoledesma7','3876624164','Aceptado',NULL,'2024-12-09 22:07:52',1),(24,47608032,'20476080321','MAIDANA','MAXIMILIANO SAMUEL','2007-01-12','SAN JOSE DE METAN','maximilianomaidana846@gmail.com','maximaidana123','3876414596','Aceptado',NULL,'2024-12-09 22:08:37',1),(25,46802149,'20468021499','MELIAN','JOAQUÍN MATEO','2006-09-11','20 DE FEBRERO 596','joaquinmelian7@gmail.com','joaquinmms523','3876471523','Aceptado',NULL,'2024-12-09 22:09:16',1),(26,46789235,'20467892356','TOSCANO JAIME ','GABRIEL','2006-03-26','SAN JOSÉ DE METAN ','gabitoscanojaime@gmail.com','gabriel003','3876450899','Aceptado',NULL,'2024-12-09 22:09:49',1),(27,43431490,'23434314909','RUSTAN','AGUSTÍN ALEJANDRO','2001-06-03','SAN JOSÉ DE METAN','agusrus43@gmail.com','RoRus43.','3876448043','Aceptado',NULL,'2025-01-27 06:14:49',1),(28,45767469,'20457674695','CARRANZA','CRISTIAN LAUTARO','2005-08-25','SAN JOSE DE METAN','carranzacristianlautaro@gmail.com','fatyvictor1978','3876551851','Aceptado',NULL,'2024-12-10 01:06:04',1),(29,45113498,'2745113498','ROJA','GIANELA SOLANA','2004-07-01','EL GALPON','Solanaroja025@gmail.com','joseantonio','3876619964','Aceptado',NULL,'2024-12-09 22:10:54',2),(30,45435801,'20454358016','BAÑAGASTA HERRERA ','FERNANDO JAVIER','2006-02-20','RIO PIEDRAS','ferchuuu960@gmail.com','Curusawa7','3876419446','Aceptado',NULL,'2024-12-09 22:11:01',1),(31,45767354,'20-45767354-0','AMENGUAL ','BAUTISTA ','2005-06-17','METAN','amengualbautista@gmail.com','25410838','03876663686','Aceptado',NULL,'2024-12-09 22:11:31',1),(32,45974659,'20459746596','CORTEZ BRANDAN','MATIAS EMAUEL','2006-03-03','EL GALPON','matiascortez721@gmail.com','_michifu1_','3876527500','Aceptado',NULL,'2024-12-09 22:12:49',1),(33,46802168,'23468021684','MOYANO','MELANI DEL MILAGRO','2006-08-31','METAN','moyanopaola531@gmail.com','46802168','3876323453','Aceptado',NULL,'2024-12-09 22:13:34',1),(34,40327956,'20403279561','SANTOIEMMA','FEDERICO EMANUEL','1997-04-03','SAN JOSE DE METAN','fedesantoiemma.fixaalpiso@gmail.com','fede422732','3875678905','Aceptado',NULL,'2024-12-09 22:13:48',1),(35,41180001,'20411800017','ALBARRACIN ','HERNÁN OSVALDO ','1998-04-16','METAN ','halbarracin14@gmail.com','41180001','3876446418','Aceptado',NULL,'2024-12-09 22:13:59',1),(36,46232757,'24462327574','NOBLEGA','MIRANDA','2006-03-03','SAN JOSE DE METAN','mirinoblega912@gmail.com','46232757miranda','3876438623','Aceptado',NULL,'2024-12-09 22:14:25',1),(37,48711849,'2348711i494','COSTILLA','FERNANDA DEL MILAGRO','2005-12-13','JOAQUIN.V.GONZALEZ','21.07.87milagros@gmail.com','Emma27victoria_2','3877530465','Aceptado',NULL,'2024-12-09 22:15:41',2),(38,39674749,'23396747499','MAIDANA','JONATAN ISMAEL ','1996-06-13','SAN JOSÉ DE METAN','maidanajonatan49@gmail.com','202011','3876409702','Aceptado','f8c3d46069140691b5635b3b971dc1d426e937f9','2025-02-25 01:59:44',1),(39,45435553,'23454355539','MANSILLA','BRUNO','2007-04-11','METAN','mansillabruno012@gmail.com','bruno_550','3876638426','Aceptado',NULL,'2024-12-09 22:17:09',1),(40,38340282,'20383402825','MAIDANA','PABLO JAVIER ','1994-04-05','METAN ','Pmaidana37@gmail.com','ignacio2018','3876517143','Aceptado',NULL,'2024-12-09 22:17:35',1),(41,48006931,'20480069316','GUERRERO','WALTER ALEJANDRO','2007-05-31','MARIANO MORENO 373','alejandroguererro73@gmail.com','alejandrox.','3876552752','Aceptado',NULL,'2024-12-09 22:19:26',1),(42,46789217,'20-46789217-8','GONZALEZ','ROBERTO LEONEL ','2006-04-17','METAN ','leonelgonzalezotttob17@gmail.com','leonel1215','3876559634','Aceptado',NULL,'2024-12-09 22:20:19',1),(43,30175762,'27301757625','ARGAÑARAZ ','ANGELA JUDITH','1983-05-31','SAN JOSÉ DE METÁN','angiearganaraz7@gmail.com','30175762','3876434422','Aceptado',NULL,'2024-12-09 22:20:57',1),(44,47608068,'27476080687','SAYAGO','ALDANA BELEN','2007-01-25','METAN SALTA','bsayago58@gmail.com','anime_chan','3876555327','Aceptado',NULL,'2024-12-09 22:23:13',1),(45,45363511,'20453635113','FIGUEROA ','LUCIANO JOHEL','2004-11-10','EL GALPÓN ','johelfigueroa965@gmail.com','luciano004','3876587283','Aceptado',NULL,'2024-12-09 22:23:14',1),(46,37512392,'27375123924','GALLARDO','JOANA GISELLA ','1993-12-13','METAN','joanagallardo9313@gmail','nicole.10','3876567673','Aceptado',NULL,'2024-12-09 22:24:09',1),(47,21907057,'27219070573','ARGAÑARAZ ','MÓNICA DEL VALLE ','1971-06-28','METAN','monicaarganaraz68@gmail.com','1234','3876518823','Aceptado',NULL,'2024-12-09 22:26:04',1),(48,40155306,'20401553062','QUIROGA MEDRANO','PABLO MARIANO','1997-02-04','SAN JOSE DE METAN','pablochapitamedrano88@gmail.com','8842586pa','3872155895','Aceptado',NULL,'2024-12-09 22:27:31',1),(49,44176137,'27441761371','CEJAS','YASMIN ALEXANDRA ','2002-01-26','EL GALPÓN ','yasmincejas26@gmail.com','Yas2020','3876570838','Aceptado',NULL,'2024-12-09 22:28:05',2),(50,47541023,'20475410239','SINGH JEREZ ','KEVIN GONZALO ','2006-10-13','METAN','gonzalojerez193@gmail.com','Taylon2025','3876587232','Aceptado',NULL,'2024-12-09 22:28:14',1),(51,43438438,'23434384389','JAIME','FRANCISCO NAZARENO ','2001-07-28','METAN','nazarenojaime43@gmail.com','A43438438a','3876632290','Aceptado',NULL,'2024-12-09 22:28:57',1),(52,47775952,'27-47775952-7','MOSCOSO','VICTORIA MICAELA','2007-01-22','METAN,SALTA','micaateseyra8@gmail.com','Victoriamicaela.2207','527727','Aceptado',NULL,'2024-12-09 22:29:41',1),(53,35912548,'20-35912548-9','FIGUEROA','JAIME HERNAN','1991-03-01','METAN','figueroakaiman1@gmail.com','35912548','3876556200','Aceptado',NULL,'2024-12-09 22:30:11',1),(54,46232796,'27462327965','DOMINGUEZ','BRISA SOFIA','2006-03-27','METAN','brisadominguez055@gmail.com','Yoongi25','3876432560','Aceptado',NULL,'2024-12-09 22:30:34',1),(55,28648453,'27286484536','JAIME ','VALERIA JUDITH','1980-10-07','JOAQUIN V GONZALEZ ','jaimevaleriajudith@gmail.com','4336','3877596706','Aceptado',NULL,'2024-12-09 22:31:48',2),(56,45366405,'20453664059','SARAVIA','IGNACIO JESUS','2004-02-24','EL GALPON','pamefgar@gmail.com','Kevinkai','3876618616','Aceptado',NULL,'2024-12-09 22:32:01',2),(57,27575512,'20275755126','ROJAS','ARIEL ALEJANDRO ','1979-07-21','SAN JOSÉ DE METAN','chacalquerosen23@gmail.com','27575512','3876356775','Aceptado',NULL,'2024-12-09 22:32:20',1),(58,43336898,'20433368984','OLIVA','RICARDO LUIS','2001-04-27','SAN JOSÉ DE METAN ','ricardo.oliva.2640@gmail.com','Palermo9','3876449476','Aceptado',NULL,'2024-12-09 22:33:21',1),(59,47904693,'20479046930','SOTO','SANTIAGO HILARIO','2007-04-11','METAN','sato73541@gmail.com','hilario.soto','3876551227','Aceptado',NULL,'2024-12-09 22:34:04',1),(60,47817357,'27478173577','REYES','XIOM CARINA DE LOS ANGELES','2007-01-16','SAN JOSE DE METAN','reyesxiomara311@gmail.com','reyesxiomara311','3876436404','Aceptado',NULL,'2024-12-09 22:36:37',1),(61,48006909,'23480069099','CISNERO LANZI ','TIAGO MATIAS IGNACIO','2007-05-04','SAN JOSE DE METAN ','tiagocisnero341@gmail.com','tiagocisnero341','3876567222','Aceptado',NULL,'2024-12-09 22:36:41',1),(62,45261130,'27452611304','FRIAS','ERIKA','2004-09-03','EL GALPÓN ','vivianafrias176@gmail.com','Frias45','03876564096','Aceptado',NULL,'2024-12-09 22:39:07',1),(63,46798949,'27467989494','FUENTES','ARIANA','2007-04-15','EL GALPÓN ','jaimeariana19@gmail.com','ariana12345','3876580484','Aceptado',NULL,'2025-02-28 05:17:38',1),(64,35479188,'27354791884','PAZ','ELIANA','1990-12-13','METAN','martinoteamo5@gmail.com','35479188','3876620573','Aceptado',NULL,'2024-12-09 22:39:50',1),(65,29829207,'20298292077','MARQUES','SERGIO REINALDO ','1982-11-13','METAN ','marqusergio52@gmail.com','cabo2025','3876405301','Aceptado',NULL,'2024-12-09 22:40:26',1),(66,43686975,'20436869755','DUARTE ','FEDE','2002-02-17','SAN JOSÉ DE METAN','fededuarte5@gmail.com','federic17','3876568918','Aceptado',NULL,'2024-12-09 22:40:56',1),(67,42519637,'27425196370','TOLEDO ','VALERIA GUADALUPE','1999-06-06','METAN ','sguada2606@gmail.com','41P1950g','3876411950','Aceptado',NULL,'2024-12-09 22:41:14',1),(68,47904648,'20479046485','CHOCOBAR ','BRAIAN JONATHAN ALEXIS ','2007-03-30','METÁN','clau42699@gmail.com','clau1986','3876635458','Aceptado',NULL,'2024-12-09 22:41:35',1),(69,43686806,'27436868060','CHOCOBAR','ALDANA','2001-11-04','METAN','aldanachocobar52@gmail.com','geronimogenaro','3876418267','Aceptado',NULL,'2024-12-09 22:41:36',1),(70,45767385,'27457673855','LOPEZ GUTIERREZ ','FATIMA MARIA JOSE','2005-06-07','SAN JOSE DE METAN ','marii45gutierrez05@gmail.com','mariajose','3876549826','Aceptado',NULL,'2024-12-09 22:41:58',1),(71,42205611,'20422056115','VIZGARRA ','ROBERTO NICOLÁS ','1999-12-09','SAN JOSÉ DE METAN ','Vizgarranicolas2@gmail.com','Nicolas42205611','3876568142','Aceptado',NULL,'2024-12-09 22:42:38',1),(72,44493129,'23444931299','LANCE','EZEQUIEL ','2002-12-20','METAN','agustinlance4@gmail.com','44493129','3876475082','Aceptado',NULL,'2024-12-09 22:42:45',1),(73,35928477,'27359284778','FIGUEREDO','VANESA NATALIA','1991-06-01','ROSARIO DE LA FRONTERA','figueredonaty29@gmail.com','aixa','3876667029','Aceptado','1128437a12a7de64edbfa00b183a7821c0cc0c20','2025-06-30 02:45:56',1),(74,47541037,'20475410379','LEDESMA','GUSTAVO','2006-10-19','SAN JOSÉ DE METAN','gutyzo909@gmail.com','Guttyledesma10','3876551058','Aceptado',NULL,'2024-12-09 22:43:28',1),(75,45364817,'20453648177','GALLO','FABR ARIEL','2004-07-27','METAN SALTA','fabriziogallo355@gmail.com','45364817Ml','3876638563','Aceptado',NULL,'2024-12-09 22:43:49',1),(76,44446085,'27444460852','ROJAS PÉREZ','LUJÁN ANTONELA','2003-06-24','EL GALPÓN','rojasperezlujanantonela@gmail.com','antolujan03','3876417261','Aceptado',NULL,'2024-12-09 22:43:55',1),(77,45435810,'20-45435810-5','QUIROGA WIERNA','MÁXIMO ELISEO','2006-05-05','RIO PIEDRAS','maxiquiroga982@gmail.com','Eliseo9898$$','3876617198','Aceptado',NULL,'2024-12-09 22:44:24',1),(78,40327933,'27403279337','MARTINEZ IBAÑEZ ','JUDIT MACA ','1997-04-15','METAN ','yuliimartinez44@gmail.com','141530','3876673744','Aceptado',NULL,'2024-12-09 22:44:46',1),(79,37721287,'27377212873','ARIAS','YANINA DE LOS ANGELES','1994-04-14','METAN','yaninadelosangelesa@gmail.com','B27b04a14','3876553681','Aceptado',NULL,'2025-02-07 22:23:02',1),(80,30540800,'27305408005','SALIS','MARIA LAURA','1984-02-22','EL GALPON','laureano27gus@hotmail.com','LAUsam2713','3874461862','Aceptado',NULL,'2024-12-09 22:46:09',2),(81,46798730,'20467987306','VARGAS COLQUE','AGUSTÍN MARCELO ','2006-07-05','METAN ','vargas.agucho@gmail.com','Agustin1234_','3876580885','Aceptado',NULL,'2024-12-09 22:46:20',1),(82,31038516,'27310385161','GUTIERREZ ','TERESA INES ','1984-05-26','SAN JOSE DE METAN ','tg925109@gmail.com','teresa516','3876441406','Aceptado',NULL,'2024-12-09 22:46:33',1),(83,46232794,'27462327949','CASASOLA ','JOANA MARISOL','2003-02-15','METAN','marisolcasasola783@gmail.com','Marisol12','3876578859','Aceptado',NULL,'2024-12-09 22:46:43',1),(84,45363548,'20453635482','ROJAS','YONATAN LEANDRO','2005-04-05','EL GALPON ','rojasyonatanleandroelgalpon@gmail.com','tila2024','3872117587','Aceptado',NULL,'2024-12-09 22:48:10',2),(85,42608402,'27426084029','MIRANDA','MARIA','2000-05-20','EL GALPÓN ','cachetonamaria23@gmail.com','Jazminmiranda','3876641247','Aceptado',NULL,'2024-12-09 22:48:14',1),(86,45768929,'40457689297','CARDOZO ','LUZ ALDANA','2005-10-02','META ','luzaldanacardozo48@gmail.com','230285','3876405654','Aceptado',NULL,'2024-12-09 22:48:33',1),(87,45363598,'27-45363598-3','GUERRA','LUDMILA CANDELA ','2005-08-18','EL GALPON','ludmiguerr4@gmail.com','pedro2022','3876575313','Aceptado',NULL,'2024-12-09 22:49:03',2),(88,46172720,'20461727205','FERNANDEZ','LEONEL MAXIMILIANO ','2005-10-22','METAN','fernandezleonel404@gmail.com','leonel22','3876406363','Aceptado',NULL,'2024-12-09 22:49:43',1),(89,47904655,'27479046552','SANDOVAL','IARA DENISE','2007-04-12','METAN','iaradenise1204@gmail.com','iara1204','3876576333','Aceptado',NULL,'2024-12-09 22:50:26',1),(90,33582032,'27335820326','GUANTAY ','JESICA LAURA ROSANA ','1988-01-28','METAN','jesicaguantay28@gmail.com','0809','03876452886','Aceptado',NULL,'2024-12-09 22:51:32',1),(91,45767444,'23457674449','TAPIA','IMANOL','2005-07-27','METAN SALTA ','velaquezimanol8@gmail.com','imanol123456789','3876660429','Aceptado',NULL,'2024-12-09 22:51:56',1),(92,45363552,'27453635525','FERNANDEZ','CAMILA','2005-03-26','EL GALPÓN','josecamifer26@gmail.com','josefina1981','3876631850','Aceptado',NULL,'2024-12-09 22:53:20',1),(93,42080012,'21420800121','GUTIERREZ ','LOURDES MARIA FELICITAS','1999-09-29','SAN JOSE DE METAN ','luyluu88@gmail.com','olivia','3876415491','Aceptado',NULL,'2024-12-09 22:53:34',1),(94,36173611,'27361736112','MANSILLA','MATILDE TERESITA','1991-08-06','EL GALPÓN ','matildeteresita06@gmail.com','vikibenja1008','3876413109','Aceptado',NULL,'2024-12-09 22:54:02',2),(95,39363887,'20393638878','CARRANZA ','MALENA SOLEDAD SILVANA ','1996-04-12','JOAQUÍN VICTOR GONZÁLEZ ','carranzamalena802@gmail.com','malena1996','3875435383','Aceptado',NULL,'2024-12-09 22:54:06',1),(96,30540557,'20305405575','CARDOZO ','HÉCTOR DANIEL','1983-10-11','METAN ','alejandrocardozo947@gmail.com','111083','3876410556','Aceptado',NULL,'2024-12-09 22:55:22',1),(97,43438165,'27434381652','ROJAS CASILLA','ANA MERCEDES ','2002-03-20','EL GALPÓN ','anymer0220@gmail.com','multifacetica','3876668855','Aceptado',NULL,'2024-12-09 22:55:44',1),(98,26030961,'27260309612','LÓPEZ ','GRACIELA PAOLA ','1977-12-13','METAN ','paola772019@gmail.com','Soldados24','3876572222','Aceptado',NULL,'2024-12-09 22:56:14',1),(99,43169200,'2043169200','NAVARRO','ARIEL ABEL ','2001-04-22','METAN','ariel.navarro0000@gmail.com','ariel2001','3876584972','Aceptado',NULL,'2024-12-09 22:56:15',1),(100,37512372,'27375123725','GARCIA ','IVANA VALERIA ','1992-09-22','SAN JOSÉ DE METAN','vaaleen.-g@hotmail.com','Camila22','3876411960','Aceptado',NULL,'2024-12-09 22:56:55',1),(101,45766643,'20457666439','GEREZ','TOMAS RICARDO JOSÉ ','2005-03-21','SAN JOSÉ DE METAN ','ricardogerez289@gmail.com','Tomas.benja','3876455397','Aceptado',NULL,'2024-12-09 22:56:57',1),(102,42080098,'20420800984','VIÑAS','BRAIAN HERNAN ','1999-12-26','SAN JOSÉ DE METAN ','braianhernanv098@gmail.com','Braian42080098','3876583698','Aceptado',NULL,'2024-12-09 22:57:12',1),(103,368538823,'20368538923','GUTIERREZ ','LUIS ALBERTO ','1992-11-06','SAN JOSE DE METAN ','gutierrezluisalberto501@gmail.com','luisalberto','3876490690','Aceptado',NULL,'2024-12-09 22:57:30',1),(104,45974689,'20459746898','SARAPURA','LUCIANO','2006-06-03','EL GALPON','marianasarapura7@gmail.com','Luciano23.','3876471944','Aceptado',NULL,'2024-12-09 22:57:40',1),(105,42303387,'20423033879','ACUÑA GONZALEZ ','JOSE JULIAN ','2000-01-09','SAN JOSE DE METAN ','jo00acuna@gmail.com','42303387Ju','3875846838','Aceptado',NULL,'2024-12-09 22:57:43',1),(106,45179775,'27451797757','ARGAÑARAZ ','VIRGINIA ALEXANDRA ','2004-05-09','METAN','arganarazvirginia04@gmail.com','Vir45179775','3876442649','Aceptado',NULL,'2024-12-09 22:57:54',1),(107,40792490,'27407924903','GOMEZ ','MAGALI ','1997-12-18','METAN ','magaligomez672@gmail.com','812197','3876575837','Aceptado',NULL,'2024-12-09 22:57:55',1),(108,40354476,'20403544766','VILCA','CARLA DAIANA','1997-06-07','METAN','Vilcadaiana26@gmail.com','Daiana97','3876550144','Aceptado',NULL,'2024-12-09 22:57:57',1),(109,43438178,'27434381784','CARDOZO','ANA SOL','2002-04-02','EL GALPON','anasolcardozo227@gmail.com','cardozo123456','3876579586','Aceptado',NULL,'2024-12-09 22:57:58',2),(110,44446574,'27444465749','TOLABA','FLORENCIA','1994-11-28','METAN','marytolaba2018@gmail.com','123456','3876411299','Aceptado',NULL,'2024-12-09 22:58:00',1),(111,45110930,'27451109303','MANSILLA ','GUADALUPE DEL CARMEN ','2003-09-08','METAN','mansillaguadalupe734@gmail.com','45110930gm','03876518820','Aceptado',NULL,'2024-12-09 22:58:07',1),(112,36853892,'20-3','GUTIERREZ','LUIS ALBERTO ','1992-11-06','METAN','gutierrezluisalberto501@gmail.com','luisproceso','03876490690','Aceptado','481ec67f2561c006cef51b380998df1df260c97b','2024-12-10 00:02:17',1),(113,43438414,'20434384142','OVEJERO','SILVIO ALFREDO ','2001-07-31','SAN JOSE DE METAN','silvioovejero20@hotmail.com','Valentina2024','3876414036','Aceptado',NULL,'2024-12-09 22:58:30',1),(114,47608058,'20476080585','ROMERO TOLAVA','ESTEBAN DAVID ','2007-02-02','METAN SALTA','romeroesteban184@gmail.com','estebanromero196610','3876520983','Aceptado',NULL,'2024-12-09 22:58:41',1),(115,43438107,'20434381070','VERON','DANIEL ÁNGEL ALEJANDRO','2001-10-29','METAN','veronangeldanielalejandro@gmail.com','43438107','3876513368','Aceptado',NULL,'2024-12-09 22:58:43',1),(116,44493082,'27444930824','CISNEROS LANDIVAR','MARIA JOSE','2001-09-28','METAN','majo_carp1@hotmail.com','millonaria1','3876634385','Aceptado',NULL,'2024-12-09 22:58:56',1),(117,42303396,'27423033962','GARCIA DIAZ','ROCIO CANDELA DEL VALLE  ','2000-02-12','SAN JOSE DE METAN','rolog510@gmail.com','rociogarcia21','3876676503','Aceptado',NULL,'2024-12-09 22:59:16',1),(118,44818522,'27448185228','PARADA VILLARREAL ','ROCIO MICAELA ','2003-02-05','METAN ','paradarocio83@gmail.com','Rocio2020','3876406446','Aceptado',NULL,'2024-12-09 22:59:27',1),(119,45766495,'2045766495','NARANJO ','MAXIMO ','2004-12-21','METAN ','naranjomaximo27@gmail.com','123456789maximox1','3876473055','Aceptado',NULL,'2024-12-09 22:59:30',1),(120,43810117,'23438101179','JUAREZ','MAURICIO','2002-06-19','EL GALPON','mauriciojuarez312@gmail.com','mauriciojuarez','3876633329','Aceptado','649cac7ed61bbbd840b363beac39829d0a7318f6','2024-12-10 02:28:20',2),(121,37721226,'20377212267','VIZGARRA','NICANOR','1994-04-14','METAN','nicanor1494@gmail.com','annlnls2010','3876665024','Aceptado',NULL,'2024-12-09 22:59:51',1),(122,29436932,'20294369326','MAMANI','DANIEL ARMANDI','1982-09-27','RIO PIEDRAS ','gasparmamani2015@gmail.com','soyrock77','3876404236','Aceptado',NULL,'2024-12-09 22:59:53',1),(123,43550094,'27435500949','TESEYRA','LUCIA TIZIANA','2001-11-13','METAN','luciateseyra06@gmail.com','43550094','3876340938','Aceptado',NULL,'2024-12-09 22:59:54',1),(124,44446052,'20-1','ACOSTA','JUANJOSE MANUEL','2003-03-22','EL GALPON','acostajuanjose052@gmail.com','juanjose','3874420268','Aceptado',NULL,'2024-12-09 23:00:05',1),(125,46789204,'20467892046','GARCIA NIETO','JUAN LUCAS','2006-04-05','SAN JOSE DE METAN','nietolucas67@gmail.com','46789204','3876518939','Aceptado',NULL,'2024-12-09 23:00:08',1),(126,36853605,'2336536059','SALAS BARBOZA','JOSE ANGEL FORTUNATO','1992-03-18','METAN','jesicaguantay28@gmail.com','0908','03876452886','Aceptado',NULL,'2024-12-09 23:00:18',1),(127,44911174,'20 44911174','CHEVALIER TAPIA','MANUEL CLAUDIO','2003-06-18','SAN JOSE DE METAN','ricardochevalier123@gmail.com','Destinity1','3876548622','Aceptado',NULL,'2024-12-09 23:00:43',1),(128,33497763,'27334977639','MADRID','NATALIA VANESA ','1987-11-28','ROSARIO DE LA FRONTERA ','madridnatalia30@gmail.com','vanesaelisa','3876479711','Aceptado','adfc03ae8c7449aa2920f43983162ea44713a723','2025-02-14 18:27:02',1),(129,43438137,'27434381377','GUANTAY ','GIMENA ELIZABETH','2001-12-23','EL GALPON','jimenaguantay.jg@gmail.com','Naciel23122001','3876581386','Aceptado','ff00106dcf3a0d69dfca8b08a02adb09f91d574d','2025-02-11 15:08:28',2),(130,38343486,'20383434867','GARCÍA','ROBERTO RODRIGO','1996-01-04','EL GALPÓN','robertorodrigogarcia4@gmail.com','kaiser','3876405148','Aceptado',NULL,'2024-12-09 23:00:53',1),(131,39003963,'27390039633','VILLARREAL','JESICA JUDITH','1995-07-20','METAN','villarrealjesica13@gmail.com','Felipe02','3876580527','Aceptado',NULL,'2024-12-09 23:00:57',1),(132,40023632,'20400236322','BUSTOS ','NESTOR MARIO ','1996-12-21','METAN','mario.bustos21.96@gmail.com','40023632','3876516857','Aceptado',NULL,'2024-12-09 23:01:40',1),(133,35929278,'20359292787','PADILLA','FRANCO MARTIN ','1991-07-24','METAN','francomartinpadilla.24@gmail.com','nueva35929278','3875178880','Aceptado',NULL,'2024-12-16 23:17:13',1),(134,40630098,'20406300987','PALAVECINO','ANGEL JESUS','1993-12-24','METAN','angeljesusntvg@gmail.com','angel123','3876470340','Aceptado',NULL,'2024-12-09 23:01:43',1),(135,39402418,'20394024180','PADIAL ROMERO ','FACUNDO ELIAS ','1996-04-19','SAN JOSE DE METAN ','pacopad2013@gmail.com','terciario25','3876449972','Aceptado',NULL,'2024-12-09 23:01:44',1),(136,42896825,'20428968256','JEREZ','BRAIAN ALEJANRO','2000-12-12','METAN','Deathgames111@gmail.com','Lbckira28314','3876454165','Aceptado',NULL,'2024-12-09 23:01:45',1),(137,41372234,'27413722344','RUIZ','ROSALIA REYNA ','1998-12-29','METAN','rosaliaruiz291298@gmail.com','41372234','3872250023','Aceptado',NULL,'2024-12-09 23:01:46',1),(138,44105729,'20441057297','GENOVESE CARRASCO','AGUSTÍN ','2002-04-01','METAN','agustingenovese94@gmail.com','cp1029nzw','3876415730','Aceptado',NULL,'2024-12-09 23:01:50',1),(139,50340315,'27503403159','FRIAS','DANNA SOLANGE','2006-02-13','METAN','dannasolangefrias@gmail.com','50340315','3876662079','Aceptado',NULL,'2024-12-17 23:43:59',1),(140,40889164,'27408891647','MEDINA','AGUSTINA ALBINA','1998-01-01','SAN JOSE DE METAN','aguusdirectioner01@gmail.com','Aguus9597','3876457271','Aceptado',NULL,'2024-12-09 23:01:59',1),(141,40327959,'20403279596','MEDINA','VICTOR LUCIANO','1997-04-30','METAN','lciano580@gmail.com','michi12345','3875742444','Aceptado',NULL,'2024-12-09 23:02:00',1),(142,34974219,'27349742190','GONZALEZ','MIRNA ELIANA ','1990-05-06','METAN','mir.eli.mg@gmail.com','bastian2020','3876450879','Aceptado',NULL,'2024-12-09 23:02:00',1),(143,42240189,'24422401896','QUIÑONERO','AGUSTINA','2000-03-14','EL GALPON','beluara16@gmail.com','14Demarzo','2964524111','Aceptado',NULL,'2024-12-09 23:02:04',1),(144,42813867,'20428138677','DIAZ','GISELLE REGINA DE LOS ÁNGELES ','2000-11-20','METAN','giseeldiiaz2@gmail.com','Giselle2024','3876525498','Aceptado',NULL,'2024-12-09 23:02:04',1),(145,37511989,'27-37511989-2','ARAOZ','ANDREA ELIZABETH ','1993-05-16','METAN','anndielizabeth@gmail.com','pacarito321','3876515024','Aceptado',NULL,'2024-12-09 23:02:06',1),(146,43623846,'27436238466','SORIA ','ANA PAULA ','2001-12-23','METAN','soriasoriasoria3@gmail.com','paula2001','3876473836','Aceptado',NULL,'2024-12-09 23:02:07',1),(147,44911261,'20449112610','GALLO','FACUNDO MAXIMILIANO','2003-06-26','METAN ','facundomaximilianogallo@gmail.com','Zamira1804.','3876584637','Aceptado',NULL,'2024-12-09 23:02:08',1),(148,41422744,'27414227444','PAZ','PRISCILA MICAELA','1999-04-21','SAN JOSE DE METAN','Pazpriscila489@gmail.com','210499Pp','3876408728','Aceptado',NULL,'2024-12-09 23:02:10',1),(149,37721007,'20377210072','MORENO','DANIELA ELIANA','1993-12-16','METAN','morenoeliana93@gmail.com','52541863','3876631668','Aceptado',NULL,'2024-12-09 23:02:12',1),(150,31038610,'27310386109','DÍAZ ','ANALÍA DEL PILAR','1984-07-18','METÁN ','analiadelpilar1984@gmail.com','Cimarcam17*','3876531118','Aceptado',NULL,'2024-12-09 23:02:12',1),(151,44818523,'27448185236','VELIZ','NAIRA MICAELA ','2003-02-05','METAN','nairaveliz.97@gmail.com','NairaVeliz123','3876417967','Aceptado',NULL,'2024-12-09 23:02:12',1),(152,45600380,'27456003805','CEJAS ','CARLA JIMENA ','2003-04-30','EL GALPÓN ','jimenittaahcejas321@gmail.com','jimena300403','3876534072','Aceptado','81289ca61789ddeec966694703fe65dc21b54624','2024-12-10 00:07:40',2),(153,46232786,'20462327863','RAMOS NAVARRO','MATEO MIGUEL','2006-02-26','SAN JOSE DE METAN','mateonavarro667@gmail.com','Mateo0905','3876517053','Aceptado',NULL,'2024-12-09 23:02:15',1),(154,43438443,'27434384430','ROMERO ','NAZARENA DEL VALLE','2001-08-13','METAN','nazarena.romero124@gmail.com','1234hola','3876584499','Aceptado',NULL,'2024-12-09 23:02:17',1),(155,35212505,'23352125059','JAIME','MAXIMILIANO GUSTAVO','1990-06-08','SAN JOSE DE METÁN','maxiimus9076@gmail.com','0914300','3876437412','Aceptado',NULL,'2025-02-11 00:25:43',1),(156,45767477,'20457674776','MIRANDA','SEBASTIAN','2005-09-01','SAN JOSÉ DE METAN','mirandasebastian924@gmail.com','Moon2024','3876454268','Aceptado',NULL,'2024-12-09 23:02:18',1),(157,42519690,'27 425196907','NAVARRETE','MICAELA TANIA','2000-05-04','METAN','navarretetaniamicaela@gmail.com','Lala_475773','3876522086','Aceptado',NULL,'2024-12-09 23:02:19',1),(158,45178368,'27451783683','AVILA','JUANITA ELIZABETH ','2004-03-13','METÁN ','juanitaaavia902@gmail.com','22869071','3876441023','Aceptado',NULL,'2024-12-09 23:02:19',1),(159,43688323,'20-43688323-5','MANSILLA VILLARREAL','JOSE LUIS','2001-09-28','METAN','josecssjluis@gmail.com','ELEONORA24','3876445532','Aceptado',NULL,'2024-12-09 23:02:19',1),(160,44446538,'2744465382','CISNERO','EMILSE ','2002-09-04','METAN ','cisneroemilse7@gmail.com','Emilsecisnero4.','3876527650','Aceptado',NULL,'2024-12-09 23:02:20',1),(161,35928355,'27359283550','AGUDO','CAROLINA ','1991-03-03','SAN JOSÉ DE METAN ','agudoc615@gmail.com','caro23','3876554892','Aceptado',NULL,'2024-12-09 23:02:21',1),(162,45018775,'2047018775','MAIDANA','CRISTIAN GABRIEL ALEJANDRO','2003-08-28','SANJOSE DE METAN','abbymaidana1@gmail.com','Maidana5862','3876663481','Aceptado',NULL,'2025-02-25 10:10:17',1),(163,40792450,'23407924509','ANDREU','ENZO','1997-11-23','METAN','enzoandreu.97@gmail.com','enzo19972025','3876662940','Aceptado',NULL,'2024-12-09 23:02:22',1),(164,44105454,'20441054549','GARCIA','FACUNDO ANTONIO','2002-03-01','SAN JOSÉ DE METAN','facu3875715781@gmail.com','16$ixTeen16','3875715781','Aceptado',NULL,'2025-06-28 21:11:34',1),(165,44493072,'20444930722','SORIA','JOSE','2002-11-12','METAN','josesoriam2@gmail.com','Jota1211','3875737315','Aceptado','855334ea3a3004043b7a9b57c3bd238d3e44b07c','2024-12-10 13:35:26',1),(166,46172738,'27-46172738-2','LEIVA FRIAS','MILAGROS NAHIR','2005-11-28','SAN JOSÉ DE METAN','milagros.leiva999@gmail.com','morena123','3876582537','Aceptado',NULL,'2024-12-09 23:02:26',1),(167,40934350,'27409343509','ESCANDAR','ANAHI ','1998-02-14','METAN','anahi_010@hotmail.com.ar','alfonblas111','3875760683','Aceptado',NULL,'2024-12-09 23:02:28',1),(168,45178400,'20451784006','GARCIA FERREIRA','JONAYHAN DAVID','2004-03-29','SAN JOSE DE METAN','jonathangf1928@gmail.com','joni17','2993257945','Aceptado',NULL,'2024-12-09 23:02:29',1),(169,39398722,'27393987222','SORIA','FLORENCIA AGUSTINA ','1996-03-03','METAN ','florenciasoria721@gmail.com','flor2025','3876587249','Aceptado',NULL,'2024-12-09 23:02:31',1),(170,39215874,'27392158745','SARAVIA','CELESTE MARIANELA','1995-11-27','SAN JOSE DE METAN','celesaravia7@gmail.com','CJ152715','3876629793','Aceptado',NULL,'2024-12-09 23:02:31',1),(171,31248881,'20312488818','FLORIANO','RENSO ANTONIO','1985-05-21','METAN','rensoantoniofloriano@gmail.com','renso2024','3876520393','Aceptado',NULL,'2024-12-09 23:02:32',1),(172,43336991,'27433369918','PAZ','GIOVANA ANTONELA ','2001-07-24','SAN JOSÉ DE METAN','antonelapaz134@gmail.com','200920GaP','3876620791','Aceptado',NULL,'2024-12-09 23:02:32',1),(173,27962850,'20279628501','DE SANTIS','MATIAS GERARDO','1980-04-19','METAN','matiasdesantis08@hotmail.com','mcclean12345','3876139362','Aceptado',NULL,'2024-12-09 23:02:33',1),(174,39003748,'27390037487','SORIA','DEBORA MICAELA ','1995-03-24','METAN','sor23169@gmail.com','ximebastian24','3876639976','Aceptado',NULL,'2024-12-09 23:02:36',1),(175,40327940,'20403279405','MANSILLA','FERNANDO GABRIEL ALEJANDRO','1997-06-08','METAN ','feermansillaa19@gmail.com','Fernando22M','3876549719','Aceptado',NULL,'2024-12-09 23:02:37',1),(176,27426691,'27274266916','VILLANUEVA','MARÍA DEL VALLE','1979-07-27','METAN','maridvvillanueva00@gmail.com','Mari1979','3876402360','Aceptado',NULL,'2024-12-09 23:02:38',1),(177,52892048,'23528920489','VIÑABAL FERNÁNDEZ ','DIEGO JESÚS ','2003-08-17','ROSARIO DE LERMA ','diegovinabal14@gmail.com','Palermo2011','3874504612','Aceptado',NULL,'2024-12-09 23:02:38',1),(178,42303416,'27423034160','GARCIA','FLORENCIA ','2000-02-16','METAN ','flor09azucar@gmail.com','olivia25','3876527415','Aceptado',NULL,'2024-12-09 23:02:39',1),(179,42079206,'23420792069','LEAL ROSALES ','FRANCO LEONEL ','1999-08-29','SALTA ROSARIO DE LA FRONTERA ','francoleal.rosaless@gmail.com','kisawea33','3873122263','Aceptado',NULL,'2024-12-09 23:02:40',1),(180,41445223,'27414452235','MURILLO','SOL MERCEDES','1998-09-25','SAN JOSÉ DE METAN','murillosol17@gmail.com','mercedes2014','3876479611','Aceptado',NULL,'2024-12-09 23:02:40',1),(181,33885231,'20338852313','CABEZAS','OSCAR ALFREDO ','1988-09-20','METAN','oscarkbz@gmail.com','123Cabe*','3875831959','Aceptado',NULL,'2024-12-09 23:02:40',1),(182,45110907,'20451109074','NIEVA','MATIAS','2003-08-21','METAN','nievamatias000@gmail.com','matiasdel12','3876550723','Aceptado','7af9ffb9d52a7eb8a74da4024402258706191654','2025-02-25 23:31:48',1),(183,45766579,'20457665793','CHAYA','MILTON DAVID ','2005-03-05','METAN','chayamiltondavid@gmail.com','Milton24','3876523858','Aceptado',NULL,'2024-12-09 23:02:41',1),(184,42519630,'20425196309','DIAZ','LUIS FERNANDO FLORENTIN','2000-04-11','METAN','luisdiaz15158@gmail.com','42519630','3876839168','Aceptado',NULL,'2024-12-09 23:02:45',1),(185,36719751,'20367197510','TEBEZ','PABLO ANDRES','1992-06-29','METAN','pablotebezsur1@hotmail.com','ariel12345','3876568241','Aceptado',NULL,'2024-12-09 23:02:46',1),(186,39402435,'27394024355','CORREA ','GABRIELA ALEJANDRA ','1996-04-17','METÁN ','alejandracorreaok@gmail.com','Harrypotter230','3876451100','Aceptado',NULL,'2024-12-09 23:02:47',1),(187,42503492,'20425034929','ORTIZ','LUIS MANUEL','1999-11-12','ROSARIO DE LA FRONTERA ','chueconeitor710@gmail.com','42503492l','3876052411','Aceptado',NULL,'2024-12-09 23:02:48',1),(188,48005925,'27480059250','LUNA','LOURDES NAHIR','2007-05-30','ROSARIO DE LA FRONTERA','lourdesluna6232@gmail.com','16ambar55','3872510269','Aceptado',NULL,'2024-12-09 23:02:48',1),(189,38341993,'27383419935','GARCIA','CELESTE FERNANDA','1994-09-06','METAN','celesgarcia1994@gmail.com','041118LUCIO','3876552487','Aceptado',NULL,'2024-12-09 23:02:49',1),(190,35504769,'27355047690','PISTONE','GIMENA SOLEDAD','1990-12-06','ROSARIO DE LA FRONTERA ','gimenapistone.rosario@gmail.com','gimenapistone35','3876565850','Aceptado',NULL,'2024-12-09 23:02:50',1),(191,44911220,'2744911220','CISNERO ','MAIRA AGOSTINA ','2003-07-28','METAN ','cisneroagostina21@gmail.com','agostinacisnero','3879448887','Aceptado',NULL,'2024-12-09 23:02:52',1),(192,41341156,'23413411564','RUPERTO','PAMELA VALERIA','1998-10-13','ROSARIO DE LA FRONTERA','pamela891ss@gmail.com','tjsthysys891','3876479580','Aceptado',NULL,'2024-12-09 23:02:52',1),(193,43686924,'27436869245','PAZ','LUZ MARÍA ','2001-12-23','METAN ','pazluzmaria421@gmail.com','LiamPaz5','3876675100','Aceptado',NULL,'2024-12-09 23:02:53',1),(194,44697500,'27446975000','DUARTE','BRISA TATIANA','2003-01-22','METAN','duartebrisa22@gmail.com','brisa2201','3875715650','Aceptado',NULL,'2024-12-09 23:02:53',1),(195,37723199,'27377231991','SANTA CRUZ ','VERONICA AMALIA R','1993-11-03','ROSARIO DE LA FRONTERA ','santacruzveronica340@gmail.com','Amalia','3876448658','Aceptado',NULL,'2024-12-09 23:02:53',1),(196,34639252,'20-34639252-6','CASTILLO','JORGE GABRIEL','1989-12-15','SAN JOSÉ DE METAN ','cjorgegabriel07@gmail.com','jorge2214cele','3876574427','Aceptado',NULL,'2024-12-09 23:02:55',1),(197,45766609,'27457666093','MAMANI ','ROCIO ALEJANRA ','2005-03-23','METAN ','rociomamani531@gmail.com','orianavalentina','3876436459','Aceptado','d19d939d19cc2b5560882112a793bc5972410575','2025-02-25 01:22:10',1),(198,34974261,'27349742611','CAMPOS','ALBA MARÍA ','1990-05-30','SAN JOSÉ DE METAN','albycampos90@gmail.com','Bam101434','3876634789','Aceptado',NULL,'2024-12-09 23:03:03',1),(199,45364932,'20453649327','BUSTOS','LUCIANO BENJAMIN','2004-10-10','METAN','benjabustos999@gmail.com','benjacasm09','3876403320','Aceptado',NULL,'2024-12-09 23:03:03',1),(200,30919432,'27309194328','CASTILLO LUNA','VICTORIA ESTER','1983-07-13','ROSARIO DE LA FRONTERA','vickalu_13@hotmail.com','Javier12','3876430011','Aceptado',NULL,'2025-02-03 14:20:05',1),(201,42078714,'27420787141','GONZALEZ','MAIRA ABIGAL','1999-08-01','SAN JOSE DE METAN','mairaabigailgonzalez@gmail.com','Samuel0609.','3876695166','Aceptado',NULL,'2024-12-09 23:03:07',1),(202,46172744,'20461727442','TESYRA ESSPNS','RAMRO GABRIEL','2005-12-07','METAN','ramiritoteseyra@gmail.com','rgt46172744','3876447239','Aceptado',NULL,'2024-12-09 23:03:07',1),(203,40934336,'27409343363','LOPEZ','IRIS AGUSTINA','1998-01-15','METAN','al8660492@gmail.com','Martina02','3412556447','Aceptado',NULL,'2024-12-09 23:03:07',1),(204,40874934,'23408749344','ALZOGARAY','CONSTANZA','1998-08-02','METAN','constanzaalzogaray6@gmail.com','420980','3876490746','Aceptado',NULL,'2024-12-09 23:03:07',1),(205,41020912,'27410209123','ROMERO AILAN','MARIA DE LAS HUACHANA','1998-03-28','EL GALPON','mr270924@gmail.com','mariaromero','3876576510','Aceptado',NULL,'2024-12-09 23:03:07',1),(206,45254746,'27-0','ROJAS REYNOSO ','XIOMARA INGRID CRISTAL ','2003-10-03','RÍO DE LAS PIEDRAS ','reynopaoeli345@gmail.com','xiorojas123','3876664319','Aceptado',NULL,'2025-02-05 03:53:15',1),(207,39892040,'20398920407','PADILLA','RAUL ALEJANDRO ','1995-09-20','METAN','gloriasoria96@gmail.com','Zoe2020.','3876552808','Aceptado',NULL,'2024-12-09 23:03:07',1),(208,46789315,'27-46789315-2','MORALES','FATIMA ALEJANDA','2006-06-01','METAN','moralesfatima383@gmail.com','Fatima206','3876551569','Aceptado',NULL,'2024-12-09 23:03:07',1),(209,45364732,'27453647329','LOPEZ','ALDANA MARIEL ','2004-06-12','SAN JOSÉ DE METAN ','francesaldana07@gmail.com','aldana2004','3875710564','Aceptado',NULL,'2025-01-04 22:16:27',1),(210,43438437,'20434384371','AVILA','EZEQUIEL ALEJANDRO','2001-08-05','SAN JOSE DE METAN','eabj04@gmail.com','kei8n5o33bb123','3876580052','Aceptado',NULL,'2024-12-09 23:03:14',1),(211,34431063,'2034431063','CAILLOU','ENRIQ SEBASTIAN','1989-08-19','EL GALPON','chatocaillou1989@gmail.com','1342Salta','3876512161','Aceptado',NULL,'2024-12-09 23:03:15',2),(212,44911286,'20-4491186-6','ARGAÑARAZ OLIVOS','FACUNDO JAVIER GONZALO','2003-03-27','EL GALPON','arganarazfacundojavier@gmail.com','44911286','1123630811','Aceptado',NULL,'2024-12-09 23:03:21',1),(213,39217370,'27392173701','BAZAN CAMPOS ','DENISE MICAELA ','1995-06-03','METAN','Denisemicaela357@outlook.com','Everjaziel','3876574264','Aceptado',NULL,'2024-12-09 23:03:21',1),(214,36452050,'27364520501','PEREYRA','JULIANA','1995-05-04','METAN','juli_pereyra_18@hotmail.com','36452050','3876636464','Aceptado',NULL,'2024-12-09 23:03:21',1),(215,42917031,'20429170312','DUARTE MONTIEL','JOSUE MATIAS','2001-02-02','SAN JOSE DE METAN','josueduarte265@gmail.com','7M7ATgbgUUR4P','3876668610','Aceptado',NULL,'2024-12-09 23:03:22',1),(216,36853871,'27368538715','FERRARI','ANA CAROLINA ','1992-11-05','METAN','caroferrari1992@gmail.com','36853871','3876528666','Aceptado',NULL,'2024-12-09 23:03:27',1),(217,42519651,'20425196511','SANTANA LISANDRO','VICTOR LISANDRO ','2000-04-18','SAN JOSÉ DE METAN. ','lisandrosantana.cabrera@gmail.com','canela18','3876517058','Aceptado',NULL,'2024-12-09 23:03:27',1),(218,45434399,'27454343994','ARANCIBIA ','JULIETA DE LOS ANGELES ','2004-06-09','SAN JOSÉ DE METAN ','julietaarancibia183@gmail.com','july1234','3876582352','Aceptado',NULL,'2024-12-09 23:03:28',1),(219,40965728,'27409657287','PRIETO','STEFANIA MARCELA','1998-03-17','METAN-SALTA','marceprieto47@gmail.com','40965728','3876665608','Aceptado',NULL,'2024-12-09 23:03:28',1),(220,42519693,'27425186931','FARICHELLI','VIRGINIA ELIZABTH','1996-12-10','METAN','virginiafarichelli16@gmail.com','Vida1620','3876554715','Aceptado',NULL,'2024-12-09 23:03:28',1),(221,44911121,'23-44911121-4','CORREA','PATRICIA JESUS CELESTE','2003-04-19','METAN','celesttecorre837@gmail.com','celeste2024','3876579459','Aceptado',NULL,'2024-12-09 23:03:28',1),(222,44493046,'27444930468','JIMENEZ','MARIA DEL ROSARIO','1991-02-22','METAN','mdrj.mariajimenez2017@gmail.com','Cgs.331512','3876323420','Aceptado',NULL,'2024-12-09 23:03:29',1),(223,45113790,'27451137900','HERRERA','SONIA','2004-01-27','METÁN ','soniaherrera375@gmail.com','sonia1245','3876458299','Aceptado',NULL,'2024-12-09 23:03:30',1),(224,45178305,'27451783055','VILLA','MARIA EUGENIA','2004-02-12','META','villaeuge0@gmail.com','45178305Me','3876490494','Aceptado',NULL,'2024-12-09 23:03:30',1),(225,39892036,'27398920363','RODRIGUEZ','NOELIA RAMONA ','1995-06-08','METAN','noeliarodriguez241@yahoo.com','1234','3876584937','Aceptado',NULL,'2024-12-09 23:03:31',1),(226,46802118,'27468021183','ARGAÑARAS MIRANDA','YULIAN','2006-04-23','METAN','yuliarganaras@gmail.com','yuliana67','3876443542','Aceptado',NULL,'2024-12-09 23:03:31',1),(227,31841869,'27318418697','FIGUEROA','NANCY PAOLA DEL VALLE','1985-11-22','METAN','nancy_figuer@hotmail.com','35912548','3876418029','Aceptado',NULL,'2024-12-09 23:03:32',1),(228,44879674,'23448796744','ARGAÑARAZ ','MAGALI VIRGINIA','2002-04-30','METAN ','arganarazvirginia614@gmail.com','virginia7','3876570655','Aceptado',NULL,'2025-02-05 01:49:28',1),(229,37420120,'20374201205','PAZ','DARIO GABRIEL','1993-03-27','SAN JOSE DE METAN','dariopaz14@gmail.com','151812Lm','03876131308','Aceptado',NULL,'2024-12-09 23:03:35',1),(230,46169529,'274','PAZ','EVELIN MILENA','2006-11-08','ROSARIO DE LA FRONTERA','evelinpaz889.com.ar@gmail.com','emmajazmin','3876458429','Aceptado',NULL,'2024-12-09 23:03:35',1),(231,36037308,'27360373083','LÓPEZ DIAZ','YANINA BELEN','1992-02-18','METAN','silvananarvaez320@gmail.com','Teclab12','3875722215','Aceptado',NULL,'2024-12-09 23:03:36',1),(232,46802161,'27-46802161-2','MONTEAGUDO ','ROCIO','2006-08-23','SAN JOSÉ DE METAN ','rociomonteagudo176@gmail.com','rocio23','3876634055','Aceptado',NULL,'2024-12-09 23:03:36',1),(233,33372602,'27333726020','MIRANDA','PAOLA NOELIA','1987-11-20','ROSARIO DE LA FRONTERA ','pao74leo@gmail.com','33372602','3876453042','Aceptado',NULL,'2024-12-09 23:03:37',1),(234,41296144,'20-41296144-8','LEDESMA','MAXIMILIANO ','1998-10-20','METAN','lasssgold@gmail.com','nazi1945','3876675916','Aceptado',NULL,'2024-12-09 23:03:38',1),(235,44271470,'27442714709','GONZALEZ','PAULINA MABEL','2002-07-01','SAN JOSÉ DE METÁN','pg4080616@gmail.com','paulina0107','3876411069','Aceptado',NULL,'2024-12-09 23:03:42',1),(236,37512248,'27375122486','LOBOS','ANA ROCÍO ','1993-08-30','METAN','arlobos93@gmail.com','rochi248','3876444603','Aceptado','75e54f7f7f84f7d584ea5401859eb4aecc03a413','2025-02-11 18:04:29',1),(237,46172729,'2746172729','MEDINA DIAZ','VALENITINA MICAELA','2005-11-30','METAN','valentinamedina08@gmail.com','46172729','3876516765','Aceptado','8e4a6ca866db27d00541a6790e86a94dc4c424f8','2024-12-10 00:04:38',1),(238,45113766,'27-45113766-8','ALMIRON','MARIELA ADRIANA ','2004-01-08','METAN','marielaalmiron2004@gmail.com','marie2004','3876552026','Aceptado',NULL,'2024-12-09 23:03:45',1),(239,43837112,'27-43837112-0','NIETO','SABRINA ALEJANDRA DEL VALLE ','2001-12-06','EL TALA','nietosabrina112@gmail.com','43837112Sabri','3876401763','Aceptado',NULL,'2024-12-09 23:03:48',1),(240,45178324,'20451783247','GALVAN','LUCIANO SANTIAGO ','2004-02-17','METÁN ','galvanluciano98@gmail.com','luciano.123','3876414971','Aceptado',NULL,'2024-12-09 23:03:52',1),(241,45435863,'20454358636','ROMERO ','LISANDRO FAABICIO','2007-04-14','LUMBRRERAS','romerolisandro488@gmail.com','fabry009','3876525723','Aceptado','c9b9dd294723a1e8b99a6ef2c75a9426cb1b6a69','2025-02-28 19:30:11',1),(242,42753805,'20427538053','BRITO','ALAN MARCELO TOMAS ','2000-08-23','SAN JOSÉ DE METAN','brito7alan@gmail.com','mia123','3876413170','Aceptado',NULL,'2024-12-09 23:03:53',1),(243,47904657,'27479046579','GALLO','VALENTINA GUADALUPE ','2007-04-17','SAN JOSE DE METAN','valentinagallo619@gmail.com','valele07','3876450228','Aceptado',NULL,'2024-12-09 23:03:53',1),(244,39003779,'27390037797','ONTIVEROS','VIRGINIA JORGELINA','1994-10-05','METAN','ontiverosvirginia497@gmail.com','39003779','3876446966','Aceptado',NULL,'2025-02-05 00:57:54',1),(245,42753897,'20427538975','MANQUI','RODRIGO DANIEL','2000-10-03','SAN JOSÉ DE METAN','rodrigomanqui19@hotmail.com','R@m42753897','3876450251','Aceptado',NULL,'2025-02-04 21:04:15',1),(246,40517601,'27405176012','CAMPOS','KAREN ROSARIO ','1997-06-15','EL GALÓN','karencamopos1997@gmail.com','Rosario.97','3876551480','Aceptado','be07718dd9e293ca905321a401c6455a00c9e908','2025-02-05 05:39:38',1),(247,41488606,'20414886960','CANO','BRUNO DANIEL','1999-02-12','RIO PIEDRAS','brunocano53@gmail.com','Bruno23','3876661004','Aceptado',NULL,'2024-12-09 23:03:57',1),(248,40354421,'27403544219','LÓPEZ ','NOELIA CRISTINA ','1997-06-05','SAN JOSÉ DE METAN','nooeliacl1997@gmail.com','230316','3876631484','Aceptado',NULL,'2024-12-09 23:04:00',1),(249,43686941,'27436869415','MONTEAGUDO ','CELESTE ALEJANDRA ','2002-01-12','SAN JOSÉ DE METAN ','monteagudocele@gmail.com','43686941','3876450233','Aceptado',NULL,'2024-12-09 23:04:00',1),(250,44271492,'23442714924','VILLANUEVA','CAMILA','2002-07-11','METAN','cv46500@gmail.com','Gael2023','3874568835','Aceptado',NULL,'2024-12-09 23:04:01',1),(251,45364796,'20453647960','BOLIVAR','OCTAVIO LAUREANO','2004-07-15','METAN','octaviobolivar1504@gmail.com','lab2025','3876555592','Aceptado',NULL,'2024-12-09 23:04:01',1),(252,45110910,'20451109104','LUNA','FRANCO EMILIANO','2000-09-14','METAN','francoemilianoluna14@gmail.com','francoluna2024','3876529961','Aceptado',NULL,'2024-12-09 23:04:02',1),(253,38032165,'27380321659','CARDOZO','ROSA MARIA BELEN','1994-12-17','LUMBRERAS','belegyg@gmail.com','122436rmbC','3876579331','Aceptado',NULL,'2024-12-09 23:04:02',1),(254,34252881,'27342528819','GONZALES MERCADO','MARIA NOELIA VANESA','1988-11-26','SALTA','marianoeliavanesa@gmail.com','vaneg','3876413244','Aceptado',NULL,'2024-12-09 23:04:02',1),(255,42488512,'27424885121','ORELLANA GONZALEZ','JENIFER MARCELA ','2000-03-13','METAN','marcelaorellanagonzalez13@gmail.com','canserbero','3876521390','Aceptado',NULL,'2024-12-09 23:04:03',1),(256,37721209,'20377212097','LESCANO LOZANO','ANGEL LAUTARO','1994-04-02','METAN ','lautarolescanolozano@gmail.com','byles020494','3876548872','Aceptado',NULL,'2024-12-09 23:04:03',1),(257,44911230,'27449112305','MATEO CONDORI','AILIN ELIZABETH','2003-08-05','METAN ','mateo.ailine@gmail.com','Swettie1','3876573194','Aceptado',NULL,'2024-12-09 23:04:08',1),(258,39891931,'2339819319','LÓPEZ','FACUNDO SEVERO','1997-01-04','EL GALPÓN ','severofacundolopezz@gmail.com','P@ramore97','3876642154','Aceptado',NULL,'2024-12-09 23:04:10',2),(259,38032122,'27380321225','PALOMINO','CAROLINA MARISOL','1994-06-03','RIO PIEDRAS','carolinamarisolpalomino10@gmail.com','ALANDAMIAN','3876476302','Aceptado',NULL,'2024-12-09 23:04:10',1),(260,43686933,'23436869339','AYLAN','LINO JOEL','2002-01-11','METAN','joelaylan1@gmail.com','010559ak51','3876453944','Aceptado',NULL,'2024-12-09 23:04:10',1),(261,31545736,'20 31545736 0','CABEZAS ','FRANCISCO LUIS ALBERTO','1985-06-07','METAN','cabezas_11@hotmail.com','pachi','3876443018','Aceptado',NULL,'2024-12-09 23:04:14',1),(262,47608100,'23476081009','ARGAÑARAZ ','AGUSTÍN EZEQUIEL ','2007-02-21','METAN (SALTA)','rocymartin20@gmail.com','agustin2007','3876418721','Aceptado',NULL,'2024-12-09 23:04:14',1),(263,40657678,'20-40657678-8','CARDOZO','LAUTARO LEONEL','1997-10-26','SAN JOSE DE METAN','lauca_26@hotmail.com','lauca26','3876556986','Aceptado',NULL,'2024-12-09 23:04:14',1),(264,47608024,'20476080240','RODRIGUEZ ','ALBERTO ESTEBAN','2006-07-31','SAN JOSE DE METAN','albertoestebanrod@gmail.com','12345','3876526313','Aceptado',NULL,'2024-12-09 23:04:15',1),(265,43336953,'20433369530','PRIETO ','LUCAS ISMAEL','2001-06-15','METAN','4618lucas@gmail.com','Lucasprieto123','3876415614','Aceptado',NULL,'2025-02-25 21:17:49',1),(266,37511947,'27375119477','BARBOZA','FLORENCIA JESUS ','1993-04-13','METAN','florbarboza13@gmail.com','florck1311','3876588396','Aceptado',NULL,'2024-12-09 23:04:18',1),(267,30175847,'27301758478','PALMA','LORENA NOEMI','1983-06-23','METAN','lorepalma.2024@gmail.com','tisiano08','3876526064','Aceptado',NULL,'2024-12-09 23:04:19',1),(268,44911203,'27449112038','CORONEL ','ELIANA','2003-07-01','METÁN ','coroneleliana463@gmail.com','44911203','3876311847','Aceptado',NULL,'2024-12-09 23:04:19',1),(269,45363571,'27453635711','GALARSE ','BELKYS CELESTE ','2005-06-30','SAN JOSÉ DE METAN ','galarsecelestebelkys@gmail.com','M260923B','3876582421','Aceptado',NULL,'2024-12-09 23:04:20',1),(270,37512052,'20375120527','PIQUARD','FEDERICO EMANUEL','1993-06-13','METAN','fedepiquard@hotmail.com','junior2011','3876435627','Aceptado',NULL,'2024-12-09 23:04:20',1),(271,45435823,'20454358237','PERALTA ','ALEXANDER MARCELO ','2006-08-03','RIO PIEDRA ','ampagppety@gmail.com','ampagp','3876457650','Aceptado',NULL,'2024-12-09 23:04:20',1),(272,42608434,'20426084342','PAZ','LUCIANO MARXOS','2000-07-30','EL GALPÓN','lutyanop5@gmail.com','luman123','3876568680','Aceptado',NULL,'2025-02-05 02:15:32',1),(273,41422658,'20414226583','CARRIZO','EMILIANO NICOLÁS ','1999-02-26','METAN ','carrizoemiliano10@gmail.com','12345','3876520261','Aceptado',NULL,'2024-12-09 23:04:24',1),(274,45768972,'2045768972','SALAS VILLAFAÑE','LAUTARO LIONEL','2005-10-28','METAN','liosalas863@gmail.cm','45768972','3876519919','Aceptado',NULL,'2024-12-09 23:04:25',1),(275,45599964,'27455999648','JIMENEZ','ANALÍA DEL MILAGRO ','2004-06-29','EL QUEBRACHAL ','analiajimenez603@gmail.com','thiagonaim24','3877472659','Aceptado',NULL,'2024-12-09 23:04:25',1),(276,42080069,'27420800695','BURGOS','CANDELA PATRICIA','1999-11-30','SAN JOSE DE METAN','candelaburgos80@gmail.com','928374Ca','3876438561','Aceptado',NULL,'2024-12-09 23:04:25',1),(277,44326641,'20443266411','VALE','JORGE GABRIEL','2002-07-19','SAN JOSE DE METAN ','Jorgegabrielvale19@gmail.com','Marti641','3876445347','Aceptado',NULL,'2024-12-09 23:04:30',1),(278,41372223,'20413722234','SALAZAR','MAURICIO ISMAEL','1999-01-04','METAN','mauricioismaels24@gmail.com','ismaelsalazar12','3876449804','Aceptado',NULL,'2024-12-09 23:04:30',1),(279,40630032,'20406300324','PISACIC','VICTOR OSCAR','1976-09-03','METAN','pisacicvictor7@gmail.com','Victor22','3876642978','Aceptado',NULL,'2024-12-09 23:04:31',1),(280,40354415,'23403544159','DIAZ','JORGE ALEJANDRO ','1997-06-07','METAN','joorgeediiaaz@gmail.com','199797','3876629808','Aceptado',NULL,'2024-12-09 23:04:33',1),(281,42813878,'27428138789','SALAS','MARIA CONSTANZA ','2000-11-17','SAN JOSE DE METAN','conty248@gmail.com','Constanza1711','3876402152','Aceptado','dba5c2b08b064ae6f90edf3e2f66e9f55b0d8e32','2025-02-07 01:08:49',1),(282,43012026,'20430120264','PAREDES ','MATÍAS ARIEL','2000-10-07','SAN JOSÉ DE MATAN ','matiasariel7100@gmail.com','M260923B','3876447696','Aceptado',NULL,'2024-12-09 23:04:35',1),(283,47763045,'27477630451','VENTURA','HELENA','2007-02-28','SAN JOSE DE METAN','helenaventura196610@gmail.com','477H045v-','3876415950','Aceptado',NULL,'2024-12-09 23:04:36',1),(284,42519642,'20425196422','FRIAS','MARTIN EXEQUIEL ','2000-03-28','METAN','friasexe28@gmail.com','42519642','3876442757','Aceptado',NULL,'2024-12-09 23:04:36',1),(285,45178377,'20451783778','FERREYRA','FRANCISCO LAUTARO','2004-02-14','SAN JOSE DE METAN','sofiacandela120502@gmail.com','fran2024','3876549520','Aceptado',NULL,'2024-12-09 23:04:38',1),(286,47904646,'27-47904646-3','DÍAZ TORRES','VIRGINIA MAGDALENA ','2007-04-06','LUMBRERAS ','virginiamagdalena39@gmail.com','virgi2007','3876128607','Aceptado',NULL,'2024-12-09 23:04:39',1),(287,46789258,'20467892585','FERNADEZ','SASANTIGO LEONRDO','2006-04-17','METAN','mabel80_luli@hotmail.com','Slf1704','3876583812','Aceptado',NULL,'2024-12-09 23:04:41',1),(288,45113707,'20451137078','LOPEZ REDAELLI','LUCIANO AGUSTÍN ','2003-12-04','SAN JOSE DE METAN','agustinlopezzz478@gmail.com','Agustin4101','3876356941','Aceptado',NULL,'2025-01-04 22:01:02',1),(289,36853787,'27368537875','BORJA','GABRIELA NATIVIDAD','1992-08-17','SAN JOSE DE METAN','gabynatividadborja@gmail.com','ramona1950','3876444793','Aceptado',NULL,'2024-12-09 23:04:42',1),(290,41488636,'27414886367','CARDOZO','JUANA MICAELA','1999-02-04','LUMBRERAS ','juanamicaelacardozo01@gmail.com','Jere.Mica','3875386819','Aceptado',NULL,'2024-12-09 23:04:45',1),(291,42080066,'27420800660','GUTIERREZ','ROCIO GUADALUPE ','1999-11-24','SAN JOSÉ DE METAN','gutierrezrocioguadalupe1999@gmail.com','liam030821','3876561507','Aceptado',NULL,'2024-12-09 23:04:46',1),(292,37302370,'20373023702','FRIAS','LAZARO MATIAS','1993-03-09','METAN','lazaromatiasfrias@gmail.com','1342','3876365237','Aceptado',NULL,'2024-12-09 23:04:46',1),(293,94966534,'20949665349','SOSA ALCARAZ','OSVALDO DAMIAN','2006-06-10','METAN','damalcrzpy@gmail.com','DAM@LCR3PY','3876408242','Aceptado',NULL,'2024-12-09 23:04:48',1),(294,44326606,'2044326606 3','GORRITI','LUCAS JETEMIAD','2002-04-07','METAN','lucasjeremiasgorrti@gmail.com','pompona1292','3876476989','Aceptado',NULL,'2024-12-09 23:04:48',1),(295,45767475,'27-45767475-4','SANTOS ','KAIRA SAGOSTINA ','2005-09-12','SAN JOSE DE METAN ','santoskaira97@gmail.com','45767475','3876440372','Aceptado',NULL,'2024-12-11 19:47:18',2),(296,42078750,'20420787503','HERNAN ISMAEL','OVEJERO','1998-09-01','METAN','ovejerohernan80@gmail.com','1998','3876636783','Aceptado',NULL,'2024-12-09 23:04:54',1),(297,39363164,'20393631644','TOCONAS ZARATE','DAVID MARCOS ANTONIO','1996-05-31','LUMBRERAS','toconasmarcos@gmail.com','marcos3105','3876404727','Aceptado',NULL,'2024-12-09 23:04:54',1),(298,41372296,'23-41372296-9','LOPEZ','JUAN MANUEL ','1999-02-20','METAN VIEJO ','jml.lopez9991@gmail.com','jml159159','3876588079','Aceptado',NULL,'2024-12-09 23:04:55',1),(299,37512488,'27375124888','CORVALAN ','LORENA GISSELLE','1993-04-28','ROSARIO DE LA FRONTERA','corvalanlorena608@gmail.com','lorenacorvalan1993','3876660668','Aceptado',NULL,'2024-12-09 23:04:58',1),(300,41296087,'23-41296087-4','MARTIARENA','CINTHIA','1998-08-31','METAN','cinmartiarena31@gmail.com','8991','3876442430','Aceptado',NULL,'2024-12-09 23:04:58',1),(301,45364950,'27453649504','GORRITI','VICTORIA MAGDALENA ','2004-09-19','SAN JOSE DE METAN ','victoriagorriti590@gmail.com','Viki1909','3876567745','Aceptado',NULL,'2024-12-09 23:04:59',1),(302,45768931,'20457689315','LORO','LAUREANO FABIAN ','2005-10-04','METAN ','laureanoloro58@gmail.com','sonia1234','3876667908','Aceptado',NULL,'2024-12-09 23:04:59',1),(303,43169153,'27431691537','MONTEROS','JOHANA','2001-03-23','METAN','johanamonteros23@gmail.com','Johana_23','3876584900','Aceptado',NULL,'2024-12-09 23:05:01',1),(304,45766428,'27457664287','HUMACATA','MAXIMO ISAIAS','2004-11-18','METAN','maximohumacata117@gmail.com','sanjosedemetan','3876557502','Aceptado',NULL,'2024-12-09 23:05:02',1),(305,44501348,'27445013485','BAZAN ','AZUL','2002-12-09','METÁN','azulbzn@gmail.com','emilia0912','3876620790','Aceptado',NULL,'2025-02-28 04:20:23',1),(306,46172760,'27461727609','NARANJO','BREENDA','2005-12-12','SAN JOSE DE METAN','brendanaranjo192@gmail.com','brenda18','3876566518','Aceptado',NULL,'2024-12-09 23:05:03',1),(307,46169507,'27-46169507','GONZALEZ','MERCEDES DEL MLAGRO','2005-09-24','LA ALMONA','Gonzalezmilagro957@gmail.com','46169507','3876580696','Aceptado',NULL,'2024-12-09 23:05:03',1),(308,42080003,'27420800032','NARANJO ','MAIRA ','1999-10-04','METAN','naranjoleonela19@gmail.com','maira22','3876536902','Aceptado',NULL,'2024-12-09 23:05:04',1),(309,39892004,'20398920040','CONDORI','JONATAN','1954-08-26','METAN','yonicondori100@gmail.com','39892004','3876617195','Aceptado',NULL,'2024-12-09 23:05:05',1),(310,41296018,'20412960182','FRIAS','JESUS BENITO','1998-07-11','SAN JOSE DE METAN','jesusbenitofrias@gmail.com','Chuso15417337','3876629260','Aceptado',NULL,'2024-12-09 23:05:09',1),(311,46789210,'20467892100','GARCIA DIAZ','JESUS HECTOR LEONEL','2006-04-09','SAN JOSE DE METAN','rolog510@gmail.com','jesusgarcia210','3876442861','Aceptado',NULL,'2024-12-09 23:05:10',1),(312,37512181,'20375121817','GEREZ CORBALAN ','SERGIO ALEJANDRO ','1993-07-17','METAN ','alejo.gerez@gmail.com','Roman1010','3876432172','Aceptado',NULL,'2025-02-25 00:03:34',1),(313,42132969,'27421329694','RIVAS','GILDA JORGELINA','1999-10-03','SAN JOSE DE METN','rivasgilda33@gmail.com','928374Gi','3876575700','Aceptado','c872f74f35b05af41d7c07d8bdb47470747edbe7','2025-02-20 01:42:55',1),(314,45178303,'204517803035','SESANO','MARCO','2004-01-22','SAN JOSE DE METAN','marcosesano2004@gmail.com','marquitos','3876499461','Aceptado',NULL,'2024-12-09 23:05:21',1),(315,40741498,'27407414980','RIOS','YANINA','1995-05-10','METAN','yaninarios620@gmail.com','Renata25','3876415298','Aceptado',NULL,'2024-12-09 23:05:21',1),(316,41372175,'27413721755','CORREA','MARIA ROSARIO','1998-12-09','METAN','rosiicorreaok1998@gmail.com','pizzaconqueso','3876558032','Aceptado',NULL,'2024-12-09 23:05:21',1),(317,46789246,'27467892466','PALMA','NAIR LUCIANA ','2006-04-03','SAN JOSE DE METÁN ','luupalma68@gmail.com','lp2434','3876522434','Aceptado',NULL,'2024-12-09 23:05:21',1),(318,45178303,'204517803035','SESANO','MARCO','2004-01-22','SAN JOSE DE METAN','marcosesano2004@gmail.com','marquitos','3876499461','Aceptado',NULL,'2024-12-09 23:05:21',1),(319,42080019,'27420800199','JAIME','CANDELA ALICIA MARIBEL','1999-11-04','SAN JOSÉ DE METÁN ','jaimecandela84@gmail.com','434554abc','3876529726','Aceptado',NULL,'2024-12-09 23:05:23',1),(320,43797772,'27437977726','QUIROGA','MARIA SOL','2000-08-03','METAN','Sol.quir97@gmail.com','sol1234','3876520454','Aceptado',NULL,'2024-12-09 23:05:24',1),(321,44105491,'27441054918','LUNA','MILAGROS CAMILA SOLEDAD','2002-04-16','METAN','milagrosluna1819@gmail.com','milagros22','3876624782','Aceptado',NULL,'2024-12-09 23:05:26',1),(322,44567339,'20445673391','PITTA ','FERNANDO ROBERTO CARLOS ','2004-08-06','SAN JOSÉ DE METAN SALTA ','pittaroberto24@gmail.com','roberto44567339','3876525807','Aceptado',NULL,'2024-12-09 23:05:34',1),(323,44446597,'27444465978','VILLAGRA','MELISA ANGELES','2002-09-27','SAN JOSE DE METAN','melisavillagra59@gmail.com','Olivia08','3876559717','Aceptado',NULL,'2024-12-09 23:05:35',1),(324,45112155,'20451121554','ARANCIBIA ','MARCELO JONAS ','2003-10-21','SAN JOSÉ DE METAN','marceloja.0201@gmail.com','olecram987654321','3876439406','Aceptado',NULL,'2024-12-09 23:05:37',1),(325,45112121,'23451121219','ROJAS','LAUTARO NICOLAS','2003-10-06','METAN','lauty444_@hotmail.com','Lautaro34','03876527966','Aceptado',NULL,'2024-12-09 23:05:38',1),(326,47608095,'23-47608095-9','ROJA','DAVID IMANOL','2006-10-04','SAN JOSÉ DE METAN ','DAVIDIMANOLROJA@GMAIL.COM','47608095','3876518883','Aceptado','a40b4bb02c1ba837497c6f6bce41ea59b73dd2c5','2025-02-25 12:34:28',1),(327,44911294,'27449112941','GONZÁLEZ ','CARLA ','2003-09-04','METAN ','c4rl4gonzalez17@gmail.com','44911294cg','3876632092','Aceptado',NULL,'2024-12-09 23:05:39',1),(328,21314701,'27213147019','VISGARRA','GLORIA PATRICIA','1970-03-19','METÁN','gloriapatriciavisgarra@gmail.com','IES25gpv79;','3876519212','Aceptado',NULL,'2024-12-09 23:05:49',1),(329,47856317,'20478563176','VILLALBA','JOSE ARMANDO','2007-03-20','TACO POZO','villalbajosearmando66@gmail.com','Jose2024','3876415464','Aceptado',NULL,'2024-12-09 23:05:51',1),(330,44176106,'20441761067','GUTIERREZ','MARCELO TOBIAS','2002-07-04','EL GALPON','TOBIASMARCELOGUTIERREZ@GMAIL.COM','TOBIAS442002','3876570151','Aceptado',NULL,'2024-12-09 23:05:54',1),(331,42519523,'27425195234','BRISA NAHIR','FERNANDEZ','2000-05-01','LUIS BURELA','brisa3876474566@gmail.com','1234dilan','3872195393','Aceptado',NULL,'2025-01-26 12:11:36',1),(332,45364904,'2045364904','ALGAÑARAZ','ROGELI GABRIEL','2004-09-11','METÁN ','gabrielgarciaaaa0017@gmail.com','rogelio_156','3876377590','Aceptado',NULL,'2024-12-09 23:05:59',1),(333,46232770,'20462327707','STIBEL','LUCIANO','2005-11-12','SAN  JOSE DE METAN','stibelluciano@gmail.com','helena21','3876569909','Aceptado',NULL,'2024-12-09 23:05:59',1),(334,44105449,'27441054497','BISGARRA ','LOURDES MARÍA JOSÉ ','2000-06-02','SALTA ','bisgarramajo4@gmail.com','Vale2020','3876667267','Aceptado',NULL,'2024-12-09 23:06:01',1),(335,44105448,'27441054489','FARFAN PRIETO','DAISI DEL MILAGRO','2002-03-26','METAN','daisiprieto15@gmail.com','Padel2603','3876441498','Aceptado',NULL,'2024-12-09 23:06:03',1),(336,35479037,'20354790379','RIOS','JOSE LUIS','1983-11-14','METAN','jr5832685@gmail.com','joseluis2024','3876415841','Aceptado',NULL,'2024-12-09 23:06:04',1),(337,45766622,'20-45766622-6','PISACIC ','AARON DAVID ','2005-03-16','SAN JOSE DE METAN SALTA','pisacicaaron030@gmail.com','Palmer1212','543876438884','Aceptado',NULL,'2024-12-09 23:06:04',1),(338,46790418,'20-46790418-4','PAZ LEGUINA','JOSÉ FEDERICO','2006-04-30','EL QUEBRACHAL','pazjofederico.6.3@gmail.com','46790418','3877549350','Aceptado',NULL,'2024-12-09 23:06:05',1),(339,41181693,'27411816937','NINA','MELANIE LISETH','1998-07-08','METÁN','melanienina98@gmail.com','cielo610','3876563486','Aceptado',NULL,'2024-12-09 23:06:09',1),(340,40517506,'27405175067','FUNES ','JESICA DANIELA ','1997-06-21','METAN ','jesicaf415@gmail.com','Lauti129-','3876527534','Aceptado','00b67ed0ff9e90a3fa33f194a389f6d060f16209','2025-02-03 21:31:15',1),(341,39402445,'20394024458','GARCIA','NELSON ARIEL','1993-12-21','METAN','nelsonyleandro@gmail.com','932112','3875376121','Aceptado',NULL,'2024-12-09 23:06:15',1),(342,38653027,'27386530276','ALMEDA','RAFAELA FERNANDA','1995-01-06','METAN','almedafernanda.95@gmail.com','jonit102013','0387155144984','Aceptado',NULL,'2024-12-09 23:06:16',1),(343,44176104,'20441761040','PAZ','LUCAS JAVIER','2002-06-10','METAN','lucaspaz080@gmail.com','lucas123paz','3876406613','Aceptado',NULL,'2024-12-09 23:06:17',1),(344,41488693,'27414886936','JURADO','BRENDA DAIANA','2001-02-07','LUMBRERAS','daianajurado.18@gmail.com','BDJ41488693.','3876556006','Aceptado',NULL,'2024-12-09 23:06:18',1),(345,28738959,'27287389596','MARTINEZ ','VERÓNICA ZULEMA ','1981-11-08','LUMBRERAS ','veronicazulema481@gmail.com','Angeles1992','3876382211','Aceptado',NULL,'2024-12-09 23:06:21',1),(346,30175798,'27301757986','MORENO','MARCELA NELIDA ','1983-06-01','METAN ','nelidamoreno301@gmail.com','moreno3210','3876444165','Aceptado',NULL,'2024-12-09 23:06:25',1),(347,45766658,'2745766658','VILLANUEVA ','LOURDES SABRINA ','2005-04-08','METAN','lourdesvilla120@gmail.com','1234luli','3876581939','Aceptado',NULL,'2024-12-09 23:06:26',1),(348,42753851,'27427538511','AGUILERA ','MAIA FLORENCIA ','2000-08-24','METAN ','maiaaguilera158@gmail.com','flor1234','3876401284','Aceptado',NULL,'2024-12-09 23:06:27',1),(349,34278868,'20342788689','VILLARREAL ','MARCELO FRANCISCO ','1989-03-23','METAN ','nvillarreal000@gmail.com','Franchapu','3876403796','Aceptado',NULL,'2024-12-09 23:06:28',1),(350,37721187,'20377211872','GONZALEZ','JOSÉ GABRIEL','1994-03-22','SAN JOSÉ DE METAN','jose94.gg@gmail.com','Gabyjg2294','3876453540','Aceptado',NULL,'2024-12-09 23:06:28',1),(351,45435843,'27454358436','ARTAZA','VALENTINA','2006-12-06','LUMBRERAS','valentinaartaza6@gmail.com','Copito2050.','3876526378','Aceptado',NULL,'2024-12-09 23:06:30',1),(352,43438451,'20434384517','MALDONADO','GONZALO ','2001-08-06','SAN JOSÉ DE METAN','gnmaldo06@gmail.com','maldo06','3876638203','Aceptado',NULL,'2024-12-09 23:06:31',1),(353,45768904,'20457689048','CASAS RIVADENEIRA ','CLAUDIO EMANUEL ','2005-09-21','PASO DEL DURAZNO ','claudio431casas@gmail.com','yiya02','3876639672','Aceptado',NULL,'2024-12-09 23:06:31',1),(354,48006945,'27480069450','DIAZ','BRENDA ESTAFANIA','2007-05-22','SAN JOSÉ DE METÁN ','brendaestefaniadiaz55@gmail.com','Brenda2007','3876501738','Aceptado',NULL,'2024-12-09 23:06:33',1),(355,25637491,'27256374914','RUIZ','VIVIANA','1976-10-31','SAN JOSÉ DE METAN','maesvivi@hotmail.com','2731soley','3873690204','Aceptado',NULL,'2024-12-09 23:06:39',1),(356,26597653,'27265976536','FERNANDEZ','ALEJANDRA','1978-06-03','SAN JOSÉ DE METAN ','alejandrafernandez@gmail.com','CFHRPM9A7C','3876453045','Aceptado',NULL,'2024-12-09 23:06:47',1),(357,23654515,'27236545151','ESCUDERO ','MARCELA KARINA ','1973-10-09','SAN JOSÉ DE METÁN ','marce.k@live.com.ar','davalos278','3876440741','Aceptado',NULL,'2024-12-09 23:06:50',1),(358,45113702,'27451137021','PEREZ','JADESOFIA','2003-11-18','METAN','jp0766530@gmail.com','jade123','3876521635','Aceptado',NULL,'2024-12-09 23:06:51',1),(359,44015111,'27440151111','BRITO ROJAS','ANDREA LOANA GISEL','2002-02-08','SAN JOSE DE METAN','giselbritorojas22@gmail.com','Andrealoana12345','3876434217','Aceptado',NULL,'2024-12-09 23:06:59',1),(360,45435860,'27454358606','TORRES FRANSES','MIRANDA DELFINA','2007-03-15','RÍO PIEDRAS','torresdelfina792@gmail.com','123456mdtF','3876343684','Aceptado',NULL,'2024-12-09 23:06:59',1),(361,45179768,'2745179768','CALIUOLO ','AGOSTINA','2004-04-07','METÁN SALTA','ruizagostina30@gmail.com','ruizagostina50','3876446747','Aceptado',NULL,'2024-12-09 23:07:01',1),(362,41940104,'27419401043','OGA','MARIA CANDELA','1999-07-01','METAN','candelaria19993015@gmail.com','vale123','3876404411','Aceptado',NULL,'2024-12-09 23:07:01',1),(363,47541012,'27475410128','SORIA PEDRAZA','MARIA DEL ROSARIO','2006-10-12','SAN JOSE DE METAN','soriapedrazamariadelrosario@gmail.com','zeus2025','3876562418','Aceptado',NULL,'2024-12-09 23:07:16',1),(364,45437591,'27454375918','ARANDA','BRENDA ','2004-09-08','METAN','brendaaranda0001@gmail.com','Brendaaranda4.','3876432788','Aceptado',NULL,'2024-12-09 23:07:18',1),(365,45766432,'27457664325','WIENA','PAOLA MICAELA ','2004-11-10','METAN','wiernamicaela@gmail.com','43550002','3876519335','Aceptado',NULL,'2024-12-09 23:07:18',1),(366,45112170,'20-45112170-8','MAIDANA','DANIEL','2003-10-07','SAN JOSE DE METAN','danielmaidana504@gmail.com','nelsondaniel03','3876569720','Aceptado','92ec37783ab511f4e7beb941a3104230ab40e2d9','2024-12-10 00:15:39',1),(367,35912909,'20359129093','SANCHEZ','GIILLERMO ESTEBAN','1991-09-02','SAN JOSE DE METAN','nahirsanchez302@gmail.com','esteban909','3876444597','Aceptado',NULL,'2025-01-02 15:43:06',1),(368,37189888,'27371898889','WIERNA ','VERONICA FLORENCIA','1993-04-18','EL GALPON','florwierna1993@gmail.com','flor1993','3873120021','Aceptado',NULL,'2024-12-09 23:07:22',2),(369,44326634,'20443266349','FARICHELLI ','RAUL EMILIANO ','2002-07-04','SAN JOSE DE METAN','farichelliraul@gmail.com','15442440Re','3876474336','Aceptado',NULL,'2024-12-09 23:07:26',1),(370,44911241,'27-44911241-0','USANDIVARAS ','AGUSTINA DEL ROSARIO','2003-08-13','METAN ','aguususa444@gmail.com','Heladeria1234','3876631573','Aceptado',NULL,'2024-12-09 23:07:27',1),(371,40327852,'20403278522','QUINTANA','SAMUEL MARCELO','1997-03-14','SAN JOSE DE METAN','smq2710@gmail.com','40327852','3876414830','Aceptado',NULL,'2024-12-09 23:07:28',1),(372,39363200,'20-39363200-4','FLORIANO','SANTO GIANFRANCO ','1997-12-29','LUMBRERAS','santofloriano3@gamil.com','SGF291297','3876438694','Aceptado',NULL,'2024-12-09 23:07:29',1),(373,44493116,'20444931168','GARCIA','ALEXIS NAHUEL','2002-11-21','SAN JOSÉ DE METÁN ','garcianahuel098@gmail.com','Luciana33','3876435771','Aceptado',NULL,'2024-12-09 23:07:30',1),(374,39363197,'27393631975','CENARDO','LORENA SOFIA','1997-12-11','LUMBRERAS','cenardoloree224@gmail.com','59712140','3876418678','Aceptado',NULL,'2024-12-09 23:07:33',1),(375,45363556,'27453635568','CORVALAN','ROCIO BIANCA MARISEL','2005-04-16','EL GALPON','corvalanrociobiancamarisel@gmail.com','rocio1616','3876618290','Aceptado',NULL,'2024-12-09 23:07:33',1),(376,43438461,'20434384614','GONGORA','SILVIO ALEJANDRO ISMAEL','2001-08-23','METAN SALTA ','alejandogongora123@gmail.com','silvio23','3876636046','Aceptado',NULL,'2024-12-09 23:07:34',1),(377,37511925,'20375119251','JUAREZ','EMANUEL SANTIAGO','1993-04-09','METAN','santiinox@gmail.com','02Felipe','3876560081','Aceptado',NULL,'2024-12-09 23:07:34',1),(378,43336995,'27433369950','FERNANDEZ','NILDA','2001-07-24','METAN','fernandeznilda32@gmail.com','Fernandez3876','3876560433','Aceptado',NULL,'2024-12-09 23:07:35',1),(379,45362539,'27-45362539-2','LIENDRO','MICAELA ADRIANA ','2005-01-04','EL GALPON','liendromicaela634@gmail.com','micaela2005','3876446691','Aceptado',NULL,'2024-12-09 23:07:35',1),(380,39398556,'27393985564','LESCANO','MARIA ALEJANDRA ','1996-07-18','EL GALPÓN ','marashopisi@gmail.com','Marayisa1234','3876572776','Aceptado',NULL,'2024-12-09 23:07:36',1),(381,45364772,'27453647728','ARES','LOURDES LUZ MARILIN','2004-07-04','SAN JOSE DE METAN','aresluuz@gmail.com','lourdes2024','3876409352','Aceptado',NULL,'2024-12-09 23:07:37',1),(382,42256750,'27422567505','ESCOBAR','MARÍA MARÍA ','1999-11-16','METÁN ','marimariescobar21@gmail.com','42256750mar','3876631025','Aceptado',NULL,'2024-12-09 23:07:40',1),(383,44105421,'20-44105421-2','TORREZ','MARTIN','2002-03-14','METAN','ezequielm20torrez@gmail.com','cmv2002','3876527696','Aceptado',NULL,'2024-12-09 23:07:41',1),(384,46232723,'20-46232723-5','VILLARREAL UGARTE','LUCIANA AGOSTINA','2006-02-08','SAN JOSE DE METAN','villarrealluciana16@gmail.com','luciana08','3876578375','Aceptado',NULL,'2024-12-09 23:07:42',1),(385,39892033,'27398920339','MAZA','DANIELAEVANGELINA','1996-10-27','SAN JOSÉ DE METAN ','mazaevangelina35@gmail.com','valentina','3876636259','Aceptado',NULL,'2025-01-29 16:37:03',1),(386,37721018,'27377210188','CRUZ','VALERIA DEL CARMEN ','1993-12-24','METÁN ','valeria261915@gmail.com','301006','3876438581','Aceptado',NULL,'2024-12-22 23:54:27',1),(387,48776983,'20-0','PAZ JIMENEZ','MARTINA DE LOS ANGELES','2006-12-14','METÁN','martinapazjim90@gmail.com','48776983','3876552865','Aceptado',NULL,'2024-12-09 23:07:52',1),(388,40657617,'20406576170','CARABAJAL','MARISOL','1990-08-17','METAN ','marisolsilvanacarabajal30@gmail.com','1406','3876621232','Aceptado',NULL,'2024-12-09 23:07:54',2),(389,41422685,'27414226855','SOSA PERALTA ','EMILSE MAGALI ','1999-04-06','SAN JOSE DE METAN ','peraltamagali958@gmail.com','magaliyevelin','3876552179','Aceptado','1869e3ac0e96e713ff45d89becdcf54eee136535','2024-12-26 23:36:07',1),(390,38340235,'2738340235','CARO','ANTONELA DEL MILAGROS','1994-09-07','METAN','caroantonela60@gmail.com','Milagros235','3876562736','Aceptado','8585d7c65e7e9165c93cb73424ed11a84c0a8d57','2025-02-07 13:43:21',1),(391,40934342,'20409343423','SANTOS','ALEJANDRO AGUSTIN','1998-01-14','SAN JOSE DE METAN','alejandroagustinsantos25@gmail.com','racingclub','3876663712','Aceptado',NULL,'2024-12-09 23:08:04',1),(392,33885249,'20338852496','ARGAÑARAZ','TOMAS RICARDO','1988-09-27','METAN ','arganaraztomas4@gmail.com','ricardo','3876569245','Aceptado',NULL,'2024-12-09 23:08:06',1),(393,41181675,'27411816759','ROMANO','BARBARA GABRIELA','1998-06-12','METAN ','barbiavila909@gmail.com','batata33','3876623826','Aceptado',NULL,'2025-02-24 23:46:19',1),(394,45178335,'20451783352','VILLAGRA','IAN','2004-02-24','METAN','ianvillagra42@gmail.com','IAN2004IES','3876508365','Aceptado',NULL,'2024-12-09 23:08:09',1),(395,45768943,'27457689433','MENDOZA','YANELA','2005-09-28','SAN JOSÉ DE METÁN ','mendozayanela88@gmail.com','yane2005','3876632669','Aceptado','4f0f7efa2217e3be00db85daff3f8d39795ae66f','2025-02-24 13:50:35',1),(396,47904604,'20479046043','FRÍAS ','LUCIANO JEREMÍAS ','2007-02-03','SAN JOSÉ DE METÁN ','Lucianojeremiasfrias@gmail.com','jere.10.f','3876438024','Aceptado',NULL,'2025-02-25 05:06:59',1),(397,46789268,'20467892682','RODRIGUEZ','JOSE HERNAN','2006-04-30','METAN','rodriguez_veronica91@yahoo.com','TOTO2025','3876450187','Aceptado',NULL,'2024-12-09 23:08:11',1),(398,48122831,'20481228310','RUIZ','ALEJO','2007-06-05','METAN','ar2359665@gmail.com','48122831','3876444923','Aceptado',NULL,'2024-12-09 23:08:15',1),(399,44493094,'27444930948','RASETTO FRIAZ','LOURDES ANGELES','2002-11-29','METAN','lourdesrasetto@gmail.com','lourdes4445','3872155464','Aceptado',NULL,'2024-12-09 23:08:15',1),(400,42240183,'27422401836','DIAZ','ANA ELIZABETH ','2000-02-25','EL GALPÓN ','diazanaelizabeth68@gmail.com','anaeli0225','3876515235','Aceptado',NULL,'2024-12-09 23:08:27',1),(401,38340327,'27383403273','FERNÁNDEZ CHAYA','GIMENA ELIZABETH ','1994-10-09','METAN','fernandezgimena596@gmail.com','Gimefernandez1','3876490566','Aceptado','85719847abc40f4b20d627046fa08693c0d611c9','2025-02-11 19:31:19',1),(402,39398594,'20393985942','MAMANI','DAVID LUCIANO ','1996-10-17','EL GALPÓN ','davidlucianomamani502@gmail.com','huevos01','3876665756','Aceptado',NULL,'2024-12-09 23:08:28',1),(403,48006905,'20-48006905-7','CASTRO','EMILIO EMANUEL','2007-05-14','SAN JOSE DE METÁN','emilioemanuelcastro@gmail.com','RiverPlate','3876576448','Aceptado',NULL,'2024-12-09 23:08:37',1),(404,43686896,'27436868966','MOYANO','LOURDES MAGALI','2001-12-28','METAN','moyanolula7@gmail.com','14338531nora','3876557125','Aceptado',NULL,'2024-12-09 23:08:38',1),(405,41488624,'27 41488624 3','LEIVA','SOLEDAD MARIA DE LOS ANEGELES ','1999-05-19','RIO PIEDRAS ','leivasoledadmaria41488@gmail.com','29selim','3876622017','Aceptado',NULL,'2024-12-09 23:08:47',1),(406,42553333,'23425533339','SORIA','FRANCO SAMUEL ','1996-02-26','METÁN ','sfrancosamuel14@gmail.com','57506127Dc','3876516530','Aceptado',NULL,'2024-12-09 23:08:47',1),(407,41372245,'20413722454','SARAPURA','EUGENIA DEL MILAGRO','1999-01-17','SAN JOSE DE METAN','eugesarapura@gmail.com','marianerea99','3876520726','Aceptado',NULL,'2024-12-09 23:08:47',1),(408,42706653,'20427066534','YUNINO ','LEONARDO ALEJO','2000-07-12','METAN ','leonardoyunino@gmail.com','leonardoalejo706','3876411567','Aceptado',NULL,'2024-12-09 23:08:48',1),(409,46666865,'20466668657','GUEVARA','RAMON ANGEL','2006-02-26','JOAQUIN V.GONZALEZ','GUEVARACLARARAQUEL@GMAIL.COM','CLARA2020','3877580595','Aceptado',NULL,'2024-12-09 23:08:53',1),(410,45974611,'27459746116','DIAZ','ESTEFANIA MARIBEL','2005-09-28','EL GALPON','estefaniaelgalponsalta@gmail.com','Chisme1328','3876561271','Aceptado',NULL,'2025-02-07 20:10:19',1),(411,36037460,'20360374608','ARMELLA','ANA','1992-05-06','METAN','anaarmella25@gmail.com','1992','3876525583','Aceptado',NULL,'2024-12-09 23:08:54',1),(412,44326664,'27443266645','ARGAÑARAS','PRISCILA DEL CARMEN','2002-07-16','SAN JOSÉ DE METAN','priscilaarganaras687@gmail.com','Priscila12','3876410893','Aceptado',NULL,'2024-12-09 23:08:54',1),(413,33582169,'27335821691','MARTÍN ','ANALIA VANESA','1988-05-09','METAN','anitavanesa2018@gmail.com','ana33582169','3876403317','Aceptado',NULL,'2024-12-09 23:08:56',1),(414,38340371,'27-38340371-0','LEDESMA ','JIMENA ','1992-06-06','METAN','jimenaledesma51@gmail.com','Nurteamo32','3873684953','Aceptado',NULL,'2024-12-09 23:08:59',1),(415,44326628,'20-44326628-4','RIVADEO','LAUREANO MIGUEL ','2002-07-07','METAN','lauriano_rivadeo@hotmail.com','vivolaikboss','3874459040','Aceptado',NULL,'2024-12-09 23:09:01',1),(416,42303413,'27423034136','BAZAN','YAMILA','2000-02-11','METÁN ','bazanyamila46@gmail.com','agustin4567','3876624562','Aceptado',NULL,'2024-12-09 23:09:01',1),(417,45435825,'27454358258','COSTILLA','JULIANA VIRGINIIA','2006-07-24','LUMBRERAS ','julianacostilla24@gmail.com','julianita05','3876557376','Aceptado',NULL,'2024-12-09 23:09:05',1),(418,32672260,'20326722600','MAMANI','JORGE LUIS','1986-10-13','RÍO PIEDRAS ','jorgeelche86@gmail.com','Nurse1386@','3876436774','Aceptado',NULL,'2024-12-09 23:09:10',1),(419,41940051,'20419400514','GONZALEZ','ARIEL AMADO','1999-06-25','METAN','amadogonzalez41940051@gmail.com','41940051','3876409172','Aceptado',NULL,'2024-12-09 23:09:11',1),(420,42445055,'20424450444','DELRIO','LAUTARO JOAQUÍN ','1999-09-28','METAN','delriolautaro18@gmail.com','426538','3876524727','Aceptado',NULL,'2024-12-09 23:09:12',1),(421,21314749,'27213147493','BAZÁN ','RAMONA BEATRIZ','1970-04-24','SAN JOSÉ DE METÁN ','bazanramona04@gmail.com','anahi','3876443728','Aceptado',NULL,'2024-12-09 23:09:12',1),(422,46429048,'2046429048','REYNOSO ','LAUTARO ','2005-01-28','LUMBRERAS ','lautaroreynoso39@gmail.com','Roycorey02','3876556048','Aceptado',NULL,'2024-12-09 23:09:16',1),(423,45853423,'27458534239','RIVAS GUTIERREZ ','JULIETA AGUSTINA ','2005-06-29','ROSARIO DE LA FRONTERA','agustinajulietarivas@gmail.com','agustinaGut29','3876523957','Aceptado',NULL,'2025-01-11 01:55:34',1),(424,33351389,'27333513892','RIOS','DANIELA DEL CARMEN ','1987-10-17','METAN ','kanyrios172082@gmail.com','mateo1720','3876558180','Aceptado',NULL,'2024-12-09 23:09:23',1),(425,34278663,'20342786635','OSORES ','JOSE EMILIANO ','1988-12-08','METAN','joseemilianoosores@gmail.com','emiliano0704','3876524487','Aceptado',NULL,'2024-12-09 23:09:23',1),(426,36853981,'20-36853981-4','SANTILLAN','JAIRO ALBANO','1993-01-30','METAN','santillanjairo942@gmail.com','Santi.1993','3876569167','Aceptado',NULL,'2024-12-09 23:09:30',1),(427,44105496,'27441054969','LANCE','FLORENCIA AGUSTINA','2000-03-22','SAN JOSE DE METAN','lanceagustina79@gmail.com','Agus3030','3876548780','Aceptado',NULL,'2024-12-09 23:09:31',1),(428,32741208,'27327412081','MILLÁN ','VERÓNICA ELENA ','1986-12-31','METAN','vmnexus.consultora@gmail.com','32741208','3876432415','Aceptado',NULL,'2024-12-09 23:09:32',1),(429,47904696,'23-47904696-4','CASARES','ABIGAIL YULIANA','2007-04-05','METAN','yulianaabigail713@gmail.com','juanaluz2009','3876404045','Aceptado','3de21e5982cb379985b8c810625f398c9039a86f','2025-01-31 17:40:36',1),(430,41422735,'27414227355','LESCANO','CELESTE VALERIA ','1999-04-04','METAN','celestelescano45@icloud.com','madisom0','1159065090','Aceptado',NULL,'2024-12-09 23:09:38',1),(431,45113781,'27451137811','VILLA','DANA ABRIL','2004-01-06','METAN SALTA','dana.lopezz1214@gmail.com','alfonsolopez','3876436327','Aceptado',NULL,'2024-12-09 23:09:39',1),(432,39003920,'20390039205','COPA','DAVID','1995-07-04','SAN JOSÉ DE METAN','david.dc0795@gmail.com','david0795','3876513625','Aceptado',NULL,'2024-12-09 23:09:39',1),(433,32921714,'20329217141','ARIAS','JOAQUIN OMAR','1985-02-22','SALTA','joaquinomararias@gmail.com','joaquin01','3876413244','Aceptado',NULL,'2024-12-09 23:09:42',1),(434,44105231,'27441052311','LEZCANO','MILAGROS DOMINIQUD ','2003-03-06','SAN JOSE DE METAN ','mlezcano805@gmail.com','ml15661932','3876533268','Aceptado',NULL,'2024-12-09 23:09:47',1),(435,42504077,'23425040770','GONZALEZ SARAPURA','ANA MARIA DEL ROSARIO','2000-04-05','EL GALPON','amdrgs17@gmail.com','091218','03876567167','Aceptado',NULL,'2024-12-09 23:09:47',2),(436,42205612,'27422056128','MONGI MOISÉS ','SELENE ISABELA ','1999-12-22','METAN','selimongi@gmail.com','Seli1999','3876461664','Aceptado',NULL,'2024-12-09 23:09:50',1),(437,39003821,'27390038211','GABRIZ','TAMARA MARÍA ELENA','1993-10-02','SAN JOSÉ DE METÁN','tamaragabriz@gmail.com','jnstmeg002','03876525765','Aceptado',NULL,'2024-12-09 23:09:52',1),(438,38737928,'20387379283','PLASENCIA','RAMIRO NICOLAS','1995-02-15','SAN JOSE DE METAN','raamiroplasencia2018@gmail.con','38737928','3876518764','Aceptado',NULL,'2024-12-09 23:09:52',1),(439,43438113,'23434381134','VILLALBA ','EMELI ROSALINDA ','2001-10-25','EL GALPÓN ','emelivillalba72@gmail.com','Emeli113','3876419617','Aceptado',NULL,'2024-12-09 23:09:54',1),(440,46172708,'27461727080','GARCIA','VICTORIA AGUSTINA ','2005-11-11','SAN JOSE DE METAN','agustina141105@gmail.com','46172708','3876623031','Aceptado',NULL,'2025-02-25 16:19:24',1),(441,40657667,'27406576677','ROJAS','MICAEL TAMARA','1997-10-07','METAN','rojasmicaelatamara@gmail.com','40657667tamara','3876521900','Aceptado',NULL,'2024-12-09 23:09:59',1),(442,42205609,'27422056098','MORENO ','KARIN SARA AYELEN','1999-12-04','METAN ','karinm762@icloud.com','Tadeo123','3876441443','Aceptado',NULL,'2025-02-15 05:12:28',1),(443,34639195,'20346391953','PADILLA','CRISTIAN EMANUEL ','1989-09-02','METAN ','cristianpadill0508@gmail.com','noemat37','3876562286','Aceptado',NULL,'2024-12-09 23:10:03',1),(444,45766691,'20457666919','VILLAFAÑE','CRISTIAN NICOLAS','2005-04-15','SAN JOSE DE METAN','villafane_23@icloud.com','gubje0-purgev-sIzmor','93876410783','Aceptado',NULL,'2024-12-09 23:10:04',1),(445,42078790,'20420787902','GARCIA','BRAIAN EMANUEL','1999-09-16','SAN JOSE DE METAN','briangarcia0077@gmail.com','milmaneras29','3876521320','Aceptado',NULL,'2024-12-09 23:10:17',1),(446,39782879,'20397828795','CORRALES','CARLOS IVAN ','1995-09-22','METAN','corchocorrales@gmail.com','39782879','3876476897','Aceptado','160167db77d30edf2ae5ddc50c7e2ae0e27bdece','2024-12-27 04:50:50',2),(447,36129809,'27361298093','CHAVEZ','TAMARA LUCIA','1991-05-17','ROSARIO DE LA FRONTERA','chavez.tamara@outlook.com','TueresRey1723','3876445878','Aceptado',NULL,'2024-12-09 23:10:24',1),(448,39674859,'24396748698','FARIAS','GUADALUPE','1996-08-08','SAN JOSE DE METAN','valery_0896@outlook.es','Mimamameama','3876444150','Aceptado',NULL,'2024-12-09 23:10:27',1),(449,41820938,'20418209381','QUINTEROS','MATIAS MANUEL','1999-06-17','METAN','quinteroskoko22@gmail.com','422685Zoe','3876573920','Aceptado',NULL,'2025-02-25 00:26:52',1),(450,46791605,'20-46791605-0','ROMERO','BENJAMIN FEDERICO ','2006-03-25','EL TUNAL','romerofacundo673@gmail.com','benjamin777','3877455377','Aceptado',NULL,'2024-12-09 23:10:35',1),(451,45974628,'20459746286','JAIME','SANTIAGO','2005-10-29','EL GALPON','santiagojaime126@gmail.com','redimid2','3876570533','Aceptado',NULL,'2025-02-10 23:50:09',1),(452,46172748,'23461727484','FRIAS','AGUSTINA MAGALI ','2005-12-07','METAN','friasagustina03@gmail.com','agusbenja18','3876520363','Aceptado',NULL,'2024-12-09 23:10:42',1),(453,36037336,'27360373369','AGUIRREZ','ALEJANDRINA BEATRIZ ','1991-03-06','METAN','beatrizaguirrez98@gmail.com','Paulamati24','3876410279','Aceptado',NULL,'2025-02-12 02:14:04',1),(454,46232779,'27-46232779-5','ARAOZ CORDOBA','CANDELA DE LOS ANGELES ','2006-03-08','METAN','cordobacande323@gmail.com','FernandoLionel','3876618653','Aceptado',NULL,'2024-12-09 23:10:43',1),(455,39782890,'27397828900','WILINSKY ROSALES ','CAMILA SOLEDAD ','1996-10-03','SAN JOSÉ DE METAN ','camywrosales03@gmail.com','Fernandito16','3876637032','Aceptado',NULL,'2025-02-12 11:27:19',1),(456,43336960,'27433369603','GONZALEZ','YULIANA MAGALI','2001-06-29','METAN','yumagte@gmail.com','yuli4333','511101','Aceptado',NULL,'2024-12-09 23:10:55',1),(457,41296155,'27412961558','ARANA','LOURDES ANTONELLA','1998-10-26','METAN','aranalourdes637@gmail.com','lu0401','3875878094','Aceptado',NULL,'2024-12-09 23:10:55',1),(458,34868943,'20348689430','GARCIA','JUAN GABRIEL','1990-12-28','METAN','juangabrielgarcia0306@gmail.com','34868943','3873337855','Aceptado',NULL,'2024-12-09 23:10:55',1),(459,35912785,'27359127850','MARTINEZ IBAÑEZ ','MELISA ARACELI ','1991-06-08','METAN','ambarcristalmedinamartinez@gmail.com','Emmayambar1916.','03876451902','Aceptado',NULL,'2024-12-09 23:11:00',1),(460,39782837,'23397828379','TANQUIA','CARLOS GABRIEL','1996-09-01','METAN','Carlostanquia9@gmail.com','sonrisa12345','3876446506','Aceptado','5a2f198c5c8a1a63a2aa11b20de1dda46355874a','2025-02-25 23:26:12',1),(461,44446036,'27444460364','MANSILLA ','LUCERO GUADALUPE ','2003-01-04','EL GALPÓN ','mansillalucero4@gmail.com','maXimiliano1.','3876417984','Aceptado',NULL,'2025-02-11 00:56:48',1),(462,41020945,'23410209454','LESCANO ','MARIANA BELEN ','1998-06-18','EL GALPÓN ','belenles180698@gmail.com','Isabella03.','3876551776','Aceptado',NULL,'2024-12-09 23:11:06',2),(463,45974673,'20459746731','PEREZ','FABRICIO IVAN ','2006-03-27','EL GALPON ','perezfabricio247@gmail.com','fabricio27','3873119859','Aceptado',NULL,'2024-12-09 23:11:08',1),(464,45767428,'20-45767428-8','LOBO','EFRAIN ISAÍAS JOSUÉ ','2005-07-14','METAN ','efrainisaiasjosuelobo@gmail.com','efrain2005','3876404702','Aceptado',NULL,'2024-12-09 23:11:10',1),(465,46802278,'27468022783','HUMACATA ','AGUSTINA DEL ROSARIO ','2006-10-06','ROSARIO DE LA FRONTERA','agustinahumacata69@gmail.com','humacataro','3876621035','Aceptado',NULL,'2024-12-09 23:11:15',1),(466,44105305,'20441053054','LANOZA','RODOLFO MAXIMILIANO','2002-03-25','ROSARIO DE LA FRONTERA','lanozamaxi30@gmail.com','Maxi2002','3876570991','Aceptado','23451e831e677727d676d8b6ce3611051f47e9e1','2024-12-22 20:42:59',1),(467,36924476,'20-36924476-1','FERANDO CAMPOS','AUGUSTO EXEQUIEL','1992-10-14','EL GALPON','augustocajais@gmail.com','funkenfelix','3876668625','Aceptado',NULL,'2024-12-12 23:45:49',2),(468,31519051,'27315190512','SALVA FLORES','PAMELA ROSAURA','1985-08-24','METAN ','fatimaisabelcarlotavillalba@gmail.com','bebecho20','3876622683','Aceptado',NULL,'2024-12-09 23:11:33',1),(469,46669457,'20-46669457-7','CONTRERAS CERVERA','PEDRO','2006-05-19','ROSARIO DE LA FRONTERA','carolinacervera452@gmail.com','agus1546@','3876639357','Aceptado',NULL,'2024-12-09 23:11:36',1),(470,44446012,'20444460122','MORALES','HÉCTOR BENJAMIN','2002-10-20','EL GALPON','moraleshectorbenjamin@gmail.com','44446012','3876528688','Aceptado',NULL,'2024-12-09 23:11:39',1),(471,43336886,'20433368860','BAZAN','JOSE MARIA','2000-04-28','METAN','josemariabazan534@gmail.com','josemabarber12','3876401238','Aceptado',NULL,'2024-12-09 23:11:41',1),(472,42079976,'23420799763','LOPEZ','BLANCA','1999-09-13','SAN JOSÉ DE METAN','blancaangelicalopez12345@gmail.com','15548926','3876548926','Aceptado',NULL,'2024-12-09 23:11:43',1),(473,45435835,'20454358350','PITTA','DANIEL ALVARO','2006-09-27','SAN JOSÉ DE METÁN ','pittadaniel32@gmail.com','pitaba123','3876584122','Aceptado',NULL,'2024-12-09 23:11:43',1),(474,47541006,'20475410069','FERRARI','GUIDO','2006-09-19','SAN JOSE DE METAN ','ferrarileo462@gmail.com','leitoefe20','3876418367','Aceptado',NULL,'2024-12-09 23:11:57',1),(475,44913604,'2044913604-8','ROMERO','CARLOS NAHUEL','2003-04-15','METAN','romeronahuel738@gmail.com','carlos2025','3876409181','Aceptado',NULL,'2024-12-09 23:11:57',1),(476,29829046,'23298290464','PRIETO','MIRIAM BEATRIZ','1982-11-27','METAN','miriambeatrizprieto100@gmail.com','miriam','3876404415','Aceptado',NULL,'2024-12-09 23:12:01',1),(477,40889162,'20408891621','TAYAGUI ','ALAN ROBERTO CARLOS ','1997-12-17','SAN JOSÉ DE METÁN ','alantxt@outlook.com','15661341aS','3876521952','Aceptado',NULL,'2024-12-09 23:12:05',1),(478,45114261,'20451142616','DEL CASTILLO','ARLEY OMAR ','2003-06-27','SAN JOSE DE METAN','arleydelcastillo758@gmail.com','Helado123','3876408437','Aceptado',NULL,'2024-12-09 23:12:06',1),(479,42917053,'20429170533','RODRIGUEZ','LUCAS ISMAEL','2000-01-09','SAN JOSE DE METAN','lucasrodri09az@gmail.com','Lucas2024','3876515019','Aceptado',NULL,'2024-12-09 23:12:07',1),(480,46789389,'20-46789389-1','CRUZ','ENZO JOAQUÍN ','2006-07-20','SAN JOSÉ DE METAN SALTA ','joaqcruz20@gmail.com','ENZO0620CB','3876564061','Aceptado',NULL,'2024-12-09 23:12:10',1),(481,39891913,'27398919136','FARIAS ','LOURDES DEL MILAGRO','1996-11-19','EL GALPON','fariaslourdes15@gmail.com','Genaro2906','3876531069','Aceptado',NULL,'2024-12-09 23:12:10',2),(482,43438189,'23434381894','FARIAS','SOLANGE ANAHI','2002-05-14','EL GALPON','Sol.farias1405@gmail.com','Sol.farias14','3876508542','Aceptado',NULL,'2024-12-09 23:12:10',2),(483,46802201,'27468022015','JIMENEZ RIVAS','BRISA MILENA','2006-08-18','ROSARIO DE LA FRONTERA','brisamelina89@gmail.com','20347682','3876460335','Aceptado',NULL,'2024-12-09 23:12:25',1),(484,37721365,'20377213654','QUINTEROS ','HEBER IMANOL','1994-06-04','METAN','heberquiteros@gmail.com','37721365TOmi','03876415111','Aceptado',NULL,'2024-12-09 23:12:29',1),(485,45364873,'27453648732','RODRIGUEZ','ANDREA YAMILA','2004-08-10','METAN','yr5877999@gmail.com','yamila2024','3873527200','Aceptado',NULL,'2024-12-09 23:12:30',1),(486,42608480,'20-42608480-6','GUTIERREZ ','OSCAR ARMANDO ','2000-11-23','EL GALPON ','oscar20arman@gmail.com','42608480','3876636650','Aceptado',NULL,'2024-12-09 23:12:37',1),(487,42917056,'27429170562','PUNTANO','MARÍA FLORENCIA','2001-03-07','SAN JOSÉ DE METÁN','florenciapuntano.9@gmail.com','3872117445','3872117445','Aceptado',NULL,'2025-02-09 07:42:46',1),(488,45261105,'20452611059','AMARO','FERNANDO GABRIEL ','2004-06-28','EL GALPÓN ','nano1772fernan@gmail.com','Nano1772','3876635562','Aceptado',NULL,'2024-12-09 23:12:46',1),(489,41965551,'27419655517','FRIAS','SOLANGE DEL ROSARIO ','1999-07-24','EL TUNAL','solangefrias67@gmail.com','41965551','3876618077','Aceptado',NULL,'2024-12-09 23:12:48',2),(490,45766550,'20457665505','ARAN ','JOSUE ALVARO ','2005-02-18','METAN ','Alvaroarancibia_24@icloud.com','Metan2024','3876410973','Aceptado',NULL,'2024-12-09 23:13:02',1),(491,41372103,'20413721033','BORJA','RODRIGO MAXIMILIANO','1998-11-10','METAN','maxirmb@gmail.com','4142Vero','3876404109','Aceptado',NULL,'2024-12-09 23:13:05',1),(492,41296107,'27412961078','SANTILLAN ','MILAGRO','1998-08-27','METMETA','milomain27@gmail.com','saraza23','3876457772','Aceptado',NULL,'2024-12-09 23:13:15',1),(493,40889195,'24408891953','FARIAS','CRISTIAN GABRIEL ','1998-01-26','METAN','analeti2012@hotmail.com.ar','Tatilo27','3876456968','Aceptado',NULL,'2024-12-09 23:13:18',1),(494,44911236,'27449112364','RUIZ','BERENISE ANGELES','2003-08-02','METAN','angeles486@gmail.com','bereruiz0221','3876403277','Aceptado',NULL,'2024-12-09 23:13:21',1),(495,47541038,'20-47541038-7','TOLEDO PERAALTA ','AGUSTIN ULISES ','2006-10-30','METAN ','toledoaguatin800@gmail.com','agustin2025','3876404358','Aceptado',NULL,'2024-12-09 23:13:32',1),(496,44402519,'20444025191','ALDERETE','TEOFILO JOSE ALEJANDO','2002-09-24','METAN','josealderete222@gmail.com','44402519At','3876549980','Aceptado',NULL,'2024-12-09 23:13:35',1),(497,45766438,'23457664389','GARCÍA ','AARÓN ANGEL GONZALO ','2004-11-08','SAN JOSÉ DE METÁN ','arongarcia836@gmail.com','arongarcia12','3876567567','Aceptado',NULL,'2024-12-09 23:13:39',1),(498,38343472,'27/38343472/1','LESCANO','GUADALUPE ANAHI','1995-12-12','EL GALPÓN ','guadalupelescano553@gmail.com','genesis10','3876562119','Aceptado',NULL,'2024-12-09 23:13:41',2),(499,26045378,'27260453780','IBARRA','SUSANA CARINA','1977-12-26','METAN','ibarrasusana814@gmail.com','susana045','3876582051','Aceptado',NULL,'2024-12-09 23:13:49',1),(500,47904618,'20479046183','DOMINGUEZ','JORGE IGNACIO ','2007-01-04','METAN ','dom.nachulo07@gmail.com','nacho2007','3876434705','Aceptado',NULL,'2024-12-09 23:13:50',1),(501,44037003,'23440370039','MARTINEZ POMA','ESTEBAN FRANCO','2001-03-22','METAN','estebanfrancomartinezpoma@gmail.com','esteban423267','3876632617','Aceptado',NULL,'2024-12-09 23:13:51',1),(502,30175891,'27301758915','CASTRO','JOSEFA  ELISABETH','1983-08-02','METAN','jose.ely020883@gmail.com','josefacastro','3876537847','Aceptado',NULL,'2024-12-09 23:13:57',1),(503,33351338,'27-33351338-8','ARANDA','STELLA MARIS ','1987-10-03','METAN','stella1524382@hotmail.com','stella123','3876617902','Aceptado',NULL,'2024-12-09 23:13:57',1),(504,39398548,'27393985483','ROJAS','CARLA DANIELA ','1996-06-12','EL GALPÓN ','rojascarladaniela@gmail.com','Carla5653','3876565368','Aceptado',NULL,'2024-12-09 23:13:59',1),(505,42079427,'23420794274','VARGAS','ROMINA EDITH ','1999-09-30','SALTA CAPITAL EL GALPÓN ','rominaedithvargas@gmail.com','42079427','3876562694','Aceptado',NULL,'2024-12-09 23:14:00',1),(506,45768951,'23457689519','MONTENEGRO','ESTEBAN MARTIN','2005-10-06','METAN','emm36531@gmail.com','esteban2005m','3876405617','Aceptado',NULL,'2024-12-09 23:14:01',1),(507,36037173,'27360371730','PALOMINO STIBEL','ANA GABRIELA','1991-10-03','METAN','apalominostibel@gmail.com','ap562431','3876562431','Aceptado',NULL,'2024-12-09 23:14:06',1),(508,46789338,'27467893381','RUEDA','JULIANA DENISES','2006-06-19','METAN SALTA ','denisesjuli15@gmail.com','juliana15','3875503287','Aceptado',NULL,'2024-12-09 23:14:16',1),(509,40114439,'27401144396','CORTE ALBORNOZ','MARIA LOURDES','1996-12-11','METAB','felipito.joaquin@gmail.com','12345','3876456858','Aceptado',NULL,'2024-12-09 23:14:20',1),(510,43550059,'20-43550059-6','ARIAS VILLAFAÑE ','AGUSTIN','2001-10-23','METÁN','ariasagustin538@gmail.com','43550059','1156434421','Aceptado',NULL,'2024-12-09 23:14:22',1),(511,46232751,'20462327510','VARGAS','JOSE IGNACIO ','2006-02-05','METAN','Anitabelen1996@outlook.es','NACHO24','3876430296','Aceptado',NULL,'2024-12-09 23:14:26',1),(512,47916078,'2647916078','SORIA','JAZMIN DEL ROSARIO','2007-04-10','SAN JOSÉ DE METAN','jazmincuquito66@gmail.com','cuquito','3876558503','Aceptado','ec8c369f299fe8dd5d730b5761a4866e719ad2b7','2025-02-08 00:15:02',1),(513,43438153,'20434381534','DIAZ CORREA','RODRIGO KARIN','2002-02-21','EL GALPÓN','rkdc21galpon@gmail.com','200797','3876566618','Aceptado',NULL,'2024-12-09 23:14:27',1),(514,45179701,'20451797019','RAFAEL DIAZ','SANTIAGO','2004-02-25','METAN','santiagorafaeldiaz724@gmail.com','45179701Sa','3876433750','Aceptado',NULL,'2024-12-09 23:14:29',1),(515,42303389,'20423033895','WIENA','ALVARO MARCELO ','2000-01-16','METAN','wiernamarcelo553@gmail.com','43550002','3876571549','Aceptado',NULL,'2024-12-09 23:14:32',1),(516,45435873,'27-45435873-8','ROMERO,ARTAZA','LUJAN LUDMILA','2007-06-14','LUMBRERAS','lujanromero1422@gmail.com','lu14','3876404134','Aceptado',NULL,'2024-12-09 23:14:49',1),(517,39674722,'27396747222','ASTORGA ','SANDRA MARCARENA','2024-12-09','METAN','macarenaaastorga96@gmail.com','396747222.','3876557591','Aceptado',NULL,'2024-12-09 23:14:55',1),(518,24827079,'23248270799','TOCONAS','JUAN DAVID ','1976-05-02','LUMBRERAS ','david.toconas34@gmail.com','davico76','2645459787','Aceptado',NULL,'2024-12-09 23:14:55',1),(519,27912340,'27-27912340-8','ARTAZA ROMERO ','LUJÁN LUDMILA ','2007-06-14','METAN ','nataliaartaza12@gmail.com','0099','3876553588','Aceptado',NULL,'2024-12-09 23:15:11',1),(520,44105228,'20441052281','JUAREZ','RODRIGO EUSEBIO ','2003-02-13','LUMBRERAS','caritoo1901@gmail.com','Cattleya01','3876457585','Aceptado',NULL,'2024-12-09 23:15:14',1),(521,40965733,'27409657333','TECEYRA','MICAELA DE LOS ANGELES ','1998-04-03','SALTA','mikateceira@gmail.com','mika2020','3876618419','Aceptado',NULL,'2024-12-09 23:15:20',1),(522,42705090,'20427050905','CHAVEZ','NELSON','2001-09-02','EL GALPON','nelsonchavez090@gmail.com','nelson090','3876448701','Aceptado',NULL,'2024-12-09 23:15:24',2),(523,39217391,'23392173919','ZURITA','ANGEL ALEXIS','1994-12-11','METAN ','alexiszurita09@gmail.com','15470867','3876557794','Aceptado',NULL,'2024-12-09 23:15:42',1),(524,41053447,'27410534474','JIMÉNEZ FERNÁNDEZ ','MALENA ESTHER','1998-04-14','METAN','malenaestherjimenezfernandez@gmail.com','Roman07','3876575925','Aceptado',NULL,'2024-12-09 23:15:43',1),(525,45112122,'27451121222','GONZALEZ ','ROCIO ','2002-10-24','SAN JOSÉ DE METAN','roo208844@gmail.com','eliseo18','3876639189','Aceptado',NULL,'2024-12-09 23:15:46',1),(526,42080002,'27420800024','ROMERO','ANTONELA DE LOS ANGELES MILAGROS','1999-10-15','SAN JOSE DE METAN','angelesmilagro960@gmail.com','milmaneras09','3876441491','Aceptado','2e3151326e9a018a0509beb9b0cd9fab172cc8fa','2025-02-13 02:38:05',1),(527,44879626,'20448796265','GARCIA','LEANDRO AGUSTIN','2003-04-21','METAN','garcialeandroagustin@gmail.com','agustin356799','3876459245','Aceptado',NULL,'2024-12-09 23:15:52',1),(528,41422681,'20414226818','TOSCANO ','MATÍAS NAHUEL','1999-03-20','METAN ','zulemalilianagil@gmail.com','matu_cabe25','3876516728','Aceptado',NULL,'2024-12-09 23:15:56',1),(529,44271413,'23442714134','LOMBARDI','PRISCILA DEL ROSARIO ','2002-06-01','SAN JOSÉ DE METAN ','priscilomba15@gmail.com','59760860','3876524239','Aceptado',NULL,'2024-12-09 23:15:56',1),(530,44446504,'2744446504','CASAS RIVADENEIRA ','EMILSE YOHANA ','2002-08-08','PASO DEL DURAZNO ','casasemilse540@gmail.com','Minino12','3876433008','Aceptado',NULL,'2024-12-09 23:15:56',1),(531,41372206,'20413722064','SERRANO','CARLOS MARCELO','1998-12-03','METAN','carlosmarceloserrano5@gmail.com','L1L2L3L4','03876515273','Aceptado',NULL,'2024-12-09 23:15:59',1),(532,42608404,'27426084045','DIAZ','ADRIANA MICAELA','2000-06-04','EL GALPÓN ','ad7333736@gmail.com','Adriana4260','3876443551','Aceptado',NULL,'2024-12-09 23:16:02',1),(533,41372278,'27413722786','MATEO','RUTH EMILCE','1999-02-12','METAN','Emimateo15@gmail.com','emi8899','3876418126','Aceptado',NULL,'2024-12-09 23:16:07',1),(534,44105475,'2744105475','SAGREDO','ALDANA ANDREA','2002-04-15','METAN','sagredoandrea1503@gmail.com','Brightstar','3876406485','Aceptado',NULL,'2024-12-09 23:16:07',1),(535,45363591,'27453635916','ORELLANA PAZ','LUCIA DE LOS ANGELES','2005-08-08','EL GALPON','angelspaz329@gmail.com','l404692l','3876560302','Aceptado',NULL,'2024-12-09 23:16:09',2),(536,34974225,'27349742255','THOMAS','MARIA LAURA','1990-05-12','EL GALPON','cottythomas@gmail.com','7n1t22BR','3876524081','Aceptado',NULL,'2024-12-09 23:16:13',2),(537,35912981,'27359129810','JAIME','NOELIA ELIZABETH','1991-09-19','METAN','Noellizaaa19@gmail.com','noelia12','3876457870','Aceptado',NULL,'2024-12-09 23:16:16',1),(538,45598295,'27455982958','MINICUCCI','ROCI BELEN','2004-10-15','METAN','rociominicucci71@gmail.com','45598295rR','3876528567','Aceptado',NULL,'2024-12-09 23:16:24',1),(539,44911228,'27449112283','SUAREZ','DINA ALEJANDRA ','2003-08-02','METAN','alesuarezzz.0209@gmail.com','44911228','3876356959','Aceptado',NULL,'2024-12-09 23:16:26',1),(540,46232261,'20462322616','ARAMAYO','LUIS SAMUEL EXEQUIEL ','2005-11-24','JOAQUÍN V GONZÁLEZ ','aramayoluis90@gmail.com','46232261','3877586152','Aceptado',NULL,'2024-12-09 23:16:32',1),(541,44697489,'20446974891','ALVAREZ FERREYRA','IGNACIO VALENTIN','2003-02-16','METÁN ','ia5725080@gmail.com','Nacho123456','3876624304','Aceptado',NULL,'2024-12-09 23:16:34',1),(542,37721139,'20377211392','PEREZ','LUCAS NICOLAS','1994-02-09','SAN JOSE DE METAN','perezlucasnicolas78@gmail.com','lucasp94','3876403574','Aceptado',NULL,'2024-12-09 23:16:35',1),(543,40874946,'27408749463','LOPEZ','FLORENCIA NOEMI','1998-11-21','RIO PIEDRAS','fl64234@gmail.com','40874946','3876472933','Aceptado',NULL,'2024-12-09 23:16:41',1),(544,34639071,'27346390714','MARCE','MARICEL MARIA','1989-08-17','METAN','pablomartel88@gmail.com','Mmarce17','3814153943','Aceptado',NULL,'2025-01-05 12:29:20',1),(545,43438182,'27434381822','RUIZ','CANDELA ALEJANDRA','2002-04-17','EL GALPON','ruizalejandracandela@gmail.com','CANDELA432002','3876400637','Aceptado',NULL,'2024-12-09 23:16:54',1),(546,33582142,'20335821425','LUCENA','WILLIAM ANÍBAL ','1988-02-03','SAN JOSÉ DE METAN ','williamlucena504@gmail.com','willy88','387664584','Aceptado',NULL,'2024-12-09 23:17:00',1),(547,45600023,'20456000232','MAZA','ELÍAS MIGUEL ','2004-11-21','SAN JOSÉ DE METAN','mazae325@gmail.com','MAZAELIASMIGUEL21112004','3876452456','Aceptado',NULL,'2024-12-09 23:17:01',1),(548,44818545,'27448185457','PONCE','AGUSTINA MAGALI ','2003-03-28','METÁN','agustinamagaliponce28@gmail.com','ALEXIS28028','3815646440','Aceptado',NULL,'2024-12-09 23:17:01',1),(549,37998136,'20379981365','CAMPOS LESCANO ','DAVID RICARDO','1994-05-12','EL GALPÓN ','davidlescano996@gmail.com','Levi1994','3876563198','Aceptado',NULL,'2024-12-09 23:17:03',1),(550,48006970,'27480069701','NARANJO','NOEL YULIANA ','2007-05-26','SAN JOSE DE METAN','yuliananaranjo732@gmail.com','48006970','3876450561','Aceptado','6f2857d42b4fe85479b00a8ea966a37e96725a66','2024-12-10 00:27:02',2),(551,39539782,'27395397821','YBIRE','MARITA','1996-11-27','ROSARIO DE LA FRONTERA ','maritaybire56@gmail.com','mariju09','3876470757','Aceptado',NULL,'2024-12-09 23:17:17',1),(552,45113798,'20451137981','MARTIN','CLAUDIO','2004-01-09','METAN SALTA','cludiobasiliomartin8@gmail.com','45113798','3876661214','Aceptado',NULL,'2024-12-09 23:17:20',1),(553,45767462,'20457674628','AGUIRRE','HERNAN MICAEL','2005-09-02','SAN JOSE DE METAN','aguirre100ha@gmail.com','LutE2005','3876551865','Aceptado',NULL,'2024-12-09 23:17:26',1),(554,45364910,'27453649100','BAZAN','ROCIO DELMILLAGOS','2004-09-15','METAN','milibazan912@gmail.com','mili9087','3876443728','Aceptado',NULL,'2024-12-09 23:17:26',1),(555,41488633,'27.41488633.2','HERRERA','MARIA DE LOS ANGELES','1995-10-26','METAN','herreraangeles184@gmail.com','maria2610','3876131401','Aceptado',NULL,'2024-12-09 23:17:33',1),(556,41296188,'23412961880','CALIUOLO','MIGUEL ALEJANDRO ','1998-10-22','SAN JOSE DE METAN ','mguelcaliuolo.22@gmail.con','fincasanjose22','3876457451','Aceptado',NULL,'2024-12-09 23:17:34',1),(557,43438141,'2743438141','FRÍAS ','LOURDES VIVIANA DE LOS ÁNGELES ','2001-12-09','EL TUNAL ','friaslourdes05@gmail.com','011619','3876589161','Aceptado',NULL,'2024-12-09 23:17:45',2),(558,40517508,'275175083','ESPECHE','DAIANA GUADALUPE','1997-06-27','METAN','daianaguadalupee@gmail.com','seseo','3876575670','Aceptado',NULL,'2024-12-09 23:17:57',1),(559,43336927,'27433369276','CISNERO ','SOL CAMILA ','2001-06-14','METAN ','cisnerocamila311@gmail.com','solcamila','3876523316','Aceptado',NULL,'2024-12-09 23:17:58',1),(560,39402192,'27394021925','PEREZ','MELINA DAIANA','1994-06-16','METAN','perezmelinadaiana@gmail.com','15102013t','3876342509','Aceptado',NULL,'2024-12-09 23:18:06',1),(561,37512354,'27-37512354-7','LOBOS','MIRIAM HEBE GISELA ','1991-12-30','METAN ','miriamhebe91@gmail.com','aflj2023.','3876341188','Aceptado',NULL,'2024-12-09 23:18:07',1),(562,45364727,'27453647272','SILVA','ESTEFANIA ','2002-11-01','METAN','stefaniasilva814@gmail.com','dalmasilva','3876514218','Aceptado',NULL,'2024-12-09 23:18:14',1),(563,37721431,'20377214316','NAVARRO PONCE','FABIAN ADOLFO','1994-07-12','SAN JOSE DE METAN','fabianponce255@gmail.com','Fabian1207','3876434686','Aceptado',NULL,'2025-02-25 01:49:47',1),(564,34278694,'23342786944','LOBO','MARIA TERESITA','1988-11-22','SAN JOSÉ DE METAN ','Mariateresitacecilialobos@gmail.com','ceciliateresita1234','3876435340','Aceptado',NULL,'2024-12-09 23:18:23',1),(565,36853934,'27368539347','QUINTANA','MARIA BELEN','1992-12-27','METAN','belenquintana114@gmail.com','36853934','3876454711','Aceptado',NULL,'2024-12-09 23:18:25',1),(566,42896868,'23428968689','VEGA','BRUNO NICOLAS','2001-01-15','METAN','bruno_123_vega@hotmail.com','Mamisu15','3876438803','Aceptado',NULL,'2024-12-09 23:18:41',1),(567,45364714,'20453647146','DIAZ ','BRAIAN ARMANDO ADAN ','2004-05-30','METAN','braiandiazarmando@gmail.com','braian3210','3876550466','Aceptado',NULL,'2024-12-09 23:18:41',1),(568,44105452,'20441054522','PISACIC ','ELIAS ALEXANDER ','2002-03-02','SAN JOSÉ DE METAN ','aaronpisa11@gmail.com','3876512308','3876559866','Aceptado',NULL,'2024-12-09 23:18:43',1),(569,40792486,'20407924860','HUERTA','MARTIN','1997-12-19','SAN JOSÉ DE METAN','mh5821166@gmail.com','191297','3876549873','Aceptado',NULL,'2024-12-09 23:18:53',1),(570,42352242,'27423522424','SANTANA','MICAELA ANABEL','1999-12-19','SAN JOSÉ DE METAN','santanamicaela24@gmail.com','39892034','3876675445','Aceptado',NULL,'2024-12-09 23:19:05',1),(571,48518970,'27485189705','CHAVES','VANINA MARIANELA','2007-01-22','LUMBRERAS','chavezvanina36@gamil.com','48518970','3876528452','Aceptado',NULL,'2024-12-09 23:19:08',1),(572,46058504,'27460585045','GONZÁLEZ ','CARMEN PAOLA ','2005-06-21','EL QUEBRACHAL ','paogonzalez175@gmail.com','MARIABECERRA26','3877592759','Aceptado',NULL,'2024-12-09 23:19:15',1),(573,30906266,'27309062669','NADAL','CYNTIA PAOLA ','1984-03-15','METAN','Paolanadal55@gmail.com','30906266','3876571507','Aceptado',NULL,'2024-12-09 23:19:16',1),(574,43951093,'20439510936','BARRERA','FRANCO MAURICIO','2002-01-13','SAN JOSE DE METAN','bermudezmonica88@gmail.com','monicanicol','3876406688','Aceptado',NULL,'2024-12-09 23:19:22',1),(575,43169168,'20-43169168-0','SANTILLAN GUEVARA','BRAIAN MAXIMILIANO','2001-04-22','SAN JOSE DE METAN','braianmaximilianosantillan@gmail.com','7386braian','3876433326','Aceptado',NULL,'2024-12-09 23:19:30',1),(576,35935344,'20359353449','PICLU','GABRIELA','1991-05-25','EL GALPON','gabypiclu99@gmail.com','1956gaby','3876405247','Aceptado','6f2559001d1de584d7cf02d02a9139a3e3931446','2025-02-07 01:51:11',1),(577,43686950,'23436869509','ROJAS','GASTÓN ','2002-01-04','METAN ','gastonrojas917@gmail.com','Gr43686950','5493876525208','Aceptado',NULL,'2024-12-09 23:19:33',1),(578,43438199,'27434381997','GUZMAN','CANDELA ANTONELA','2002-05-24','EL GALPON','antoguzman53@gmail.com','antonela+1','3876668749','Aceptado',NULL,'2024-12-09 23:19:36',1),(579,40792421,'20407924216','GUTIERREZ ','SANTIAGO EZEQUIEL','1997-11-25','METAN ','Ezesantigutierrez@gmail.com','avellaneda1997','3876403893','Aceptado',NULL,'2024-12-09 23:19:43',1),(580,39402438,'20394024385','ROJA','GABRIEL HORACIO ','1996-04-13','METAN','villalbaantonela969@gmail.com','Gabriel5445','3876664711','Aceptado',NULL,'2024-12-09 23:19:52',1),(581,21942785,'27219427854','JUAREZ','SILVIA','1971-02-24','METAN','macarena_37_09@jotmail.com','cosalinda','3876580654','Aceptado',NULL,'2024-12-09 23:19:54',1),(582,44175912,'20441759127','GUTIÉRREZ ','JAVIER PABLO EMANUEL ','2002-04-28','METAN','Eg489069@gmail.come','pablo1234','3879529383','Aceptado',NULL,'2024-12-09 23:19:58',1),(583,45766629,'27457666298','ESPEJO MENDOZA ','KAREN ABRIL','2005-02-18','SAN JOSE DE METAN','karenespejo878@gmail.com','18/02/05','3876523593','Aceptado',NULL,'2024-12-09 23:19:59',1),(584,41422747,'20414227474','BOGGIONE','ANDRES','1999-03-26','METAN','andresboggione@gmail.com','profedegeo','3876565518','Aceptado',NULL,'2025-02-10 16:01:42',1),(585,42078711,'27420797117','GALLLARDO','KAREN ROMINA','1999-07-25','SAN JOSE DE METAN','rominagallatdo36@gmail.com','1234567','3876668073','Aceptado',NULL,'2024-12-09 23:20:09',1),(586,40965710,'27409657104','CASTRO','AYLEN RUBI','1998-03-18','SAN JOSÉ DE METAN','castroaylen025@gmail.com','221015','3876523917','Aceptado',NULL,'2024-12-09 23:20:14',1),(587,45261882,'27452618821','ROJAS','DELFINA MICAELA ','2003-12-20','EL GALPON ','delfinamicaelarojas@gmail.com','Leonela24','3876571039','Aceptado',NULL,'2024-12-09 23:20:16',1),(588,45113756,'27-45113756-0','ALDERETE ','VICTORIA CANDELARIA ','2004-01-05','METAN ','alderetevictoriacandelaria@gmail.com','45113756Ac','3876642115','Aceptado',NULL,'2024-12-09 23:20:16',1),(589,44697480,'27446974802','CALDERON FERREIRA','ANGELES ABRIL','2003-01-21','SAN JOSE DE METAN','calderonabril5@gmail.com','439095abril','3876439095','Aceptado',NULL,'2024-12-09 23:20:18',1),(590,44493011,'27444930115','MANSILLA','CELESTE','2002-10-13','METAN','mansillaceleste465@gmail.com','celeterciario','2974275004','Aceptado',NULL,'2024-12-09 23:20:18',1),(591,42080075,'20420800755','JUÁREZ DE LISA','SEBASTIÁN','1998-10-03','METÁN ','juarezseba0@gmail.com','maxikiosco123','3876517875','Aceptado',NULL,'2024-12-09 23:20:21',1),(592,46232800,'20462328002','GUTIÉRREZ ','FABRICIO EMANUEL','2006-03-12','SAN JOSÉ DE METAN','maesvivi@hotmail.com','river1203','3873601183','Aceptado',NULL,'2024-12-09 23:20:25',1),(593,45768997,'27-45768997-2','FRIAZ','GABRIELA ','2005-11-08','SAN JOSE DE METAN ','friazgabriela68@gmail.com','45768997','3876447282','Aceptado',NULL,'2024-12-12 00:24:45',2),(594,45261112,'27452611126','GUANTAY','TAMARA MICAELA','2004-07-07','EL GALPÓN ','micaela2016guantay@gmail.com','Jonas04','3876431343','Aceptado',NULL,'2024-12-09 23:20:35',2),(595,45364789,'27453647892','GUTIÉRREZ','GABRIELA JIMENA ','2004-07-17','METAN','www.jimeihot@gmail.com','120521Jime','3876456219','Aceptado',NULL,'2024-12-09 23:20:44',2),(596,28314168,'27283141689','PEREZ','ALEJANDRA DEL VALLE','1981-07-07','METAN','alejandraprez466@yahoo.com','esteban22','3876405880','Aceptado','1928907a7c57d735d6a0f72290f694631f91967a','2025-02-28 22:26:55',1),(597,43549533,'27435495333','BULACIO GONZALEZ','ROCIO DE LOS ANGELES','2001-07-08','JOAQUIN VICTOR GONZALEZ','cortemarialourdes@yahoo.com','delfina','3877584300','Aceptado',NULL,'2024-12-09 23:20:45',1),(598,47904651,'23479046514','GORRITI','LUZ MINERVA','2007-03-28','METAN','gorritiluzminerva@gmail.com','100%perra','3876549405','Aceptado',NULL,'2024-12-09 23:20:53',1),(599,45364915,'20453649157','VALDA VILLAGRA ','MIRKO AGUSTIN ALEXANDER','2004-09-30','SAN JOSE DE METAN','mirkovalda9@gmail.com','mirko2004@','3876631547','Aceptado',NULL,'2024-12-09 23:21:02',1),(600,45768956,'20457689560','TESEYRA','JESUS BENJAMIN','2005-10-19','SAN JOSE DE METAN','benja13teseyra@gmail.com','belgrano515','3876442796','Aceptado',NULL,'2024-12-09 23:21:13',1),(601,44105488,'27441054888','SALAZAR ','MACARENA JUDITH ','1999-07-08','METAN','macagiovanni15@gmail.com','ian44105lolo','3876582591','Aceptado',NULL,'2024-12-09 23:21:23',1),(602,44697367,'20446973674','HUMACATA','VICTOR','2003-03-01','METAN','victorabud000@gmail.com','victorhumacata','3876564249','Aceptado',NULL,'2024-12-09 23:21:26',1),(603,31335617,'20313356176','PADILLA','ROQUE EMILIANO','1985-01-15','SAN JOSE DE METAN','roquepadilla27@gmail.com','morenita','3876577469','Aceptado',NULL,'2024-12-09 23:21:29',1),(604,31248787,'27-31248787-5','FIGUEROA','MERCEDES CRISTINA ','1985-05-05','EL GALPÓN','cristinamercedesfigueroa@gmail.com','Cristina3124','3876460601','Aceptado',NULL,'2024-12-09 23:21:30',1),(605,36853792,'27368537921','SALAZAR','ROCIO BELEN','1992-10-15','SAN JOSE DE METAN','salazarbelen950@gmail.com','Alan15','3876450625','Aceptado','97c5e90ea2b13aa518757771b1bf45bbf426b88d','2025-02-05 03:11:56',1),(606,29290772,'23-29290772-9','SARACHO','ROBERTO SAMUEL ','1982-08-29','METÁN ','bucefalo1982saracho@gmail.com','sandymaya02','3876533330','Aceptado',NULL,'2024-12-09 23:21:40',1),(607,47451021,'20-47451021-3','PAZ','BAUTISTA','2006-09-20','GAONA','pazbautista992@gmail.com','bautista17paz','3877585956','Aceptado',NULL,'2024-12-09 23:21:49',1),(608,45768935,'27457689352','QUINTERO','EMILCE ARACELI','2005-10-03','SAN JOSE DE METAN','emilcequintero92@gmail.com','emilcearaceli','3876562257','Aceptado',NULL,'2024-12-09 23:21:54',1),(609,38737941,'20387379410','RUIZ','MARIO LEONEL','1995-02-13','METAN','leonel.ruiz11.lr@gmail.com','Estanislao19','3876447344','Aceptado',NULL,'2024-12-09 23:21:57',1),(610,45112134,'20451121341','CASAS RIVADENEIRA ','JUSTO RODRIGO ','2003-09-23','PASO DEL DURAZNO ','valeriacasasrivadeneira@gmail.com','Teve45','3876639672','Aceptado',NULL,'2024-12-09 23:22:02',1),(611,32921683,'27329216832','SANTILLAN','MONICA','1987-08-25','EL GALPON','ninimancha03@gmail.com','Monicas2023','3876475527','Aceptado',NULL,'2024-12-09 23:22:07',1),(612,43438119,'27434381199','DÍAZ ','AGUSTINA MARIA MERCEDES ','2001-11-19','EL GALPÓN ','md5910628@gmail.com','agusdiaz119','3876567019','Aceptado',NULL,'2024-12-09 23:22:11',2),(613,42918276,'27429182765','OLIVERA TORREJON','EBE GIULIANA','2000-08-26','METÁN','giulianatorrejon2@gmail.com','giuli42','3875717605','Aceptado',NULL,'2024-12-09 23:22:19',1),(614,33582100,'27335821004','SORIA ALVAREZ ','NATALIA','1988-03-19','METAN ','natasoria.ns@gmail.com','554106','3876402117','Aceptado',NULL,'2024-12-09 23:22:36',1),(615,39215801,'23392158014','ROBLES','ROMINA ROSANA','1995-10-15','METAN','romiinarobles@gmail.com','micabeza','3876513960','Aceptado',NULL,'2024-12-09 23:22:37',1),(616,35935837,'27359358372','DURAND','MARIANA VANESA ','1991-07-16','EL GALPÓN ','vanesadurand.vd@gmail.com','35935837','03876642290','Aceptado',NULL,'2024-12-09 23:22:42',2),(617,40517635,'27-40517635-7','GARCIA','RUTH ABIGAIL','1997-07-08','EL GALPON','ruthabigailgarcia97@gmail.com','40517635','3876588322','Aceptado',NULL,'2024-12-09 23:22:47',1),(618,45364758,'27453647582','TORRES','ARACELI ISABEL','2004-06-13','SAN JOSÉ DE METÁN ','ARATORRES186@GMAIL.COM','isabel90','3876550216','Aceptado',NULL,'2024-12-09 23:22:56',1),(619,42240155,'27422401550','PEREZ','YULIANA JACQUELINA','1999-10-23','EL GALPON ','perezyulianajacquelina@gmail.com','27645534','3876566843','Aceptado','d0e6130822521212951576b7728b7561b0d4103c','2024-12-10 00:55:59',1),(620,35212968,'20352129689','FRANCES','JONATAN ISMAEL ','1991-08-30','SAN JOSÉ DE METAN','francesjonatan85@gmail.com','jonatanfrances1234','3876518911','Aceptado',NULL,'2024-12-09 23:23:06',1),(621,32741186,'27327411867','AVILA','VANESA NATALI','1987-01-25','SAN JOSE DE METAN','avilavanesa25@gmail.com','vane2501','3876401250','Aceptado',NULL,'2024-12-09 23:23:09',1),(622,45766408,'20457664088','RIVERO ','ALEXIS ','2004-11-05','SAN JOSÉ DE METAN ','alexis35rivero@icloud.com','alexis10','3876617029','Aceptado',NULL,'2024-12-09 23:23:19',1),(623,33550691,'27335506915','GODOY ','MARIANA GISELA ','1988-06-05','ROSARIO DE LASFRONTERA','mari308831@gmail.com','Dios1988','3876431149','Aceptado',NULL,'2024-12-09 23:23:21',1),(624,37512190,'27375121900','VERA','TATIANA EDITH','1993-09-03','SAN JOSÉ DE METAN','tativera93@gmail.com','Tati12321413','3876554926','Aceptado',NULL,'2024-12-09 23:23:23',1),(625,39674801,'2739674801','MATORRAS TESEYRA','NAHIR AYELEN','1996-06-25','METAN','ayee678@gmail.com','Shinee456','387615409143','Aceptado',NULL,'2024-12-09 23:23:24',1),(626,45548905,'2745538905','OLIVERA ','LUCIA','2004-06-06','METAN','cemilseluciana@gmail.com','Luciaolivera4.','3873067860','Aceptado',NULL,'2024-12-09 23:23:24',1),(627,45113473,'27451134731','PEREZ','ERIKA LUJAN','2004-04-06','EL GALPON','erikaluji2401@gmail.com','erikaperez89','3876408491','Aceptado',NULL,'2024-12-09 23:23:25',1),(628,45112149,'21451121494','LUNA','JULIETA ROCIO','2003-10-02','SAN JOSE DE METAN','julietaluna3876@gmail.com','julieta21','3876549149','Aceptado',NULL,'2024-12-09 23:23:34',1),(629,37721308,'23377213084','SORIA','GRISELDA ANTONELA','1994-05-28','METAN ','antusoria@gmail.com','A28S0594','3876631018','Aceptado',NULL,'2024-12-09 23:23:37',1),(630,34278684,'20342786848','GERARDI','JOSE MARIA','1988-09-20','METAN','gerardijm88@gmail.com','JOSE1maria2','3468539749','Aceptado',NULL,'2024-12-09 23:23:38',1),(631,30540555,'27305405553','RODRÍGUEZ ','ANALÍA VALERIA ','1983-11-03','SAN JOSÉ DE METAN ','analiavaleriarodriguez960@gmail.com','ana3260','3876232753','Aceptado',NULL,'2024-12-09 23:23:40',1),(632,37721059,'20377210590','SARAVIA','CRISTIAN HECTOR','1993-12-08','METAN','saravia0103@gmail.com','fabri2017','3872240237','Aceptado',NULL,'2024-12-09 23:23:43',1),(633,48777092,'27-48777092-8','SORIA','FLORENCIA VIRGINIA ','2007-01-25','METÁN ','florsoria384@gmail.com','Piloymora_1','3876472610','Aceptado',NULL,'2025-02-11 16:45:43',1),(634,37721155,'27377211559','UNCO','MAIRA ALEJANDRA ','1994-01-28','PASO DEL DURAZNO','Ale0000192@gmail.com','37721155','3876617306','Aceptado',NULL,'2024-12-09 23:23:51',1),(635,44911306,'20449113064','ARARAMAYO','MANUEL SEBASTIAN','2003-06-04','JOAQUIN V GONZALEZ','aramayoseba@gmail.com','Vivalalibertad','03876572906','Aceptado',NULL,'2024-12-09 23:23:52',1),(636,34993324,'20349933242','MONTEROS','JONATHAN ANDRES','1990-05-11','METAN','monteroosj@gmail.com','Jonathan90','3876572555','Aceptado',NULL,'2024-12-09 23:23:57',1),(637,42080005,'27420800059','FERNANDEZ COLINA','LIZET CARLA MILAGRO ','1999-10-07','METÁN ','lizetcarlaf@gmail.com','upunopo','3876516610','Aceptado',NULL,'2024-12-09 23:24:01',1),(638,47875607,'20478756071','QUIROGA','LEANDRO ARTURO ','2007-02-02','RIO PIEDRAS, METAN','leandroarturo07@gmail.com','mendoza2007','3876403729','Aceptado',NULL,'2024-12-09 23:24:04',1),(639,47586202,'204','RUIZ','LIONEL','2006-11-18','RIO PIEDRAS','lorenitadelvalleherrera@gmail.com','Lionel2006','3876312197','Aceptado',NULL,'2024-12-09 23:24:05',1),(640,45767446,'27457674460','LAGUNA','MICAELA','2005-08-07','SAN JOSÉ DE METAN','lagunamica123@gmail.com','lagunamicaela77','3876664695','Aceptado','184dcffdd356ff60a300959aa2862afdc17c9911','2025-01-23 23:03:50',1),(641,42753899,'27427538996','TESEYRA ','CAMILA MARÍA BELÉN ','1999-08-06','METAN','camilateseyra45@gmail.com','octavio.xavi12','3876053142','Aceptado',NULL,'2024-12-09 23:24:26',1),(642,38340314,'20383403147','SENDIN ','RUBÉN DARIO ','1993-09-30','SAN JOSÉ DE METAN ','sendindario2019@gmail.com','river_2024','3534795560','Aceptado',NULL,'2024-12-09 23:24:28',1),(643,43169198,'27431691987','BAZAN','FLORENCIA ROSAURA ','2001-05-01','METAN','bazanfloor26@gmail.com','gestion23','3876561188','Aceptado',NULL,'2024-12-09 23:24:53',1),(644,39003765,'20-39003765-2','OCHOA','IVAN HUGO ','1994-04-17','SAN JOSE DE METAN','bautistaguadalupe428@gmail.com','guadab294','3876442107','Aceptado',NULL,'2024-12-09 23:25:00',1),(645,39003971,'27390039714','HERRERA','TERESITA MARIA','1995-08-23','SAN JOSE DE METAN','tereherrera1406@gmail.com','morenita1','3876571516','Aceptado',NULL,'2024-12-09 23:25:03',1),(646,45766661,'20457666617','BARRERA','JUAN DAVID','2005-04-23','SAN JOSE DE METAN','bermudezmonica88@gmail.com','monicanicol','3876406688','Aceptado',NULL,'2024-12-09 23:25:12',1),(647,44697490,'23446974904','CASTAÑO','CAMILA DEL MILAGRO ','2003-02-04','METAN','cammmcasta@gmail.com','Camila21','3874661606','Aceptado',NULL,'2024-12-09 23:25:18',1),(648,39538874,'20395388747','MARTINEZ GALARZA','NICOLAS HORCIO','1996-07-05','ROSARIO DE LA FRONTERA','nicomartinezgalarza@gmail.com','39538874NM','3876474742','Aceptado',NULL,'2024-12-09 23:25:19',1),(649,43375558,'20-43375558-9','FLORIANO','ALEJANDRO FABRIZIO ','2001-06-07','LUMBRERAS','florianoalejandro716@gmail.com','lumbreras07','3876499515','Aceptado',NULL,'2024-12-09 23:25:22',1),(650,38737875,'27-38737875-3','LOBO','ANA VIRGINIA','1995-01-12','METAN','la.lobito.vl@gmail.com','Virginia875','2975065779','Aceptado',NULL,'2024-12-09 23:25:23',1),(651,42813864,'2742813864','FRIAS','SOLEDAD VALERIA ','2000-11-23','METAN','friassoledad10@gmail.com','agusbenja18','3876586653','Aceptado',NULL,'2024-12-09 23:25:24',1),(652,39912640,'27399126407','MATORRAS','ABIGAIL ALDANA','1996-08-12','METAN','abigailmatorras9@gmail.com','abigail1996','3872156268','Aceptado',NULL,'2025-01-20 21:02:45',1),(653,43336945,'27433369454','CASAS RIVADENEIRA ','VALERIA ','2001-05-20','PASO DEL DURAZNO ','valeriacasasrivadeneira@gmail.com','vale72','3876639672','Aceptado',NULL,'2024-12-09 23:25:53',1),(654,46232727,'20462327278','DÍAZ ','GIOVANNI GENARO','2006-02-05','METAN','beatrizdelcarmendiaz79@gmail.com','Antony0112@','3876418138','Aceptado',NULL,'2024-12-09 23:26:07',1),(655,44175945,'27441759458','VILLA ','NICOLE ANTONELLA','2002-04-26','METAN','nicoleeevilla94@gmail.com','alfonsolopez','3876666779','Aceptado',NULL,'2024-12-09 23:26:11',1),(656,44818525,'27448185252','JIMÉNEZ PARADA','MARION DANIELA','2003-02-17','METAN','44818525dani@gmail.com','44818dani','3876587185','Aceptado',NULL,'2024-12-09 23:26:15',1),(657,36601224,'27366012244','CASTRO','DAIANA MARIEL','1991-09-04','ROSARIO DE LA FRONTERA','Daiicastro04@gmail.com','Daiana2025','3876447734','Aceptado',NULL,'2025-02-06 20:58:21',1),(658,45768985,'20457689854','LÓPEZ PÉREZ ','GERÓNIMO RUBÉN','2005-10-26','SAN JOSÉ DE METÁN ','lgeronimo802@gmail.com','45768985Gl','3876412705','Aceptado',NULL,'2024-12-09 23:26:22',1),(659,42488775,'27424887752','MAMANI','ESTEFANIA JACQUELINE','1999-08-09','EL GALPON','yaquelinm502@gmail.com','mi1am2a3ite','3876636153','Aceptado',NULL,'2024-12-09 23:26:33',1),(660,35104625,'27351046258','GUTIERREZ','ROSA','1990-08-29','ROSARIO DE LAFRONTERA','rg157986@gmail.com','denisarnaldo','3876618192','Aceptado',NULL,'2024-12-09 23:26:42',1),(661,42080058,'23420800584','CATANIA','MELANI','1999-11-24','METAN','mell00catania@gmail.com','1lcnscs1','3876575419','Aceptado',NULL,'2024-12-09 23:26:50',1),(662,41296122,'20412961227','SORIA','ENZO NAHUEL','1998-10-06','SAN JOSE DE METAN','enzo_soria_12@hotmail.com','nahuel525','3876444251','Aceptado',NULL,'2024-12-09 23:27:01',1),(663,42303382,'27423033822','DIAZ','ALEJANDRA DAIANA','2000-01-06','SAN JOSÉ DE METAN ','dai_ale_10@hotmail.es','alejandra382','3875764033','Aceptado',NULL,'2024-12-09 23:27:14',1),(664,38516110,'27-38516110-2','CARDOSO','AYMARA LAILA','1994-10-24','SAN JOSÉ DE METÁN ','cardoso.laila.2730@gmail.com','Sandymaya00','3876454469','Aceptado',NULL,'2025-02-20 10:07:50',1),(665,45600003,'27456000032','CUELLAR','MICAELA ESTEFANIA','1998-06-05','SAN JOSE DE METAN','lu93her@gmail.com','Micaela24','3876642476','Aceptado',NULL,'2024-12-09 23:27:52',1),(666,43438319,'20434383197','TORRES DIAZ ','FERNANDO ANDRÉS ','2001-10-10','SAN JOSÉ DE METÁN ','torresdiazfernandoandres29@gmail.com','17913492','3875555775','Aceptado',NULL,'2024-12-09 23:27:59',1),(667,46232719,'20-46232719-9','PALACIO','LUVIANO','2006-02-09','METAN','lucianopalacio055@gmail.com','luciano55','3876569950','Aceptado',NULL,'2024-12-09 23:28:03',1),(668,38340354,'20383403546','FERNANDEZ COLINA','ANIBAL ORLANDO RAMON','1994-10-10','METAN','anibalfernandez710@gmail.com','folclore1','3876435033','Aceptado',NULL,'2024-12-09 23:28:07',1),(669,44271453,'27442714539','ARMELLA','MAICA AGUSTINA','2002-05-23','SAN JOSÉ DE METÁN ','maica.arme@gmail.com','123456','3876634769','Aceptado',NULL,'2024-12-09 23:28:21',1),(670,44818546,'20448185460','LAGUNA ','LEONEL ERNESTO ','2003-03-06','METAN','silvinaarruleal@gmail.com','1502','3876561043','Aceptado',NULL,'2024-12-09 23:28:21',1),(671,40889158,'27-40889158-8','MARTINEZ ','KAREN LUJAN DEL VALLE ','1997-12-23','METAN','km006408@gmail.com','jonasledesma1','3876459302','Aceptado',NULL,'2024-12-09 23:28:21',1),(672,38343326,'27383433261','ARGAÑARAZ','ALDANA ABIGAIL','1994-11-29','EL GALPON','abigailarganaraz12@gmail.com','emiliano12','3876431746','Aceptado',NULL,'2024-12-09 23:28:37',2),(673,41372252,'27413722522','DELGADO','JAZMIN AGOSTINA ','1999-01-18','METAN ','jasminagostina18@gmail.com','nomedejes.','3876445428','Aceptado',NULL,'2024-12-09 23:28:39',1),(674,31841779,'20318417793','HERRERA','GUIDO JOSE','1985-10-24','SAN JOSE DE METAN','guidoherrera48@gmail.com','chano','3876435945','Aceptado',NULL,'2024-12-09 23:28:40',1),(675,35912968,'20359129689','FRANCES','JONATAN ISMAEL ','1991-08-30','SAN JOSÉ DE METAN ','francesjonatan85@gmail.com','jonatanfrances9876','3876518911','Aceptado',NULL,'2024-12-09 23:28:47',1),(676,33249023,'20332490231','CORTE ALBORNOZ','EMMANUEL SEBASTIAN','1987-12-16','JOAQUIN VICTOR GONZALEZ','sebalion36@gmail.com','benja','3877405632','Aceptado',NULL,'2024-12-09 23:28:53',1),(677,45766664,'276','GUTIERREZ','ADRIANA PAOLA','2005-04-13','METAN','adrianapgutierrez632@gmail.com','45766664','3876622574','Aceptado',NULL,'2024-12-09 23:28:54',1),(678,45974644,'27459746442','GIL','LEONELA AMELIE','2006-02-02','METAN','ameliegilfigueroa@gmail.com','leonela18gil','3876415817','Aceptado',NULL,'2024-12-09 23:28:57',1),(679,37302347,'27373023472','CAMPOS','ALEJANDRA MERCEDES','1993-02-02','METAN','Camposmercedes192@gmail.com','lolona','3876524313','Aceptado',NULL,'2024-12-09 23:29:00',1),(680,31312778,'27313127783','SORIA ','CLAUDIA DEL MILAGRO','1984-04-15','SAN JOSÉ DE METÁN ','claudiadelmilagrosoria@gmail.com','claudia1984','3876401088','Aceptado',NULL,'2024-12-09 23:29:02',1),(681,27912363,'27279123633','MORALES ','DANIELA ','1980-08-08','METAN','danny21mo@gmail.com','123456','3876624773','Aceptado',NULL,'2024-12-09 23:29:12',1),(682,47541024,'20475410247','CISNERO ','ALEXANDER ','2006-10-14','SAN JOSÉ DE METAN SALTA ','sisneroalexander@gmail.com','alex.cisnero024','3876415322','Aceptado',NULL,'2024-12-09 23:29:15',1),(683,45766651,'23457666519','GALVÁN','SANTIAGO','2005-03-26','METÁN','santiagogg715@gmail.com','yellapluto1230','3876410872','Aceptado',NULL,'2024-12-09 23:29:21',1),(684,44493189,'20444931893','GIJON','AXEL RODRIGO','2002-12-16','METAN','axelgijon02@gmail.com','axelrg1902','3876534760','Aceptado',NULL,'2024-12-09 23:29:22',1),(685,43550046,'20435500464','QUINTEROS','DARIO ALEJANDRO ','2001-09-13','METAN','osoquinteros3@gmail.com','Irmagra','3876499900','Aceptado',NULL,'2024-12-09 23:29:27',1),(686,45178382,'27-45178382-9','GONZALEZ','GUADALUPE','2004-02-29','METÁN ','guadalupemarisol15@gmail.com','marisol2004','3876667419','Aceptado',NULL,'2024-12-09 23:29:51',1),(687,33351423,'27333514236','ALEMÁN ','DENISE','1987-07-11','METAN','fatimanaranjo25@gmail.com','de062421','3876441955','Aceptado',NULL,'2024-12-09 23:29:57',1),(688,41052509,'27-41052509-2','PEREZ MIRANDA ','MARIEL ABIGAIL ','1998-03-06','EL GALPON','mariipmiranda723@gmail.com','41052509','3876579201','Aceptado',NULL,'2024-12-09 23:30:04',2),(689,40792495,'27407924954','VILLAGRA','CARLA MACARENA','1997-12-18','METAN','carlamacarenav@gmail.com','MoreBau120','3876446522','Aceptado',NULL,'2024-12-09 23:30:08',1),(690,27974893,'27279748935','FRIAS','ALBA ELIZABET','1980-12-11','METAN','albamariafrias80@gmail.com','27974893','3876436636','Aceptado',NULL,'2024-12-09 23:30:23',1),(691,35912967,'27359129675','GUTIERRREZ','GABRIELA CAROLINA','1991-08-20','METAN','gabrielaa20g@gmail.com','Guillermina91','3876457700','Aceptado',NULL,'2024-12-09 23:30:26',1),(692,41296093,'27412960934','MAIDANA','MACARENA ELIZBETH','1996-01-26','METAN','macarenaelizabethmaidana@gmail.com','Maca41296093','3876441044','Aceptado',NULL,'2024-12-09 23:30:27',1),(693,38211897,'27382118974','MONTEROS ','YÉSICA DEL MILAGRO ','1994-07-23','METAN ','yesicamonteros794@gmail.com','38211897','3876519708','Aceptado',NULL,'2024-12-09 23:30:33',1),(694,40327893,'27403278934','PACHECO','ANABELA ESTEFANÍA AMIRA ','1991-09-25','METAN ','anabellapacheco08@gmail.com','terciario621','3876620626','Aceptado',NULL,'2024-12-09 23:30:33',1),(695,37512327,'20375123275','VILLA','MAURO EZEQUIEL','1993-11-11','METAN','mauroezevilla.93@gmail.com','yoysoloyo','2975442114','Aceptado',NULL,'2024-12-09 23:30:36',1),(696,33921475,'27339214757','GORRITTI','DÉBORA GISELA','1988-12-14','EL GALPON','deby35@live.com','debora3392','3876584768','Aceptado',NULL,'2024-12-09 23:30:40',2),(697,41053494,'27410534946','GIMENEZ','DAIANA GESELLE','1998-05-07','METAN','gimenezdaiana@gmail.com','123456789','2974305905','Aceptado',NULL,'2024-12-09 23:30:54',1),(698,34639001,'27346390013','CORDOBA','GLADYS','1989-07-15','METAN','gladyscordoba15@gmail.com','MartyCC12','3876519338','Aceptado',NULL,'2024-12-09 23:31:10',1),(699,44879682,'20448796826','CUELLO','ROQUE VALENTIN','2001-12-20','METAN','roquevcuello2@gmail.com','Parlantes12JBL','3876582958','Aceptado',NULL,'2024-12-09 23:31:17',1),(700,31518889,'27315188897','LUNA','MARIANA MABEL','1985-05-07','METAN','mabel80_luli@hotmail.com','Mml1985','3876631729','Aceptado','2c961d7631c0503e49deddcd1ce50b3154231551','2025-02-28 02:00:23',1),(701,39215875,'27392158753','SANTELLAN','LAURA VALERIA','1995-10-31','METAN ','santellan454@gmail.com','Lau39215875','3876441451','Aceptado',NULL,'2024-12-09 23:31:54',1),(702,35212548,'27352125488','IDALGO','MARIA DE LOS ANGELES','1990-06-28','METAN','maguii352204@gmail.com','2214Djbi+','3876563118','Aceptado',NULL,'2024-12-09 23:32:20',1),(703,37721179,'20377211791','AVILA','ALFREDO RUBEN','1994-03-17','SAN JOSE DE METAN','araycfc@gmail.com','Narella2017','3876667997','Aceptado',NULL,'2024-12-09 23:32:22',1),(704,41422638,'27414226383','MEDINA ','MARCELA BELÉN ','1999-03-08','SAN JOSE DE METÁN ','belenmedina486@gmail.com','Belen2999','3876443378','Aceptado',NULL,'2024-12-09 23:32:32',1),(705,37512216,'20375122163','CHAVEZ','JULIO LUCI ','1993-08-10','METAN','lucianochavez664@gmail.com','lu37512216','3876415718','Aceptado',NULL,'2024-12-09 23:32:56',1),(706,35912965,'27359129659','AGUILERA','ANABEL','1991-09-21','METÁN ','anaguilera221707@gmail.com','35912965','3876562897','Aceptado',NULL,'2024-12-09 23:33:05',1),(707,24858820,'23248588209','VARGAS','MARIO EDGARDO','1975-09-12','METAN','mv157566@gmail.com','0102','3876415510','Aceptado',NULL,'2024-12-09 23:33:25',1),(708,36037320,'27360373202','LÓPEZ ','FLORENCIA FERNANDA ','1992-02-02','METAN','lopezflorenciafernanda@gmail.com','feryesi9473','3876562761','Aceptado',NULL,'2024-12-09 23:33:28',1),(709,47541087,'23475410874','MACIEL','MAIRA','2006-07-26','SAN JOSE DE METAN','brendanaranjo192@gmail.com','maira18','3876528333','Aceptado',NULL,'2024-12-09 23:33:29',1),(710,36505107,'20365051071','FERNÁNDEZ ','ROBERTO ANTONIO ','1991-10-14','SAN JOSE DE METAN','rfernandeztester@gmail.com','Felipe26','3876669183','Aceptado',NULL,'2024-12-09 23:33:33',1),(711,42896856,'27428968560','CHAVEZ ','LOURDES DANIELA CAMILA ','2000-12-12','METAN ','camijvc2@gmail.com','Camilo12','3876576600','Aceptado',NULL,'2024-12-09 23:33:36',1),(712,44911110,'23449111109','JIAREZ','CARLOS EMANUEL ','2003-05-23','METAN ','macarena_37_09@hotmail.com','pepona','3876580654','Aceptado',NULL,'2024-12-09 23:33:59',1),(713,27192455,'20271924551','MAMANÌ','ARIEL','1979-03-14','RIO PIEDRAS ','arielpunk7@gmail.com','2433M@mi','3876444235','Aceptado',NULL,'2024-12-09 23:34:06',1),(714,45768984,'20457689846','LÓPEZ PÉREZ','JOAQUIN OSCAR','2005-10-26','SAN JOSÉ DE METÁN','joaquinoscarlopezperez@gmail.com','45768984Jl','3876458614','Aceptado',NULL,'2024-12-09 23:34:20',1),(715,45364969,'27453649690','PLAÑEZ','CATALINA LUJAN ','2004-10-24','METAN ','planezcatalina851@gmail.com','241004.cp','3876663366','Aceptado',NULL,'2024-12-09 23:34:43',1),(716,46802112,'27468021124','CRESPIN ','BRISA VALENTINA','2006-07-31','SAN JOSÉ DE METAN ','valentinacrespin9@gmail.com','valentina3107','3876553281','Aceptado',NULL,'2024-12-09 23:34:49',1),(717,37721087,'27-37721087-0','AGUIRRE GALVAN','SILVIA MACARENA','1994-01-16','METAN','aguirremac94@gmail.com','LUMACILEMAX05','3876526281','Aceptado',NULL,'2024-12-09 23:35:03',1),(718,41986499,'23419864994','BARBO','MARIA ELENA','1994-09-08','METAN','mariiabarbo239@gmail.com','nahiara0702','3876636030','Aceptado',NULL,'2024-12-09 23:35:08',1),(719,30276189,'20302761893','MALDONADO QUILCA','LUCIANO GABRIEL','1983-04-22','METAN','LGMQ30@GMAIL.COM','Estero123','1132842684','Aceptado',NULL,'2024-12-09 23:35:09',1),(720,45364976,'27-45364976-3','SOSA','MARIA ESTHER','2004-10-29','SAN JOSE DE METÁN','mariasosa452900@gmail.com','mariasosa123','3876401990','Aceptado',NULL,'2024-12-13 00:34:40',1),(721,34639256,'27-34639256-3','CHAVEZ','LORENA PAOLA','1989-12-12','METAN ','chavezlorenapaola07@gmail.comc','34639loch','3875522746','Aceptado',NULL,'2024-12-09 23:35:21',1),(722,45766640,'20457666404','PAZ','ALEXIS SAMUEL','2005-03-14','SALTA','samuelpaz10p@gmail.com','Samuale455555_','3876666368','Aceptado',NULL,'2024-12-09 23:35:27',1),(723,42896820,'23428968204','MEDINA','LINA ROCIO DEL VALLE','2000-12-14','METAN','linamedina278@gmail.com','Rr150921@','3876479252','Aceptado',NULL,'2024-12-09 23:35:41',1),(724,45766401,'27457664015','NÚÑEZ ','LUCILA ABIGAIL ','2004-10-26','METÁN ','patriciaelizabethdelvallerosal@gmail.com','abigail20','3876437723','Aceptado',NULL,'2024-12-09 23:36:12',1),(725,41488613,'203','GONZALÉZ FRANSÉS','NAHUEL GABRIEL ANDRES','1999-02-23','RIO PIEDRAS','gabrielfranses@gmail.com','Gf91218','3876574266','Aceptado',NULL,'2024-12-09 23:36:17',1),(726,33351342,'20333513421','PONCE ','FABIAN ','1987-09-06','SAN JOSÉ DE METAN','poncefabian748@gmail.com','Andrea08','03876406245','Aceptado',NULL,'2024-12-09 23:36:21',1),(727,28498795,'20284987951','MAMANI','CARLOS GABRIEL ','1981-03-09','RÍO PIEDRAS ','charlyweb66@hotmail.com','Casagris210','3876447702','Aceptado',NULL,'2024-12-09 23:36:25',1),(728,36853718,'27/2','ROMERO','RITA VERÓNICA ','1992-09-09','METAN','vr2755141@gmail.com','Valentino4','3876570879','Aceptado',NULL,'2024-12-09 23:36:35',1),(729,36379589,'27363795892','SALAZAR ','ANA MARIA','1991-07-31','SAN JOSÉ DE METAN','amsalazar36lautaro@gmail.com','Lautaro87','1151501909','Aceptado',NULL,'2024-12-09 23:36:52',1),(730,96173379,'20961733791','MENDIZABAL CASTILLO','LIONEL ALEJADRO','1992-11-02','METAN','lionelmendizabal02@gmail.com','Lionel.1992','3876637676','Aceptado',NULL,'2024-12-09 23:36:55',1),(731,39896133,'20398961332','BRANDAN MUÑOZ','FRANCO EZEQUIEL','1997-01-14','METAN','francobrandan19@gmail.com','Franco11','3875466516','Aceptado',NULL,'2024-12-09 23:36:59',1),(732,44271442,'20442714429','PEREZ','LAUREANO','2002-05-25','SAN JOSE DE  METAN','lauriiperez04@gmail.com','225566Perez','3876419914','Aceptado',NULL,'2024-12-09 23:37:00',1),(733,42917100,'20-42917100-9','SOTO BUSQUETS','SILVIO NAHUEL','2001-03-28','METAN','nahuelsoto566@gmail.com','261205','3472622759','Aceptado',NULL,'2024-12-09 23:37:05',1),(734,45364767,'20453647677','RIOS ','EDUARDO AGUSTIN ','2004-06-07','SAN JOSE DE METAN','eduardoagustinrios98@gmail.com','EDUARDO67','3876562617','Aceptado',NULL,'2024-12-09 23:37:19',1),(735,45179720,'20451797205','GARCIA','SANTIAGO NICOLAS','2004-04-12','METAN ','garciasantiagonicolas5@gmail.com','santi.2023','3876520609','Aceptado','e3c1d75526d36eb03f92f4ffa450276b0009dae7','2024-12-10 11:50:57',1),(736,45112188,'27451121885','TESEYRA ACOSTA','EMILIA FERNANDA','2003-10-26','METAN','eteseyra6@gmail.com','Emilia26','3876660266','Aceptado',NULL,'2024-12-09 23:37:50',1),(737,46789368,'20467893689','CANISA','ANGEL CARLOS ','2006-06-23','METAN','carloscanisa9@gmail.com','46789368canisa','3876512723','Aceptado',NULL,'2024-12-09 23:38:21',1),(738,38737968,'27387379687','VILLAFAÑE','CINTIA ANABEL ','1995-03-09','METÁN ','cinthyaanabel1995@gmail.com','38737968Cv','3876573212','Aceptado',NULL,'2025-02-24 11:47:06',1),(739,41422677,'23424226779','CISNEROS','PABLO TOMAS','1999-03-25','METAN','pablocisneros@outlook.com','dantealejandro','3876232625','Aceptado',NULL,'2024-12-09 23:38:51',1),(740,22254352,'27-22254352-0','ZARATE','MARIELA ALEJANDRA ','1971-10-15','LUMBRERAS ','marazarate23@gmail.com','Tiziana2323','3876447675','Aceptado',NULL,'2024-12-09 23:38:56',1),(741,38343315,'20383433151','GARNICA','MARIANO','1994-11-05','EL GALPON','garnicamariano8@gmail.com','roman10yo8','03814170365','Aceptado',NULL,'2024-12-09 23:39:05',2),(742,27426828,'27274268285','ROMERO','DÉBORA SOLEDAD','1979-10-19','METÁN','debosol35@gmail.com','27426828','3876331322','Aceptado',NULL,'2024-12-09 23:39:27',1),(743,41422722,'27414227223','CASTRO','DANIELA VERONICA','1999-04-11','METAN','dc5021376@gmail.com','Dani99castro','3876564303','Aceptado',NULL,'2024-12-09 23:39:31',1),(744,45766612,'20457666129','HEREDIA','LEANDRO IGNACIO ','2005-03-15','METAN ','ignacioheredia177@gmail.com','1lcnscs1','3876415747','Aceptado',NULL,'2024-12-09 23:39:32',1),(745,40327942,'27403279426','ARENAS JAIME','ALDANA BELÉN ','1995-09-03','METÁN ','quipildoralfonsina@gmail.com','Alfonsina18','3876662028','Aceptado',NULL,'2024-12-09 23:39:42',1),(746,37512174,'20375121744','SORIA','SEBASTIAN ALFREDO','1993-07-16','METAN','alfre_021@hotmail.com','050196','3875585696','Aceptado',NULL,'2024-12-09 23:39:44',1),(747,39782858,'20397828582','HIDALGO','JUAN MANUEL ','1996-03-11','METAN','emi.bri9617@gmail.com','jero33','3876461777','Aceptado',NULL,'2024-12-09 23:39:57',1),(748,41296068,'20412960689','CORDOBA ','GASTON ','1998-09-04','METAN ','gastoncordoba10@gmail.com','gaston200','3876479267','Aceptado',NULL,'2024-12-09 23:40:07',1),(749,40517524,'20405175240','FERNANDEZ COLINA ','AGUSTÍN MARCELO','1997-06-10','METAN','agus4f4@gmail.com','40517524','3876660295','Aceptado',NULL,'2024-12-09 23:40:14',1),(750,43686833,'27436868338','SORIA RIVERO','LOURDES MARIA ELIZABETH','2001-11-24','METAN','lourdes23rivero@icloud.com','110921Dhr.','3876568381','Aceptado',NULL,'2024-12-09 23:40:22',1),(751,44911199,'27449111996','JEREZ','DANIELA ABIGAIL','2003-07-03','METAN','jerezabigail873@gmail.com','4491aj1199','3876516390','Aceptado',NULL,'2024-12-09 23:40:53',1),(752,45365779,'27453657790','RUIZ','FATIMA NAOMI','2005-05-13','ROSARIO DE LA FRONTERA ','fatii45365779@mail.com','fatinena','3876584302','Aceptado',NULL,'2024-12-09 23:41:25',1),(753,34311616,'27343116166','BAZAN','CINTIA','1989-04-21','SAN JOSÉ DE METAN','cintiabazan1520@gmail.com','2202','3876638535','Aceptado',NULL,'2024-12-09 23:41:27',1),(754,42813818,'27428138185','SUAREZ PEREYRA','TAMARA JAQUELINE','2000-09-18','METAN','tpereyra547@gmail.com','Angela20.','3876449044','Aceptado','d3ae57a71223d9eb6655f1e1e86c18235fd64e64','2025-02-20 02:50:19',1),(755,36226866,'23362268664','VERA','ELIANA CECILIA ','1993-06-06','METAN ','elitavera93@hotmail.com','Shay0439.06','3876497060','Aceptado',NULL,'2024-12-09 23:41:46',1),(756,26014032,'27260140324','VAZQUEZ','NILDA DEL CARMEN ','1977-06-28','EL GALPON','nildadelcarmenvazquez@gmail.com','MUDA','3876417954','Aceptado',NULL,'2024-12-09 23:41:46',2),(757,45974636,'20 7','ROJAS','DIEGO GASTON','2005-12-15','EL GALPON ','diegosg21512@gmail.com','diegosg15','3876561745','Aceptado',NULL,'2024-12-09 23:42:11',2),(758,45853244,'20458532444','ORDOÑEZ','AGUSTÍN ERIC JOEL','2005-03-01','ROSARIO DE LA TECNICA ','ordonez010305@gmail.com','qawsedrf123ARG','3876562417','Aceptado',NULL,'2024-12-09 23:42:30',1),(759,46670571,'27466705719','AVILA ROMEO','ANTONELLA LUJAN','2006-03-26','EL GALPON','gladyromero10@gmail.com','anto2018','3876579428','Aceptado',NULL,'2024-12-09 23:42:30',2),(760,35212573,'20-35212573-4','ACOSTA ','WALTER FABIÁN ','1990-07-18','SAN JOSÉ DE METÁN ','acostafw.118@gmail.com','WalterAcosta','3876522954','Aceptado',NULL,'2024-12-09 23:42:53',1),(761,33582021,'27335820210','MEDINA','VERÓNICA ELIZABETH ','1988-02-29','METAN','veronicaelizabethmedina.9@gmail.com','298829','3876418082','Aceptado',NULL,'2024-12-09 23:43:05',1),(762,46172796,'23-46172796-4','SOLOAGA CRESPIN','MELISA JIMENA ','2006-01-11','METÁN ','melisasoloaga@gmail.com','Melisa10','3876567738','Aceptado',NULL,'2024-12-09 23:43:07',1),(763,40517634,'27405176349','CASERES','CECILIA PAOLA','1997-01-19','EL TUNAL ','paola19caseres@gmail.com','cecy4051','3877451195','Aceptado',NULL,'2024-12-09 23:43:14',1),(764,36853675,'27/5','ALVARADO','JESICA DAIANA ','1992-08-05','METAN','jesyalvarado38@gmail.com','Fran2016','2974575411','Aceptado',NULL,'2024-12-09 23:43:14',1),(765,42815647,'27428156477','VELARDEZ','VERONICA BELEN','2000-09-10','EL GALPON ','verovelardez10@gmail.com','vero1009','3876572854','Aceptado',NULL,'2024-12-09 23:43:23',2),(766,39398726,'20393987265','BRICEÑO','MARIA EMILIA ','1996-02-27','METAN ','emi_bri96@hotmail.com','jero030321','3876474135','Aceptado',NULL,'2024-12-09 23:43:26',1),(767,45055207,'27450552076','SARAVIA','GISELLA MAGALI ','2003-06-20','ROSARIO DE LA FRONTERA ','gisellasaravia53@gmail.com','45055207','3876661858','Aceptado',NULL,'2024-12-09 23:43:44',1),(768,45179759,'20451797590','PERULLINI ','EZEQUIEL ANTONIO ','2004-04-07','METAN','ezequielperullini39@gmail.com','0045179759','3876557762','Aceptado',NULL,'2024-12-09 23:43:46',1),(769,36173737,'27361737372','OLIVA','TERESITA DEL CARMEN ','1992-05-20','EL GALPON ','tere.tdco@gmail.com','tereoliva20','3876665180','Aceptado',NULL,'2024-12-09 23:44:04',2),(770,41444714,'27414447142','SAMANA','MARIA BELEN','1998-03-10','EL GALPÓN','belen86samana@gmail.com','belensamana98','3876576628','Aceptado',NULL,'2024-12-09 23:44:46',1),(771,42079983,'27420799832','FRIAS','BRISA','1999-09-30','SAN JOSE DE METAN ','bfrias475@gmail.com','almas2023','3876459610','Aceptado',NULL,'2024-12-09 23:45:02',1),(772,44567313,'20445673138','LIEBANA','ANGEL GABRIEL ','2003-12-25','RIO PIEDRAS ','angelliebana9@gmail.com','34741512Da','3875699604','Aceptado',NULL,'2024-12-09 23:45:06',1),(773,35779904,'27357799045','REYES','DANIELA ','1991-02-16','SAN JOSE DE METAN','solrey2617@gmail.com','Mjmm07269416','0387154480118','Aceptado',NULL,'2024-12-09 23:45:10',1),(774,44493200,'20444932008','LUNA','BRUNO ISMAEL','2003-01-26','SAN JOSE DE METAN','brunoluna854@gmail.com','luna26bruno','3876526443','Aceptado',NULL,'2024-12-09 23:45:15',1),(775,31312675,'27313126752','JAIMES','TANIA FERNANDA ','1985-01-01','SAN JOSÉ METAN ','tanyafer3@gmail.com','mauricio3','1138138803','Aceptado',NULL,'2024-12-09 23:45:22',1),(776,39896184,'20398961847','CEBALLOOS','FAUBDDO ISAAC','1997-01-31','METAN','ceballosfacundoo759@gmail.com','felipe2019','3876409395','Aceptado',NULL,'2024-12-09 23:45:27',1),(777,39782894,'20397828949','HEREDIA','LUCIANO GASTON ','1996-09-19','METAN','heredialuciano08@gmail.com','1lcnscs1','3876663406','Aceptado',NULL,'2024-12-09 23:45:41',1),(778,41707362,'20417073621','BRANDAN MUÑOZ ','JOAQUÍN NICOLÁS ','1999-01-20','METAN','joaquinbrandan340@gmail.com','joaco362','3876405852','Aceptado',NULL,'2024-12-09 23:45:43',1),(779,40638481,'20406384811','GUTIERREZ','JACQUES','1997-10-03','SAN JOSÉ DE METÁN ','homega17rtv2@gmail.com','jacques0662','3874478629','Aceptado',NULL,'2024-12-09 23:45:53',1),(780,45076474,'20450764745','ALFONSO','EMILIANO','2004-04-17','SAN JOSE DE METAN','emilianoalfo75@gmail.com','emidebia0608','3876515956','Aceptado',NULL,'2025-02-03 15:37:34',1),(781,35306255,'20353062558','TABOADA','ALVARO','1990-09-27','SAN JOSE DE METAN','alvaro.taboada27@gmail.com','a123abc456','3876557687','Aceptado',NULL,'2024-12-09 23:46:09',1),(782,29576468,'27295764681','JAIME','MALVINA SOLEDAD ','1982-05-20','SAN JOSÉ DE  METAN','malvinajaime9@gmail.com','Marti20','3876637625','Aceptado',NULL,'2024-12-09 23:46:18',1),(783,45364802,'20453648029','DIAZ','ROMAN FELIPE','2003-01-25','METAN','feli.diaz453@gmail.com','kotiroman','3876581322','Aceptado',NULL,'2024-12-09 23:46:21',1),(784,42080006,'27420800067','NARANJO LOURDEN MARIA','LOURDEN MARIA CRISTINA ','1999-01-25','METAN','luuunaranjo6@gmail.com','243012','387569148','Aceptado',NULL,'2024-12-09 23:46:38',1),(785,40517684,'20405176840','CORVALAN','RICARDO EMANUEL','1997-10-05','EL GALPON','corvalanricardo05@gmail.com','Corvalanricardo.05','03876583245','Aceptado',NULL,'2024-12-09 23:46:47',2),(786,42303425,'23423034254','RAMÍREZ ','AGUSTINA ','2000-02-24','METAN','ramirezagustina109@gmail.com','Felipe07','3876575842','Aceptado',NULL,'2024-12-09 23:47:24',1),(787,45766537,'20457665378','AVILA','SANTIAGO EZEQUIEL ','2005-01-31','SAN JOSE DE METAN','santilamos07@gmail.com','041179l','3876232325','Aceptado',NULL,'2024-12-09 23:47:40',1),(788,42240167,'27422401674','SUARES','DEBORA SOLEDAD','2000-01-11','EL GALPON','solesuares8@gmail.com','01928475Ss','3876630880','Aceptado',NULL,'2024-12-09 23:48:01',2),(789,39003791,'27390037916','ROMERO','REBECA EDITH ','1995-05-12','METÁN ','reberomero301@gmail.com','tomas2023','3876550081','Aceptado',NULL,'2024-12-09 23:48:15',1),(790,38737804,'27/4','GARCÍA QUIPILDOR','KAREN GISELLA','1994-12-09','METAN','lizangelica@gmail.com','38737804','3876566056','Aceptado',NULL,'2024-12-09 23:48:36',1),(791,41940148,'27419401485','GIMENEZ','CLAUDIA MALENA','1999-07-23','METAN','feergimenez33@gmail.com','Claudia2025','3876523594','Aceptado',NULL,'2024-12-09 23:48:52',1),(792,42080021,'27420800210','NAVARRO','MOIRA ALEJANDRA','1999-10-06','SAN JOSE DE METAN','moiranavarro7@gmail.com','moiranavarro1234','3876437789','Aceptado',NULL,'2024-12-09 23:49:33',1),(793,43438172,'27434381725','CHAVEZ','SOFÍA YAMILA','2002-04-04','EL GALPÓN ','chavezyamii91@gmail.com','YAMILA22','3876431294','Aceptado',NULL,'2024-12-09 23:49:37',2),(794,41372123,'20-41372123-8','FRÍAS ','LEONARDO VALENTÍN ','1998-11-19','SAN JOSÉ DE METAN ','friasleo66@gmail.com','somostodosmontiel','3876444953','Aceptado',NULL,'2024-12-09 23:50:38',1),(795,34278683,'27342786834','TAPIA','ROMINA PAOLA','1988-06-30','METAN','tapiaromina133@gmail.com','34278683','3876512246','Aceptado',NULL,'2024-12-09 23:50:43',1),(796,38737983,'20387379836','ROBLES','MARTIN GUILLERMO ','1990-06-11','METAN','martinrobles728@gmail.com','1lcnscs1','3876476394','Aceptado',NULL,'2024-12-09 23:50:47',1),(797,36037393,'27360373938','CONDORI ','JORGELINA VERÓNICA ','1992-02-16','METÁN ','condorijorgelina91@gmail.com','Lucianopereyra','3876476750','Aceptado',NULL,'2024-12-09 23:51:28',1),(798,41371061,'27413710613','SALTO','LUJAN AGUSTINA','1998-11-24','METAN','saltolujan98@gmail.com','241198Ls','3877530595','Aceptado',NULL,'2024-12-09 23:51:31',1),(799,36853698,'23368536989','AVILA','JORGE FEDERICO','1991-09-25','METAN','jorgeavila160@gmail.com','Noa26081992','3876439201','Aceptado',NULL,'2024-12-09 23:51:40',1),(800,39892092,'23398920929','NARANJO','ENRIQUE GABRIEL','1996-12-29','SAN JOSÉ DE METAN','gabii.naranjo96@gmail.com','f2r8n2g66','3876620123','Aceptado',NULL,'2024-12-09 23:51:46',1),(801,42201661,'23422016619','GALAN VIZGARRA ','NAHUEL MARCELO','1999-10-18','EL GALPÓN ','aeternalu99@gmail.com','cyberpunk2023','1125681328','Aceptado',NULL,'2024-12-09 23:51:59',2),(802,41053413,'23410534134','QUINTANA','YAMILA','1998-04-09','SAN JOSÉ DE METAN','qyamila340@gmail.com','octavio22','3876410252','Aceptado',NULL,'2024-12-09 23:52:06',1),(803,44911166,'23449111664','ERAZU','SOL ALEJANDRA AGUSTINA ','2003-06-10','METAN','caricatalina12@gmail.com','catalina0510','3876675791','Aceptado',NULL,'2024-12-09 23:52:09',1),(804,41820907,'20418209071','MATORRAS ARENAS','MARTIN ISMAEL ','1999-05-19','METAN','chiliwili5847@gmail.com','camarozl1','3876584711','Aceptado',NULL,'2024-12-09 23:52:20',1),(805,45110670,'27451106703','SOTO','VALENTINA','2003-11-11','EL GALPO','val.carlotasoto@gmail.com','febrero142021','3876439633','Aceptado',NULL,'2024-12-09 23:52:22',1),(806,46789314,'23467893149','QUINTANA','MARCOS ISAIAS','2006-05-29','SAN JOSÉ DE METAN','marcosisaiasquintana@gmail.com','messi#10','3876630701','Aceptado',NULL,'2024-12-09 23:52:23',1),(807,44105485,'20441054859','PAZ CHOCOBAR','ALBERTO EMANUEL','2002-04-09','SAN JJSE DE METAN','albertoemanuel2945@gmail.com','AEP2002','3876406016','Aceptado',NULL,'2024-12-09 23:52:35',1),(808,36037319,'27360373199','LUNA','ROXANA ALEJANDRA','1992-01-23','METAN','roxana_2005_942@hotmail.com','pepapik','3876458981','Aceptado',NULL,'2024-12-09 23:52:36',1),(809,43336881,'27433368814','MARTIN','LUCILA MARÍA ESTRELLA','2001-05-15','SAN JOSÉ DE METAN','estrella121531@gmail.com','salvador7','3876413565','Aceptado',NULL,'2024-12-11 23:38:30',1),(810,42553370,'27425533709','LUNA','JESICA GISELLA','2000-06-04','SAN JOSE  DE METAN','Lunagisella102@gma.com','jairoteamo1502','3876415419','Aceptado',NULL,'2024-12-09 23:52:46',1),(811,39674737,'20396747376','DELGADILLO ','ROBERTO AUGUSTO ','1996-06-13','METAN','delgadilloroberto740@gmail.com','eljudastino','3876589185','Aceptado',NULL,'2024-12-09 23:53:09',1),(812,35100276,'20-35100276-0','COLLANTE','JULIO DAVID','1990-06-20','METAN','collantejuliodavid10@gmail.com','122436bocha','3876431176','Aceptado','5813bc7b685be719835f9ca54cfe6361465e457c','2025-02-05 04:24:44',1),(813,32455317,'27324553172','VELEZ','AZUCENA DEL CARMEN','1986-06-20','METAN','zcnvlz098@gmail.com','carmensofia','3876616395','Aceptado',NULL,'2024-12-09 23:53:15',1),(814,36037022,'023603702204','ALVARES','CINTIA JUDITH ','1991-09-08','METAN','alvarescintia423@gmail.com','24298605','3876403417','Aceptado',NULL,'2024-12-09 23:53:16',1),(815,26045427,'27260454272','VILLAGRA','IRIS DEL VALLE BELINDA ','1977-12-05','METAN','irisbelindavillagrs427@gmal.com','Iris','3876438154','Aceptado',NULL,'2024-12-09 23:53:22',1),(816,43438188,'20434381887','GONZALEZ','MATIAS IVAN','2002-05-20','EL GALPON','gonzalezmatias425@gmail.com','MatyIG20','3876407306','Aceptado',NULL,'2024-12-09 23:53:36',1),(817,39398618,'27393986188','TANQUIA GARCÍA ','FÁTIMA FLORENCIA ','1995-11-23','METAN','florenciatanquiagarcia@gmail.com','1lcnscs1','3876636524','Aceptado',NULL,'2024-12-09 23:53:40',1),(818,30836381,'20308363814','MOYA BANEGAS','ENZO ELADIO','1984-04-06','EL GALPON','enzoeladio@gmail.com','freud100','3876439853','Aceptado',NULL,'2024-12-09 23:53:52',1),(819,37189967,'27371899670','ARES','SARA JESICA ','1993-11-14','EL GALPÓN ','saraares1493.2@gmail.com','37189967sara','3876563364','Aceptado',NULL,'2024-12-09 23:53:53',2),(820,37721441,'20-37721441-3','ERAZU','MAXIMILIANO GABRIEL ','1994-08-08','METAN','maxierazu22@gmail.com','37721441','3876523854','Aceptado',NULL,'2024-12-09 23:54:34',1),(821,30470009,'27304700098','GARAY','ROSANA DEL VALLE','1983-09-10','SAN JOSE DE METAN','roxigaray2492@gmail.com','Luli1531','3876415679','Aceptado',NULL,'2024-12-09 23:54:34',1),(822,41444707,'23414447074','MEZA','MARIA CELESTE','1995-11-07','EL GALPON','mezamariaceleste07@gmail.com','mateocaillou','3876473305','Aceptado',NULL,'2024-12-09 23:54:56',2),(823,42608460,'27426084606','ALVAREZ','YAMILA DEL MILAGRO','2000-09-09','EL GALPOM','yamiladelmilagroalvarez@gmail.com','yami090900','3876662283','Aceptado',NULL,'2024-12-09 23:54:56',1),(824,45974637,'23-45974637-4','SARAPURA','NORALI LUJAN','2005-11-07','EL GALPON','sarapur4lujan@gmail.com','pacJes-jidgew-1taqke','3876439543','Aceptado',NULL,'2024-12-09 23:55:06',2),(825,48083352,'27480833525','MENDÉZ','MARIA','2007-06-06','GENERAL GUEMES','mariapiamendez507@gmail.com','Rataputa0','03872205896','Aceptado',NULL,'2024-12-09 23:55:15',1),(826,46802198,'27468021981','YARECO','FLORENCIA','2006-09-23','METAN','yarecoflorencia9@gmail.com','flor4321','3876448934','Aceptado','a780f9864ce1785838b47a906ee62fa104f1bfe1','2024-12-10 01:01:52',1),(827,46802200,'27468022007','CORPUZ','JIMENA','2006-10-02','METAN SALTA','jimenacorpuz662@gmail.com','jimena','3876580744','Aceptado',NULL,'2024-12-09 23:55:31',1),(828,36853800,'27368538006','PONCE','MARIA CRISTINA DEL VALLE','1992-10-19','METAN','poncecristina231@gmail.com','MARIA422459','3876552755','Aceptado',NULL,'2024-12-09 23:55:45',2),(829,45766698,'27457666980','MANSILLA ','ARACELI ','2002-11-02','SAN JOSÉ DE METAN ','araceliman29@gmail.com','made02','3876419296','Aceptado',NULL,'2024-12-09 23:55:57',1),(830,45178339,'23451783394','LIZONDO','ANDREA ANTONELA','2004-02-13','SAN JOSE DE METAN','Antolizondo174@gmail.com','antonela123','3876557297','Aceptado',NULL,'2025-02-22 18:09:33',1),(831,45179750,'27451797501','LUJAN','SABRINA NAZARENA ','2004-04-29','METAN ','nazarenalujan46@gmail.com','Paulina123','3876669428','Aceptado',NULL,'2024-12-09 23:56:11',1),(832,44493127,'27444931278','DUARTE','MARIA VIRGINIA ','2002-12-10','METAN ','duartevirginia.15@gmail.com','viryulita44493127','3876579364','Aceptado','72b56c22b40a135fddb4d974a4bedbf2be612a16','2024-12-13 14:40:06',1),(833,42917069,'27429170694','ROMERO','ALEJANDRA CELESTE','2001-03-21','SAN JOSÉ DE METÁN ','celesteromoro29@gmail.com','Angeles4227','3876574986','Aceptado',NULL,'2024-12-09 23:56:21',1),(834,39889944,'27398899445','ARANDA','MARIA FLORENCIA','1996-09-29','METAN','flormaria29@live.com','tomipipi','3875843741','Aceptado',NULL,'2024-12-09 23:56:26',1),(835,43219767,'20432197671','ARANDA','CARLOS JOSÉ AUGUSTO ','2001-06-30','METAN ','arandaj415@gmail.com','4321ca9767','3876560980','Aceptado',NULL,'2024-12-09 23:56:29',2),(836,31841921,'20-4','BRITO','ALFREDO MIGUEL ','1984-05-18','METÁN','britoalfredo84@gmail.com','12321260ab','3876515777','Aceptado',NULL,'2024-12-09 23:56:51',1),(837,43550005,'27-43550005-1','GEREZ','MARÍA VIRGINIA ','2001-03-08','METAN-SALTA','gerezvirginia3@gmail.com','4628','3876576002','Aceptado',NULL,'2024-12-09 23:56:54',1),(838,41807766,'20418077663','VIDAL','DAMIAN IGNACIO','1999-07-19','CORRIENTES','dvmivnvidal1907@gmail.com','damian41807766','3874483070','Aceptado',NULL,'2024-12-09 23:56:55',1),(839,39003771,'27390037711','PAZ','ROSAURA ELIZABETH','1995-04-07','METAN','ro070495@gmail.com','55226095nahuel','3877401127','Aceptado',NULL,'2024-12-09 23:57:04',1),(840,31312646,'2731312646','MONASTERIO','MELISA JUDITH','1985-01-27','METAN','Melisam_17@hotmail.com','Zamira05','2804958848','Aceptado',NULL,'2024-12-09 23:57:14',1),(841,48208003,'27482080036','HERRERA RODRIGUEZ ','YOSELI ERIKA','2008-06-28','METAN','yoseliherrera97@gmail.com','yoseliunu','3876676377','Aceptado',NULL,'2024-12-09 23:57:22',1),(842,40630075,'27/2','CORREA','CINTIA ELIANA ','1991-12-07','METAN','correaeliana262@gmail.com','Eli1014','3876550113','Aceptado',NULL,'2024-12-09 23:57:35',1),(843,43438185,'27434381857','ALZOGARAY','MARIBEL','2002-05-01','EL GALPÓN','maribelalzogaray03@gmail.com','43438185maribel.','3876524109','Aceptado',NULL,'2024-12-09 23:57:47',2),(844,41181687,'20411816878','CUGAT','DIEGO GABRIEL','1998-07-23','SAN JOSE DE METAN','diegocugat97z@gmail.com','Saitama01','03876441148','Aceptado',NULL,'2024-12-09 23:57:50',1),(845,32654269,'20326542690','PEREZ','MARIA ETELVINA','1986-10-16','METAN ','mariaperezbritos1986@gmail.com','sojobenram03','3876499626','Aceptado',NULL,'2024-12-09 23:58:01',1),(846,40354453,'20403544532','MONTEROS ','MATIAS HIGINIO ','1997-06-14','METAN ','matias.97monteros@gmail.com','M0nter0s','3879667089','Aceptado',NULL,'2024-12-09 23:58:04',1),(847,44697451,'27446974519','NARANJO','LOURDES ALDANA','2003-01-27','METAN','naranjolourdes17@gmail.com','44697451','3876449302','Aceptado',NULL,'2024-12-09 23:58:17',1),(848,41939718,'27419397186','CAMPOS','CAMILA VALENTINA ','1999-07-31','EL GALPON','kamilacampos545@gmail.com','54552649b','3876642905','Aceptado',NULL,'2024-12-09 23:58:17',1),(849,41372118,'27413721186','PRIETO ','SUSANA','1998-11-04','METAN','susiiiprietoruth@gmail.com','Ruth','3876409080','Aceptado',NULL,'2024-12-09 23:58:30',1),(850,41940066,'27419400667','ROMERO ','MARIA VIRGINIA','1999-07-05','SAN JOSE DE METAN ','mariaromero@gmail.com','Maria4194','3876447022','Aceptado',NULL,'2024-12-09 23:58:38',1),(851,41372203,'27413722034','QUIPILDOR','MELISA MARGARITA','1998-12-08','METAN SALTA','melisaquipildor23@gmail.com','0041372203','3876557016','Aceptado',NULL,'2024-12-09 23:58:52',1),(852,41296059,'27412960594','LEDESMA','CARLA DAINAA','1998-08-20','METAN','carlaledesma001@gmail.com','carlaleo2356','3876432317','Aceptado',NULL,'2024-12-09 23:59:04',1),(853,37721031,'27377210315','BURGOS','VERONICA CRISTINA','1993-12-30','SAN JOSE DE METAN','Veriiitocristina@gmail.com','37721031Ve','2901449446','Aceptado',NULL,'2024-12-09 23:59:15',1),(854,33351353,'20333513537','DIAZ','RODRIGO MAURICIO','1987-10-25','METAN','rodrigo024diaz@gmail.com','rodrigo2024','3876499895','Aceptado',NULL,'2024-12-09 23:59:33',1),(855,40517513,'23405175134','COPA','ANTONELA MAGDALENA','1997-07-08','SAN JOSE DE METAN','antonelacopa3@gmail.com','Antonela123','3876618140','Aceptado',NULL,'2024-12-09 23:59:41',1),(856,39889978,'2339889978','MERLO ','CARLA ANAHÍ ','1994-04-06','METAN ','merlocarla9@gmail.com','47479423Cam','3876453955','Aceptado',NULL,'2024-12-10 00:00:18',1),(857,23900775,'24239007754','FRIAS','PATRICIA','2000-09-05','METAN','braiandiazrap@gmail.com','patopato','3876551720','Aceptado',NULL,'2024-12-10 00:00:32',1),(858,29282990,'27292829901','GALARCE','MARÍA CRISTINA ','1982-07-20','EL GALPON','galarcecristina34@gmail.com','marizahilu','3876559876','Aceptado',NULL,'2024-12-10 00:00:55',2),(859,45182988,'27451829888','PALACIOS','MARIANA ANTONELA','2004-04-17','SAN JOSE DE METAN ','antitopalacios0@gmail.com','luzmila04','3877532478','Aceptado',NULL,'2024-12-10 00:01:03',1),(860,40874938,'20408749382','GONGORA','MARIANA','1998-09-11','LUMBRERAS ','milagrogongora21@gmail.com','maru26gon24','3875696812','Aceptado',NULL,'2024-12-10 00:01:07',1),(861,40657618,'20406576184','CARABAJAL','ALFREDO ISMAEL','1993-02-14','SAN JOSE DE METAN','carabajalalfredoismael@gmail.com','Alfredo40657','3876403043','Aceptado',NULL,'2024-12-10 00:01:27',1),(862,39398671,'27393986715','ROJAS','CRISTIAN EMANUEL','1995-06-05','METAN','milagrorojas30@gmail.com','Milagro14','3876663309','Aceptado',NULL,'2024-12-10 00:01:33',1),(863,43686900,'20-43686900-3','TESEYRA','ALFREDO EMANUEL','2001-12-28','SAN JOSE DE METAN','alfredoteseyra@icloud.com','cuchax123','3876552961','Aceptado',NULL,'2024-12-10 00:01:43',1),(864,27974707,'27279747076','ACOSTA','ADRIANA PATRICIA','1980-08-26','METAN','acostaadriana2608@gmail.com','27974707','3876441855','Aceptado',NULL,'2024-12-10 00:02:24',1),(865,26188948,'27261889485','GUZMAN','LILIANA BETSABE','1978-02-10','EL GALPON','guzmanlili274@gmail.com','liliana26','3876455367','Aceptado',NULL,'2024-12-10 00:03:18',2),(866,39215863,'23392158634','AVENDAÑO ','TAMARA ','1995-10-15','METÁN ','tamiiluh03@gmail.com','maximoo','3876480352','Aceptado',NULL,'2024-12-10 00:03:25',1),(867,45766489,'20457664890','CAPO CALIUOLO','JOSE ANDRES ','2004-12-03','METAN SALTA ','gurijosecapo@gmail.com','josecapo','3876408269','Aceptado','59d51fef71b44399937af4d744fdf5347b336468','2024-12-10 01:48:14',1),(868,45146259,'27-45146259-3','FLORES','LARA VALENTINA','2003-10-21','METAN','floressvalentiina@gmail.com','jeremiastomas','3876472899','Aceptado','db1827625441ef5bd880dc5300c641144387eb21','2024-12-20 03:18:13',1),(869,43438445,'20-43438445-2','NARANJO','DIEGE EMANUEL','2001-07-25','METAN','diegonaranjook@gmail.com','43438445','3876521673','Aceptado',NULL,'2024-12-10 00:04:57',1),(870,44911290,'27449112909','MARQUÉS ','ADRIANA YUDITH ','2003-08-30','METAN ','yuumarques@gmail.com','1234','3876584280','Aceptado',NULL,'2024-12-10 00:04:58',2),(871,24858919,'27248589197','ZAMORA ','RITA ALEJANDRA ','1975-11-27','SAN JOSÉ DE METAN ','zamoraalejandra154@gmail.com','elior299','3876418778','Aceptado',NULL,'2025-02-24 23:53:31',1),(872,46232767,'20462327677','GARCIA','ENZO','2006-03-07','METAN','enzogerardogarcia333@gmail.com','Umita123aa','3876548603','Aceptado',NULL,'2024-12-10 00:05:26',1),(873,44493068,'27444930689','FRIAS','MICAELA SOLEDAD ','2002-11-03','METAN ','micaelafrias016@gmail.com','131217Mica','3876404430','Aceptado',NULL,'2024-12-10 00:05:47',1),(874,41020952,'27410209522','COPA','CLARA GISELL','1988-07-11','EL GALPÓN ','copaclarita@gmail.com','Clarita4102','3876406542','Aceptado',NULL,'2024-12-10 00:06:10',1),(875,45363543,'20-45363543-1','MOYA BRAZANOVICH','FERNANDO','2005-03-18','EL GALPON ','fernandomikamoya@gmail.com','qebbok-mukbiX-4qugsu','3876453116','Aceptado',NULL,'2024-12-10 00:07:18',2),(876,36853798,'27368537980','DIAZ','MARIA DANIELA','1992-06-26','SAN JOSE DE METAN','danieladiiaz397@gmail.com','daniela100','3876051941','Aceptado',NULL,'2024-12-10 00:08:03',1),(877,33351574,'2033351574','ROMANO ','RODRIGO RICARDO ','1987-12-20','METAN','romanorodrigo609@gmail.com','independiente7l','3876419897','Aceptado',NULL,'2024-12-10 00:08:24',1),(878,35264947,'20352649474','VIERA','FRANCO MAXIMILIANO ','1990-09-04','METAN ','mariaayelengomez30@gmail.com','ayi1990','3876587863','Aceptado',NULL,'2024-12-10 00:09:17',1),(879,42705028,'23427050289','RUFINO','MAURO FACUNDO ','2001-03-17','EL GALPON','maurorufino1@gmail.com','Portador1','3876569226','Aceptado',NULL,'2024-12-10 00:09:43',2),(880,44697483,'27446974837','SALAZAR','MARIANELA','2003-01-24','METAN','marianelasalazar143@gmail.com','marianelasalazar24','3876449804','Aceptado',NULL,'2024-12-10 00:09:53',1),(881,45364780,'27453647809','RODRÍGUEZ ','EMILSE BEATRIZ ','2005-06-21','SAN JOSÉ DE METAN','emilsero2000@gmail.com','emilse.amira17','3876639190','Aceptado',NULL,'2024-12-10 00:09:59',1),(882,45178385,'20-45178385-9','SUAREZ','GONZALO FRANCISCO','2004-03-16','SAN JOSE DE METAN','gonza91218@gmail.com','45178385','3876435223','Aceptado',NULL,'2024-12-10 00:10:22',1),(883,44911222,'27449112224','RANURE','JIMENA ','2003-07-03','METAN','ranurejimena@gmail.com','CRISTINA0307','3876449554','Aceptado',NULL,'2024-12-10 00:10:39',1),(884,30836455,'27308364556','SUAREZ','NOEMI ISABEL ','1984-05-04','METAN','noemisuarez940@gmail.com','30836455','3876408976','Aceptado',NULL,'2024-12-10 00:10:41',1),(885,41020973,'27410209735','CAMPOS','MAYRA BELEN','1998-08-23','EL GALPON','mayracamposdnp@gmail.com','mayracampos98','3876406944','Aceptado',NULL,'2024-12-10 00:10:55',1),(886,30540566,'2730540566','CORBALAN ','MARIA DOLORES ','1983-11-13','METAN ','mariadolorescorbalan3@gmail.com','tereguiye22','3876641779','Aceptado',NULL,'2024-12-10 00:11:46',1),(887,40354411,'20403544117','GARCIA','DIEGO IGNACIO','1997-05-17','METAN','diegogarcia170597@gmail.com','Catalina22','3876455866','Aceptado',NULL,'2024-12-10 00:11:50',1),(888,39007020,'27390070204','SERRANO','YANINA GUADALUPE','1995-10-28','RIO PIEDRAS','carlosguaimas14@gmail.com','LUDMITHIAGO','2923434354','Aceptado',NULL,'2024-12-10 00:12:36',1),(889,36853550,'20-36853550-9','ONTIVEROS','JOSE LUIS ','1992-06-11','METAN SALTA','onti315@gmail.com','onveroti','1165785649','Aceptado',NULL,'2024-12-10 00:13:21',1),(890,44445472,'27444454720','TAPIA','FACUNDO','2002-09-09','METAN-SALTA','tfacundo400@gmail.com','44445472','3876537872','Aceptado',NULL,'2024-12-10 00:14:05',1),(891,42705035,'27427050357','SARAVIA','BETIANA SARAI','2001-03-24','EL GALPON','saraisaravia45@gmail.com','54753728','3875481622','Aceptado',NULL,'2024-12-10 00:14:06',1),(892,42917026,'20-42917026-6','RANURE ','JAVIER ','2001-02-02','METAN','ranurejimena@gmail.com','ROCO2024','3876618846','Aceptado',NULL,'2024-12-10 00:14:23',1),(893,38737963,'27387379636','GARCIA','ROCIO VANESA ','1995-03-10','EL GALPON','rvgb95@gmail.com','38737963','3876549607','Aceptado','33ec021d020c1c2c50895dc1132e577f27741208','2024-12-10 13:18:58',2),(894,32741128,'23-32741128-4','LUNA','MARIA PAULINA ','1986-12-28','SAN JOSE DE METÁN ','Paulinaluna694@gmail.com','magaMAR99','3876622790','Aceptado',NULL,'2024-12-10 00:14:42',1),(895,35482966,'24354829661','ARGAÑARAZ','YANINA ELIZABETH','1991-04-28','SALTA','arganarazyanina4@gmail.com','11Sobrinos','3876568817','Aceptado',NULL,'2024-12-10 00:14:50',2),(896,37943925,'27379439255','MERIDA','ANDREA SOLEDAD','1994-02-04','METAN','solmerida94@gmail.com','NahiaMilagros','3873654903','Aceptado',NULL,'2024-12-10 00:14:57',1),(897,45110959,'2745110959','PALAVECINO ','LUCIA BELKYS  ABIGAIL ','2002-07-20','METAN ','conttypalavecino@gmail.com','200623','3876550664','Aceptado',NULL,'2024-12-10 00:15:13',1),(898,40517577,'20405175771','GIL','AGUSTIN MARIO RAMON','1997-08-28','METAN','agustin.gil.28@gmail.com','hello40517577','3876520127','Aceptado',NULL,'2024-12-10 00:15:22',1),(899,45766413,'29457664139','VELASQUEZ ','CANDELA MARISOL','2002-07-10','SAN JOSÉ DE METÁN ','velasquezcandela3@gmail.com','tomas123','3876517507','Aceptado',NULL,'2024-12-10 00:15:30',1),(900,42896814,'20428968140','BARRIENTOS','DANIIEL ALEJANDRO ','2000-12-16','METAN','barrientosale3@gmail.com','kurosaki-kun161200','3876459405','Aceptado',NULL,'2024-12-10 00:15:30',1),(901,37189935,'27-37189935-4','DIAZ','CELESTE','2024-12-09','EL GALPÓN','celestediaz.2112@gmail.com','37189935','3876616142','Aceptado',NULL,'2024-12-10 00:16:15',2),(902,48006917,'27480069175','VETANCUR','YASMIN MARIANELA','2006-11-16','METAN','yasminvetancur@gmail.com','1234','3876452102','Aceptado',NULL,'2024-12-10 00:16:29',1),(903,40517502,'23405175029','NARANJO','EMILIANO EZEQUIEL','1997-07-16','METAN','emilianonaranjo774@gmail.com','emiliano24','3876409150','Aceptado',NULL,'2024-12-10 00:16:30',1),(904,43438339,'27434383396','HERRERA','MARGARITA YAZMIN ','2002-02-15','RIO PIEDRA ','yazminherrera336@gmail.com','yaz150202','3876557406','Aceptado',NULL,'2024-12-10 00:16:34',1),(905,43438350,'27434383507','SERRANO','MARISOL DEL MILAGRO','2002-07-13','RIO PIEDRAS','serranomarisol023@gmail.com','LAUTARO','3873022480','Aceptado',NULL,'2024-12-10 00:16:41',1),(906,41020923,'27410209239','VALENZUELA','MARYLINA DE LOS ANGELES','1998-04-30','EL GALPON','marylinavalenzuela7@gmail.com','angeles26','3875498374','Aceptado',NULL,'2024-12-10 00:16:45',2),(907,41372128,'20413721289','RIO GUZMÁN ','MIG ALFREDO ','1998-11-18','METAN ','mickyrios730@gmail.com','Stanilissa','3876437948','Aceptado',NULL,'2024-12-10 00:16:56',1),(908,45117962,'20451179625','ABRAHAM','SANTIAGO ARIEL','2004-04-19','METAN','santiagoabraham2004@gmail.com','SANTY1422','3875585208','Aceptado',NULL,'2024-12-10 00:17:28',1),(909,47608022,'20476080224','RAYNAL','LOURDES NOELIA','2007-01-07','RIO PIEDRAS','lourdesraynal@gmail.com','lourdes90','3876519461','Aceptado',NULL,'2024-12-10 00:17:40',1),(910,37512116,'27375121161','ALBORNOZ ','FLORENCIA DANIELA ','1993-07-15','METAN','florenciaalbornoz1993@gmail.com','37512116f','3876636075','Aceptado',NULL,'2024-12-10 00:17:42',1),(911,27911034,'27279110345','AYLAN','CLAUDIA','1980-04-02','EL GALPON','caoos420@gmail.com','Portador1','3876569226','Aceptado',NULL,'2024-12-10 00:18:19',1),(912,42606824,'23426068249','GUERRA ROMANO ','NICOLAS DEL MILAGRO','2000-09-25','ROSARIO DE LA FRONTERA','nicoromano234@gmail.com','gastonyfran','3876638652','Aceptado',NULL,'2024-12-10 00:18:21',1),(913,41444723,'27414447231','SIERRA GARCÍA ','MELINA LEONELA','1998-12-23','EL GALPON','melinasierra30@gmail.com','xiomara1623','3876634162','Aceptado',NULL,'2024-12-11 19:36:19',2),(914,42916927,'27429169270','PEREZ','BRENDA','2001-01-17','LAS LAJITAS ','brendap1701@gmail.com','42916927bp','3877418488','Aceptado',NULL,'2024-12-10 00:19:14',1),(915,41422691,'23414226914','GRAMAJO ','MARLENE JOSEFINA ','1999-04-10','METÁN ','josefinagramajo20@gmail.com','Gramajo25','3876417248','Aceptado',NULL,'2024-12-10 00:19:23',1),(916,44818542,'27448185422','SORIA','GUADALUPE ','2003-03-20','METAN','guadasoria45@gmail.com','dulce818','3876457107','Aceptado',NULL,'2024-12-10 00:19:30',1),(917,45364818,'23453648184','VILLALBA','MELANI YULIANA ','2004-08-02','SAN JOSE DE METAN','villalbamelani96@gmail.com','ORO.PAN.8','3876444917','Aceptado',NULL,'2024-12-10 00:20:54',1),(918,45366084,'27453660848','SERRANO','VIRGINIA MARIBEL','2005-07-07','RIO PIEDRAS','palominosoniagabriela@gmail.com','GIOVANNI','3876438456','Aceptado',NULL,'2024-12-10 00:21:17',1),(919,47904639,'20-47904639-6','DIAZ ABRAHAN','AXEL NICOLAS','2007-03-25','METAN','diazaxelnico@gmail.com','pipopa03','3875873558','Aceptado',NULL,'2024-12-10 00:21:50',1),(920,34639186,'27346391869','MEDINA','MALENA BELEN','1989-09-28','METAN','malena.belu15@gmail.com','Santino08','3876564935','Aceptado',NULL,'2024-12-10 00:21:52',1),(921,44105431,'27441054314','ROMERO','YAZMIN FLORENCIA ','2002-03-21','METAN ','yazminflorencia15@gmail.com','Argentina86','3876409219','Aceptado',NULL,'2024-12-10 00:22:09',1),(922,43219880,'20432198805','ORQUERA LUNA','ALEJO IGNACIO','2001-02-21','ROSARIO DE LA FRONTERA','alejoluna.rosario@gmail.com','Alejoluna2024$','3876563656','Aceptado',NULL,'2024-12-10 00:22:44',1),(923,39215871,'27392158710','HERNÁNDEZ ','XIMENA ANAHI','1995-11-24','METÁN ','ximena_95_13@hotmail.com','milo30','3876411189','Aceptado',NULL,'2024-12-10 00:22:45',1),(924,41422636,'20414226362','RIVAS ROSALEZ','CRISTIAN ALEJANDRO','1998-09-28','METAN','rosalezc23@gmail.com','sancayetano','381338572','Aceptado',NULL,'2024-12-10 00:22:49',1),(925,45434398,'27454343986','LESCANO ','CELESTE ','2004-06-05','ROSARIO DE LA  FRONTERA ','lescanoc872@gmail.com','V15141312c','3876433746','Aceptado',NULL,'2024-12-10 00:24:02',1),(926,37721058,'20377210582','GRAMAJO KONDERAK ','MARIANO FRANCISCO ','1993-12-28','SAN JOSE DE METAN','marianokonderak@gmail.com','1122334455mk','03874869233','Aceptado',NULL,'2024-12-10 00:24:07',1),(927,35912588,'27-35912588-2','CENTENO','NOELIA VANESA','1991-02-04','SAN JOSÉ DE METAN ','centenonoelia3@gmail.com','2404olivia','3876514551','Aceptado',NULL,'2024-12-10 00:24:24',1),(928,29576240,'20295762409','MUÑOZ ','MARIA SOLEDAD','1982-06-21','METAN ','zoepalmisano@gmail.com','DejameMorir','3876435155','Aceptado',NULL,'2024-12-10 00:24:38',1),(929,42078865,'20420788658','MARTEL','OMAR ZACARIAS','1999-08-15','EL GALPON','omarzacks159@gmail.com','Martel01.','3872180014','Aceptado',NULL,'2024-12-14 01:30:22',2),(930,44514692,'20445146928','VIZCARRA','LUCIANO JOAQUIN','2002-10-27','METAN','lucianovizcarra2002@gmail.com','luchovizcarra99','3876439571','Aceptado',NULL,'2024-12-10 00:25:43',1),(931,41422652,'27414226529','BAZAN','TANIA','1999-03-15','METAN','taniabazan129@gmail.com','422332','3876400599','Aceptado',NULL,'2024-12-10 00:26:27',1),(932,23240556,'27232405568','TESEYRA','MARIA RITA','1973-03-30','EL GALPON','enzoeladio@gmail.com','Freud100','3876632369','Aceptado',NULL,'2024-12-10 00:27:20',2),(933,43686982,'27436869822','ESCOBAR','CAMILA ESCOBAR ','2002-02-06','METAN','camilaescobar9898@gmail.com','43686982','3876471008','Aceptado',NULL,'2024-12-10 00:28:35',1),(934,45113463,'27451134634','VILLALBA','GUADALUPE LUCILA','2004-03-11','EL TUNAL','domingovillalba77@gmail.com','guada4513','3876642797','Aceptado',NULL,'2024-12-10 00:28:48',1),(935,40517622,'27405176225','PAZ CORREA','KAREN JASMIN','1996-10-17','EL GALPÓN ','karen.pazcorrea@gmail.com','Karenjasmin96','3876560743','Aceptado',NULL,'2024-12-10 00:29:08',2),(936,33055391,'275','VALDEZ','INES MARIA','1987-09-06','METAN','marshmery87@gmail.com','12345','3876521283','Aceptado',NULL,'2024-12-10 00:29:27',1),(937,38737862,'27387378621','LESCANO ','MARINA INÉS ','1994-12-13','METAN','lescanomarinaines@gmail.com','marlescano','3876433900','Aceptado',NULL,'2024-12-10 00:29:41',1),(938,29282032,'27292820327','TAORRES','CAROLINA SOLEDAD','1982-05-02','RIO PIEDRAS','luli92658@gmail.com','carolina12','3876405950','Aceptado',NULL,'2024-12-10 00:30:09',1),(939,40354407,'27403544073','SERRANO','MIRNA ELIZABETH','1997-06-12','SAN JOSÉ DE METÁN','serranomirna512@gmail.com','40735440','3876461393','Aceptado',NULL,'2025-01-22 23:55:38',1),(940,39892086,'23398920864','MATORRAS ARENAS','DANIELA ANAHI','1996-11-24','METAN','danielaanahi@gmail.com','050422V','3876583578','Aceptado',NULL,'2024-12-10 00:30:55',1),(941,37512221,'23375122219','CORBALAN','HÉCTOR JAVIER','1993-09-14','METÁN','bocha_la22@hotmail.es','bocha14','3876563432','Aceptado',NULL,'2024-12-10 00:31:15',1),(942,38737975,'23387379754','ROMERO ','GUADALUPE EVANGELINA','1995-03-08','METAN ','guadaromero633@gmail.com','422830','3876406284','Aceptado',NULL,'2024-12-10 00:31:23',1),(943,37302318,'27373023189','FONTIVERO ROMERO','MARÍA BELÉN ','1992-12-29','METAN','belenfontivero29@gmail.com','belenchu23','3876454506','Aceptado',NULL,'2024-12-10 00:31:34',1),(944,35504794,'27-35504794-1','VILLALBA ','LAUR','1990-12-22','ROSARIO DE LA FRONTERA ','Laury.22.90@hotmail.com','2212','3876455495','Aceptado',NULL,'2024-12-10 00:33:28',1),(945,42813890,'20428138903','LEAL NAVARRETE ','LUCAS LEONEL ','2000-11-30','SAN JOSE DE METAN ','lucasleonelleal420@gmail.com','leal301100','3876523591','Aceptado',NULL,'2024-12-10 00:34:36',1),(946,32504088,'27325040888','TOSCANO','SILVIA','1986-08-01','METAN','silvynoemi365@gmail.com','silvia','3876454009','Aceptado',NULL,'2024-12-10 00:34:50',1),(947,42210859,'20422108594','TULA','IVONE NORALI','1999-10-31','METAN','ivoo18tula31@gmail.com','ivoo42210859','3876327343','Aceptado',NULL,'2024-12-10 00:34:52',1),(948,41940086,'27419400861','PERALTA','ROCIO AGUSTINA','1999-07-02','SAN JOSE DE METAN','agustinarocioperalta@gmail.com','Agustinaperalta086','3876409044','Aceptado',NULL,'2024-12-10 00:35:08',1),(949,39003999,'24390039995','CHILO','PAMELA DAIANA ','1995-09-03','METAN','chilopamela17@gmail.com','luzsofia999','3876401623','Aceptado',NULL,'2024-12-10 00:35:22',1),(950,42706637,'20427066377','CARRAZAN','EVA AGUSTINA','2000-06-26','METAN SALTA ','carrazanevaagustina50@gmail.com','Franches.09','3876528300','Aceptado',NULL,'2024-12-10 00:35:23',1),(951,40764998,'27407649988','YUDING','RITA DAIANA','1995-04-22','METAN','daianayuding805@gmail.com','Joaquin07','3876589214','Aceptado',NULL,'2024-12-10 00:35:49',1),(952,43336919,'20433369195','PUNDANK DIAZ','KAREN LUCIANA ','2001-05-28','SAN JOSE DE METAN','karenlucianapundankdiaz@gmail.com','43336919karen','3876579263','Aceptado',NULL,'2024-12-10 00:35:56',1),(953,48006992,'27480069922','PULITTA','ALEXIA RENATA ','2007-06-27','METÁN ','alexiarenatapulitta@gmail.com','choripan123','3876418808','Aceptado',NULL,'2024-12-10 00:36:21',1),(954,44326613,'27443266130','PACHECO MARTINEZ','AGUSTINA CONSTANZA DEL MILAGRO','2002-06-28','METAN','agustipacheco123@gmail.com','agustinapacheco','3876663015','Aceptado',NULL,'2024-12-10 00:36:54',1),(955,45768919,'27457689190','VIVA','TATIANA ARACELI','2005-10-03','EL GALPON','vivatatiana51@gmail.com','araceli','3876357071','Aceptado',NULL,'2024-12-10 00:37:06',1),(956,44818514,'27448185147','HERRERA','ALEJANDRA GABRIELA','2003-02-11','METAN','alejandragabrielaherrera30@gmail.com','Pandaria96!','3876623201','Aceptado',NULL,'2024-12-10 00:37:15',1),(957,39003775,'27390037754','MARTINEZ ','LUCIA MACARENA ','1995-05-03','SAN JOSE DE METAN ','libreriarosa21@gmail.con','cati3107','3876052067','Aceptado',NULL,'2024-12-10 00:37:34',1),(958,42079959,'20420799595','PADILLA ','LUCAS GONZALO','1999-10-09','SAN JOSE DE METAN','lucaspadilla495@gmail.com','martina0317','03876441840','Aceptado',NULL,'2024-12-10 00:37:51',1),(959,40957510,'27409575108','GIMENEZ ','IVANA ABIGAIL ','1998-02-17','METAN','abigailgimenez0@gmail.com','jcd2025abi','3877433931','Aceptado',NULL,'2024-12-12 04:10:22',1),(960,47608063,'27476080636','SANCHEZ','ROCIO ESTHER','2007-02-03','METAN','marcelalucena27@gmail.com','020988marce','3876524423','Aceptado',NULL,'2024-12-10 00:39:01',1),(961,45767361,'27457673618','LLANES ACOSTA','BIANCA PIA ','2005-06-15','METAN','biancapiallanesacosta@gmail.com','45767361','3876556273','Aceptado',NULL,'2024-12-10 00:40:26',1),(962,33250140,'27332501408','SIARES','SARA','1988-01-10','METÁN ','srsiares@gmail.com','Turay488','1122852410','Aceptado',NULL,'2024-12-10 00:40:32',1),(963,43877571,'20438775715','PARADA ','ARIEL EMANUEL ','2002-01-02','SAN JOSÉ DE METAN ','pancito55ariel99@gmail.com','MishiRosado32','3876557532','Aceptado',NULL,'2024-12-10 00:41:00',1),(964,41444766,'27414447665','GONZALEZ','NATALIA','1999-04-05','EL GALPON','NatiAvilaGonzalez99@gmail.com','NatiGon99','3876579013','Aceptado',NULL,'2024-12-10 00:41:19',1),(965,37721473,'27377214736','GARCIA','RITA SILVANA','1994-01-19','METAN','sillgarciia@gmail.com','emma2024','3876446036','Aceptado',NULL,'2024-12-10 00:41:20',1),(966,4511372,'2045113724','GIL','FERNANDO JOSÉ IVAN','2003-12-03','METAN','puntophone2.0@gmail.com','1234f','3876576455','Aceptado',NULL,'2024-12-10 00:41:33',1),(967,36037497,'27-36037497-7','AIBAR FLORES ','FÁTIMA ROMINA','1992-05-27','METAN','aibarfatima08@gmail.com','genaro0107','3876051202','Aceptado',NULL,'2024-12-10 00:42:28',1),(968,44911179,'27449111791','PRADO','ROCIO ELIZABETH','2003-07-04','SAN JOSE DE METAN','rocioprado526@gmail.com','Rubia.a10','3872252512','Aceptado',NULL,'2024-12-10 00:42:47',1),(969,43686977,'27436869776','PAZ','MARÍA ANTONELLA','2000-02-15','METAN ','antopaz480@gmail.com','12345','3876573399','Aceptado',NULL,'2024-12-10 00:42:54',1),(970,41053472,'27410534725','LIZONDO','FABIOLA XIMENA','1998-04-30','METAN','fabiolalizondo470@gmail.com','030930martu','3876442078','Aceptado',NULL,'2024-12-10 00:43:31',1),(971,44105451,'27441054519','TESEYRA','CARLA MARIA FERNANDA','2002-03-07','METAN','vnelida872@gmail.com','belen123','3876557012','Aceptado',NULL,'2024-12-10 00:43:38',1),(972,38343463,'20383434638','RODRIGUEZ ','ALEXIS AGUSTÍN ','1995-10-08','EL GALPON ','soy.alexis.galpon@gmail.com','AlexisRodriguez1995','3876054003','Aceptado',NULL,'2024-12-10 00:43:47',2),(973,26784776,'27267847768','VILLARREAL','NANCY ','1978-10-03','METAN ','santiinox@gmail.com','nancyvilla78','3876403786','Aceptado',NULL,'2024-12-10 00:44:24',1),(974,45113712,'20451137124','GIL','FERNANDO JOSÉ IVÁN ','2003-12-03','METAN','puntophone2.0@gmail.com','1234f','3876576455','Aceptado',NULL,'2024-12-10 00:44:51',1),(975,45364862,'27453648627','LEZCANO','ABRIL LUDMILA DEL MILAGRO ','2004-08-19','METAN','lezcanoabril08@gmail.com','abril19','3876552364','Aceptado',NULL,'2024-12-10 00:45:00',1),(976,39782827,'27397828277','RUEDA ','CAMILA MARISEL','1996-08-10','METAN ','camiirueda1996@gmail.com','cami1096','3876589213','Aceptado',NULL,'2024-12-10 00:45:29',1),(977,41341190,'20413411905','FERREYRA','JAIME HERNAN','1998-10-21','ROSARIO DE LA FRONTERA','hernanferreyra386@gmail.com','Mineria2025','3876576869','Aceptado',NULL,'2024-12-10 00:46:03',1),(978,46232775,'2046232775','SERRANO','FERNADDO JSSE','2006-03-18','SAN JOSE DE METAN ','melisa.romina87@gmail.com','joseserrano46','3876587118','Aceptado',NULL,'2024-12-10 00:46:04',1),(979,45261128,'27-45261128-2','ANAQUIN','MARLEN DEL ROSARIO','2004-09-25','EL GALPON','anaquinmarlen@gmail.com','nohita@123','3874024379','Aceptado',NULL,'2024-12-10 00:47:15',2),(980,40874906,'23408749069','CHAVARRIA ','LEONARDO ALCIDES ','1998-01-13','RIO PIEDRAS ','chavarrialeonardo49@gmail.com','Leo40874','3876435469','Aceptado',NULL,'2024-12-10 00:47:20',1),(981,36912686,'27369126860','CHAILÁN','ELIANA ROMINA','1992-12-11','EL GALPÓN','elianaromina21@gmail.com','273692','3876516880','Aceptado',NULL,'2024-12-10 00:47:25',2),(982,41422723,'27414227231','RAMOS','FLORENCIA ','1999-04-15','METAN ','florramos676@gmail.com','adaluzflor08','3876588771','Aceptado',NULL,'2024-12-10 00:47:31',1),(983,45113786,'27451137862','SOSA','MARTINA DANIELA','2004-01-21','SAN JOSE DE METAN','martinadanielasosa60@gmail.com','Benicio16','3876630621','Aceptado',NULL,'2024-12-10 00:47:31',1),(984,39782820,'23397828204','GONZALEZ','YAMILA MILAGRO','1996-08-18','SAN JOSE DE METAN','yamilamilagrs@gmail.com','39782820','3876624296','Aceptado',NULL,'2024-12-10 00:48:25',1),(985,42608497,'20426084970','RODRIGUEZ ','LEONEL','2001-01-20','EL GALPON','lr6784408@gmail.com','42608497','3876564793','Aceptado',NULL,'2024-12-10 00:48:40',1),(986,39896197,'27398961973','NAVARRO','GISELA ARACELI','1996-01-21','SAN JOSE DE METAN','gijucra@gmail.com','juli1234','3876442156','Aceptado',NULL,'2024-12-10 00:49:21',1),(987,45364961,'20453649610','ACUÑA ','JOSÉ ALEJANDRO','2004-08-12','SAN JOSÉ DE METÁN ','lu9pipon@gmail.com','120804','3875518781','Aceptado',NULL,'2024-12-10 00:50:06',1),(988,44661708,'27446617082','SEGOVIA','ROMINA NOELIA','2003-01-31','METÁN ','romiseg446@gmail.com','Gabriel2019','3876669314','Aceptado',NULL,'2024-12-10 00:50:20',1),(989,44176140,'27441761401','VELARDEZ','LOURDES CAROLINA ','2002-09-06','EL GALPÓN ','carolinavelardez61@gmail.com','keily','3876574050','Aceptado',NULL,'2024-12-10 00:51:06',2),(990,44567304,'2445673049','CENARDO ','NAHIR DEL MILAGRO','2003-09-13','RIO PIEDRAS','milicenardo@gmail.com','milagros304','3876577880','Aceptado',NULL,'2024-12-10 00:51:51',1),(991,30836475,'27-30836475-0','BUSTOS',' MARIANACELESTEFATIMA','1984-05-12','METAN','marybustos1984@gmail.com','hijas1129','3876438038','Aceptado',NULL,'2024-12-10 00:51:59',1),(992,37721325,'23377213254','MAIDANA','LORENA DE LOS ANGELES','1994-06-06','METAN','lorenamaidana501@gmail.com','98153782','3876436329','Aceptado',NULL,'2024-12-10 00:52:25',1),(993,29961908,'27299619082','ROMANO ','VANESA RAQUEL ','1983-05-18','METAN ','vanesaraquelromano33@hotmail.com','Margarita_41','3812060380','Aceptado',NULL,'2024-12-10 00:52:29',1),(994,42917034,'27429170341','ALDERETE','MAIRA GABRIELA','2001-02-20','METAN','mairaalderete47@gmail.com','MaiMiMa20','3876458104','Aceptado',NULL,'2024-12-10 00:53:16',1),(995,44176125,'27441761258','CARI GOMEZ','PRISCILA ANABELA','2002-08-09','EL GALPON','priscilaanabelacarigomez@gmail.com','pri123','3876407788','Aceptado',NULL,'2025-01-06 17:54:38',1),(996,37721424,'27377214248','CALMEJANE','MARIA ROSA','1994-07-27','METAAN','mariacalmejane@gmail.com','37721424','3876474042','Aceptado',NULL,'2024-12-10 00:53:40',1),(997,41940143,'23419401438','PULITTA','LUCAS MATIAS','1999-08-02','SAN JOSE DE METAN','pulittalucas@gmail.com','pepegrillo23','3876514502','Aceptado',NULL,'2024-12-10 00:53:46',1),(998,35212510,'27352125100','SANTOS','CLAUDIA ROXANA','1989-07-21','METAN, SALTA, ARGENTINA','claudiaroxanasantos988@gmail.com','MaEmm','3876553760','Aceptado','c7f3caa5c1da4b48598c9266760e102a31cf9c62','2024-12-10 01:55:30',1),(999,46802199,'20468021995','ACEVEDO LASQUERA','THIAGO ELISEO','2006-09-27','METAN','thiagoiwnlkk@gmail.com','987Thiago987','3876287295','Aceptado',NULL,'2024-12-10 00:54:41',1),(1000,39674799,'27396747990','RAMOS ','JESICA PAMELA ','1996-06-07','METAN','pr8154492@gmail.com','Gael20173','3876664853','Aceptado',NULL,'2024-12-10 00:55:31',1),(1001,28832774,'27-28832774-8','MIRON','VALERIA DEL VALLE','1981-06-01','ROSARIO DE LA FRONTERA ','Valemiron010681@gmail.com','28832774','3876516773','Aceptado',NULL,'2024-12-10 00:56:49',1),(1002,31754850,'27317548503','MESA','LORENA DEL MILAGRO ','1986-04-04','METAN ','lore19lm86@gmail.com','123456789','3876440361','Aceptado',NULL,'2024-12-10 00:57:02',1),(1003,36853538,'27368535284','NAVARRO ','FLORENCIA LUCIANA','1992-05-23','SAN JOSE DE METAN ','luciananavarro065@gmail.com','luciana2305','3876576445','Aceptado',NULL,'2024-12-10 00:57:08',1),(1004,40157195,'27401571952','NIETO','YULISA GUADALUPE','1998-03-27','ROSARIO DE LA FRONTERA','yulisanieto3@gmail.com','Infanteria12','3876573496','Aceptado',NULL,'2024-12-10 00:57:11',1),(1005,46233372,'27462333728','JUAREZ','CANDELARIA','2006-02-22','ROSARIO DE LA FRONTERA','candejrez124@gmail.com','candelaria123M','3876576067','Aceptado',NULL,'2025-02-05 14:37:21',1),(1006,43527203,'2043527203 8 ','SEGOVIA','JAIRO NAHUEL','2001-09-12','EL GALPON','jaironahuelsegovia1@gmail.com','43527203','3876588635','Aceptado',NULL,'2024-12-10 00:57:27',2),(1007,46789327,'27467893276','LOPERA','YANELA','2006-05-16','METAN','yaneelopera50@gmail.com','110822fran','3876473208','Aceptado',NULL,'2024-12-10 00:57:59',1),(1008,39935352,'27399353527','ROMERO','EMELI LISETTE','1996-09-05','SAN JOSÉ DE METÁN ','lorena_romero91@hotmail.com','39935352','3876523172','Aceptado',NULL,'2024-12-10 00:58:08',1),(1009,45115328,'20451153286','LIZARRAGA','CAMILO GUSTAVO','2003-11-09','METAN','camilolizarraga037@gmail.com','45178305Me','3876366473','Aceptado',NULL,'2024-12-10 00:58:45',1),(1010,40874921,'27408749218','CARRIZO','SOFÍA','1998-04-08','RIO PIEDRAS ','sofiacarrizo279@gmail.com','axel98axel','3876550387','Aceptado',NULL,'2024-12-10 00:58:50',1),(1011,45179655,'27451796556','GALARCE','SABRINA ELIZABETH','2004-05-13','EL GALPON','elizabetgalarce088@gmail.com','sabrina45179','3876460743','Aceptado',NULL,'2025-02-07 01:49:15',2),(1012,44176141,'23-44176141-4','DORADO','YOSELI AYELEN','2002-09-19','EL GALPON','yosedorado44176141@gmail.com','12345678','03876522683','Aceptado',NULL,'2024-12-10 01:01:27',2),(1013,48006926,'27-48006926-4','CAMPOS','ESTEGANIA NICOL ','2007-05-15','SAN JOSE METAN ','camposestefi15@gmail.com','SUGA-9303','3876559216','Aceptado',NULL,'2024-12-10 01:01:29',1),(1014,45435828,'27-45435828-2','ORTEGA','CAMILA LEONELA','2006-08-10','METAN','leonelaortega26@gmail.com','leonelaortega06','3876577542','Aceptado',NULL,'2024-12-10 01:01:51',1),(1015,44697467,'20446974670','PEREYRA','JOSE','2003-01-24','METAN','yaneelopera50@gmail.com','josepereyra','3876473208','Aceptado',NULL,'2024-12-10 01:02:10',1),(1016,29272408,'27/5','PAREDES','MARIELA','1981-10-10','METAN','marielaperezm625@gmail.com','MatyGonza2024','3876623664','Aceptado',NULL,'2024-12-10 01:02:47',1),(1017,46170415,'27461704153','MORENO','MIA SAMIRA','2005-09-08','SALTA - ROSARIO DE LA FRONTERA ','miasamira030@gmail.com','miasam2025','3876582388','Aceptado',NULL,'2024-12-10 01:04:28',1),(1018,44911135,'23449111354','BURGOS','CAMILA BELEN','2003-06-07','SAN JOSE DE METAN ','camburgos9@gmail.com','44911135','3886552008','Aceptado',NULL,'2024-12-10 01:06:19',1),(1019,39003794,'27390037940','LUNA ','MARÍA FERNANDA ','1955-04-24','LAS HERAS','lunamariafernanda135@gmail.com','bruno2025','2974284467','Aceptado',NULL,'2024-12-10 01:07:11',1),(1020,45112110,'20451121104','NIEVAS','FACUNDO','2003-10-22','SAN JOSE DE METAN','facunahuenievas@gmail.com','ElNieva','3876406386','Aceptado',NULL,'2024-12-10 01:08:28',1),(1021,42608455,'20426084555','RODRIGUEZ','ADRIAN ANDRES','2000-09-18','EL GALPÓN','adrianandresrodriguez@gmail.com','42608455','1132189717','Aceptado',NULL,'2024-12-10 01:09:48',1),(1022,36853683,'20-36853683-1','ARGAÑARAZ','FRANCISCO','1992-07-24','METAN','franchesko025@gmail.com','36853683fran','3876523911','Aceptado',NULL,'2024-12-10 01:10:53',1),(1023,46798919,'27467989192','PONCE LUNA ','ÁNGELES DOMINIQUE ','2006-11-21','EL GALPÓN ','luna17423.ld@gmail.com','L21Domi*','3876441263','Aceptado',NULL,'2024-12-10 01:11:03',1),(1024,40413855,'27404138559','MADERNER','VERONICA ANALIA','1997-07-28','METAN','evelynmaderner15@gmail.com','Bautista2419','3876641522','Aceptado',NULL,'2024-12-10 01:11:21',1),(1025,23953903,'20239539034','ALFONSO ','RODRIGO','1974-08-06','LUM ','juarezdebora973@gmail.com','Vacagorda1','3876516939','Aceptado',NULL,'2024-12-10 01:11:21',1),(1026,42706697,'20427066976','MORENO','LUCAS','1999-06-26','METAN','lucasdmoreno.23@gmail.com','lucas123','38876575673','Aceptado',NULL,'2024-12-10 01:12:24',1),(1027,43950446,'27439504469','JUAREZ ESPINOSA','ANAHI','2002-02-06','ROSARIO DE LA FRONTERA','anahi.j.espinosa@gmail.com','Anahi4875','3876416962','Aceptado',NULL,'2024-12-10 01:12:36',1),(1028,37226977,'20372269775','BLANCO','HÉCTOR MATIAS','1993-02-06','ROSARIO DE LA FRONTERA ','mati1993_2012@hotmail.com.ar','carreramina','3876578034','Aceptado','99f83a60e08a74a3190d4ee60dcd8753fea475c3','2025-01-28 20:20:24',1),(1029,48005919,'20480059191','CASTILLO','FAUSTO JOSÉ ','2007-05-23','ROSARIO DE LA FRONTERA ','petivalle.12@gmail.com','petivalle','3876433346','Aceptado',NULL,'2024-12-10 01:12:55',2),(1030,46798920,'27467989206','SORIA PUNTANO','CELESTE VALENTINA','2006-11-19','EL GALPON','celestesoria941@gmail.com','isa2024','3876453402','Aceptado',NULL,'2024-12-10 01:13:03',1),(1031,27910607,'27279106070','CUELLAR','SILVIA','1980-04-01','METAN','ssscuellar@gmail.com','123456','03876516440','Aceptado',NULL,'2024-12-10 01:13:15',1),(1032,43336590,'27433365904','SANCHEZ','TAMARA KAREN AYELEN','2001-04-25','ROSARIO DE LA FRONTERA','ks9879209@gmail.com','catalina','3876476247','Aceptado',NULL,'2024-12-10 01:13:16',1),(1033,41444778,'27414447789','PEREZ','LUCIANA ANAHI','1999-03-14','EL TUNAL','lucypre18@gmail.com','Luciana1999@','3876617949','Aceptado','446e2f12b00f327651498db0ab5bbdfe529157a3','2025-01-20 12:24:13',2),(1034,38737931,'20387379313','TORCIVIA','MARCELO ALEJANDRO','1995-01-21','METAN','marcelotorcivia021@gmail.com','Marcelo021','3876458392','Aceptado',NULL,'2024-12-10 01:14:46',1),(1035,41422717,'2741422717','RIOS','MARIA','1998-04-15','SAN JOS DE METAN','majo99rios@gmail.com','majo41422717','3876345983','Aceptado',NULL,'2024-12-10 01:16:07',1),(1036,44105425,'20441054255','GARCIA DIAZ','AGUSTIN EMMANUEL','2002-03-13','METAN','emma53929114@gmail.com','44105425','3876740056','Aceptado',NULL,'2024-12-10 01:16:25',1),(1037,41020995,'27410209956','ZARATE','ANDREA CAMILA','1998-09-01','EL GALPON','zaratecamila132@gmail.com','luna.98.cami','3876524941','Aceptado',NULL,'2024-12-10 01:18:12',1),(1038,29576272,'2729576272','MADRID','VERONICA CECILIA DEL VALLE','1982-06-29','METAN','ceciliaveronicamadrid@gmail.com','cecilia29','3876441846','Aceptado',NULL,'2024-12-10 01:19:04',1),(1039,42813802,'27-42813802-9','RODRIGUEZ ','YOHANA DE LOS ANGELES','2000-10-13','SAN JOSE DE METAN','ryohana637@gmail.com','ulises0604','3876514985','Aceptado',NULL,'2024-12-10 01:19:58',1),(1040,45548145,'27455481452','REYES','SOLEDAD SOFIA','2000-07-30','METAN','sofiareyess989@gmail.com','243012','3876574544','Aceptado',NULL,'2024-12-10 01:21:11',1),(1041,41940059,'27419400594','QUINTAN','GUADALUPE ','1999-06-01','SAN JOSÉ DE METÁN ','guada12quintana@gmail.con','Guada12','3876449906','Aceptado',NULL,'2024-12-10 01:22:22',1),(1042,45853416,'27458534166','SANCHEZ','CARLA BRENDA CECILIA','2005-03-15','ROSARIO DE LA FRONTERA','carla45416@gmail.com','17780557cs','3876742774','Aceptado',NULL,'2024-12-10 01:24:06',1),(1043,33885108,'27-7','MARTINEZ ','BELEN JOSÉ LEONOR','1988-07-31','SAN JOSÉ DE METAN','martuumendozaa@gmail.com','martu1305','3876450622','Aceptado',NULL,'2024-12-10 01:24:50',1),(1044,32207575,'27322075753','BUSTOS ','ERICA STELLA MARIS ','1986-06-07','METAN','erica7686miamaia@gmail.com','maiamia119','3876566647','Aceptado',NULL,'2024-12-10 01:26:04',1),(1045,30234254,'20-30234254-8','PASCUALE','SERGIO ARIEL','1984-03-10','SAN JOSE DE METAN','sapascuale@gmail.com','admin','3876522620','Aceptado',NULL,'2024-12-10 01:26:26',2),(1046,31518922,'27315189220','GUTIERREZ','LORENA','1985-05-23','SAN JOSÉ DE METAN','loregutierrez212@gmail.com','3876516812','3876516812','Aceptado',NULL,'2024-12-10 01:29:56',1),(1047,38340340,'27383403400','QUINTANA ','ANTONELLA ','1994-11-06','METAN','quintana1234tt@gmail.com','antonella6','3876527796','Aceptado',NULL,'2024-12-10 01:29:57',1),(1048,39674812,'27396748121','BAZÁN ','MILENA ROSAURA ','1996-06-24','METAN','bazanmilenar@gmail.com','Emanuel24','3876517364','Aceptado',NULL,'2025-02-25 00:29:47',1),(1049,27974678,'27279746789','SANTANA','GABRIELA SOLEDAD ','1980-03-22','METAN','santanagabriela713@gmail.com','solgab45','3876050636','Aceptado',NULL,'2024-12-10 01:31:19',1),(1050,35912608,'2735912608','SANTANA','ELIANA VALERIA ','1991-03-24','METAN ','valesan1991@gmail.cpm','Conty2019.','3876528715','Aceptado',NULL,'2024-12-10 01:31:25',1),(1051,40657629,'2740657629','LESCANO FERNÁNDEZ ','MARIA MERCEDES','1997-09-24','SAN JOSÉ DE METAN ','lescanomari789@gmail.com','maria2021','3804383990','Aceptado',NULL,'2024-12-10 01:31:44',1),(1052,46798729,'27467987297','CEDRON CENARDO ','VALENTINA DEL MILAGRO ','2006-06-20','ROSARIO DE LA FRONTERA ','valencedron2006@gmail.com','cedronvalentina27','3876448550','Aceptado',NULL,'2025-02-24 19:44:35',1),(1053,48519397,'27485193974','TAPIA','SOFIA VICTORIA','2003-12-02','ROSARIO DE LA FRONTERA','tapiasofiavictoria2003@gmail.com','J270918s','03876432128','Aceptado',NULL,'2024-12-10 01:33:42',1),(1054,36037126,'27360371269','LANZI','BELEN','1991-10-28','METÁN ','beluml2810@gmail.com','n03x15t0','3876522574','Aceptado',NULL,'2024-12-10 01:34:00',1),(1055,48006999,'23480069994','MATORRAS ARENAS','SOFIA MARIANELA ','2007-06-29','SAN JOSÉ DE METAN','sofiamatorras634@gmail.com','sofia3312','3876569024','Aceptado',NULL,'2024-12-10 01:34:25',1),(1056,45110960,'20451109600','DÍAZ PONCE ','FREDI ALEXANDER ','2003-09-28','METÁN ','frediponce500@gmail.com','Poncediaz67','3876558859','Aceptado',NULL,'2024-12-10 01:35:19',1),(1057,32504130,'27325041302','VARGAS HERRERA ','VALERIA VANESA','1986-08-09','METAN','vargasvaleriavanesa72@gmail.com','55641sara','3876446164','Aceptado',NULL,'2024-12-10 01:35:50',1),(1058,37721290,'27377212903','ARRU','ROCIO','1994-04-13','SALTA ','rocioarru76@gmail.com','37721290','3873527712','Aceptado',NULL,'2024-12-10 01:36:08',1),(1059,40517604,'27405176047','ARGAÑARAZ','TANIA MARIBEL','1997-07-06','EL GALPON','taniaarganaraz@gmail.com','tania2023','3876637332','Aceptado',NULL,'2024-12-10 01:36:41',1),(1060,42205603,'27422056039','FUENTES ','AGUSTINA LUZ ','1999-12-31','METAN','luuzfuentes@outlook.com','29A9D2CE','3876523727','Aceptado',NULL,'2024-12-10 01:37:11',2),(1061,37721390,'23377213904','FRIAS','MARIA VERÓNICA ','1994-06-22','METAN','veronicafrias610@gmail.com','37721390','3876623613','Aceptado',NULL,'2024-12-10 01:37:12',1),(1062,37998489,'23379984894','DOMÍNGUEZ ','MARTA INÉS ','1994-12-17','METAN','marta171294dominguez@gmail.com','martayvalentin','3876567374','Aceptado',NULL,'2024-12-10 01:37:20',1),(1063,40861854,'27408618547','COQUIZ','ANDREA MARISOL','1997-12-11','SAN JOSE DE METAN','andreacoquiz20@gmail.com','maderera1','3743479781','Aceptado',NULL,'2024-12-10 01:37:29',1),(1064,41296119,'27412961191','SERRANO','TAMARA','1998-04-29','METAN ','tamaraserrano0429@gmail.com','17893054','3876450697','Aceptado',NULL,'2024-12-10 01:37:49',1),(1065,46232766,'27-46232766-3','BRAZANOVICH ','VICTORIA','2006-03-14','SAN JOSE METÁN ','vickybrazanovich@gmail.com','vicky2006','3876514072','Aceptado',NULL,'2024-12-10 01:37:52',1),(1066,37512057,'20375120578','ANUCH','EDGARDO FEDERICO','1993-06-10','SAN JOSÉ DE METAN ','pri_ll11@hotmail.com','5656280','3875656280','Aceptado',NULL,'2024-12-10 01:38:33',1),(1067,45364880,'27453648805','SOLALIGA ','XIMENA CAMILA','2004-08-10','METAN','ximenasolaliga@gmail.com','XimenA880','3876410463','Aceptado',NULL,'2024-12-10 01:39:32',1),(1068,44879610,'20448796109','BERNIS','LUCIO ALEJANDRO ','2003-03-26','METAN ','Luciobernis1@gmail.com','lionel02','3876523773','Aceptado',NULL,'2024-12-10 01:40:12',1),(1069,34639094,'27346390943','SOLORZA','ANGELA ROCIO','1989-08-31','METAN','rocy.oficina@gmail.com','Gozde24','3876412554','Aceptado',NULL,'2024-12-10 01:40:40',2),(1070,36853682,'27368536828','VALENCIA','NELIDA RAQUEL ','1992-07-19','METAN','nelidaraquelvalencia422@gmail.com','felipegalvan','3876582906','Aceptado',NULL,'2024-12-10 01:40:44',1),(1071,42205606,'27422056063','OLMOS','LUCIA CANDELA','1999-12-22','METAN','candelaolmos438@gmail.com','ahinara31','3876447028','Aceptado',NULL,'2024-12-10 01:41:53',1),(1072,41181621,'20411816215','DÍAZ ','OSCAR','1998-06-16','METAN ','oscarezequieldiaz0@gmail.com','oscareze16','3876624470','Aceptado',NULL,'2024-12-10 01:41:58',1),(1073,40327836,'27403278365','AVILA','JOANA JULIANA ','1997-04-04','METAN','avilajulianajoana7@gmail.com','juliana27*','3876859213','Aceptado',NULL,'2024-12-10 01:43:19',1),(1074,32567242,'27325672426','RUIZ','ROSARIO CARMELA ','1987-01-21','EL GALPON ','carmelaru31@gmail.com','Tatulolo2','3876624392','Aceptado',NULL,'2024-12-10 01:44:15',2),(1075,39215802,'27392158028','FRIAS','ROCIO ALEJANDRA','1995-09-29','METAN','rofs29@gmail.com','Consta2018.','3876518707','Aceptado',NULL,'2024-12-10 01:44:21',1),(1076,39892063,'27398920630','LOPEZ','IVANA GISELA','1996-11-22','METAN','aracelialarcon165@gmail.com','aramartu22','3876330498','Aceptado',NULL,'2024-12-10 01:44:44',1),(1077,26045271,'27260452717','TORINO ','LORENA HAYDEE ','1977-10-30','METAN ','lorenatorino031@gmail.com','majopepo0408','3876411838','Aceptado','37ef356e9900825f6aceaad879a184b76f0db094','2024-12-11 04:06:51',2),(1078,37512275,'27375122753','LASQUERA CATTERINUZZI','TANIA','1993-10-21','ROSARIO DE LA FRONTERA','tanylasquera@hotmail.com','Mellis2016','3876527958','Aceptado',NULL,'2024-12-10 01:44:49',1),(1079,32741022,'27327410224','GUZMAN','ANA MARIA','1986-10-25','METAN','anamariaguzman657@gmail.com','mia12','3876552127','Aceptado',NULL,'2024-12-10 01:44:59',1),(1080,37191289,'23371912894','RAHMER','FLORENCIA LUZ','1992-12-13','EL GALPON','rahmerluz75@gmail.com','203157','3876620738','Aceptado',NULL,'2025-02-11 00:58:53',2),(1081,34974175,'27349741755','DIAZ ','YESICA CELESTE ','1990-04-08','METAN','diazyesy73@gmail.com','abigailteamo','3876051518','Aceptado',NULL,'2024-12-10 01:46:12',1),(1082,38340209,'20383402094','NARANJO ','JOSÉ MARÍA ','1994-03-12','METAN','naranjojm94@gmail.com','13Benja15','3872123805','Aceptado',NULL,'2024-12-10 01:46:43',1),(1083,40657674,'20406576745','JURADO','MIRHA BEATRIZ','1997-08-08','METAN','mirthabeatrizjurado@gmail.com','40657674','3875760266','Aceptado',NULL,'2024-12-10 01:47:17',1),(1084,42080068,'27420800687','NAVARRETE','MARÍA SILVANA','1999-11-08','SAN JOSÉ DE METAN','mn6810486@gmail.com','piki2025','3876432869','Aceptado',NULL,'2024-12-10 01:48:26',1),(1085,45853488,'20458534889','GOMEZ TARITOLAY','MAURICIO EMANUEL ','2005-08-07','ROSARIO DE LA FRONTERA ','maurigomez853@gmail.com','Mauri488','3876637095','Aceptado','3a903d6e7db3081d8f78ca65fc0500020af741c7','2025-01-29 01:43:41',1),(1086,33047882,'27330478824','BUSTOS','PAOLA ALEJANDRA','1987-09-09','METAN','alejandrabustos1987@gmail.com','33047882','3875661699','Aceptado',NULL,'2024-12-10 01:49:14',1),(1087,44697488,'20446974883','RODRÍGUEZ ','SERGIO LEONARDO ','2003-02-14','METAN','sergiolio23240@gmail.com','54321','3876564081','Aceptado',NULL,'2024-12-10 01:49:26',1),(1088,34880253,'23348802534','LOPEZ','NORMA','1989-10-01','METAN','normy3528@gmail.com','lavidaesbella','3872102676','Aceptado',NULL,'2024-12-10 01:49:55',1),(1089,45178390,'23451783904','SANTILLAN ','RUTH EVANGELINA ','2004-03-08','METÁN ','claramabelrivainera0@gmail.com','evangelinasantillan1','3876740247','Aceptado',NULL,'2024-12-10 01:50:32',1),(1090,29082275,'27-6','MORENO','RITA GISELLE','1981-11-15','SAN JOSÉ DE METAN ','rita311981@gmail.com','Zoe.21','3813041633','Aceptado',NULL,'2024-12-10 01:50:43',2),(1091,45363564,'27453635649','IRASMAY ','VERONICA ','2005-05-21','EL GALPÓN ','irasmayveronica@gmail.com','vero21','3876416561','Aceptado',NULL,'2024-12-10 01:51:14',2),(1092,29483841,'20294838415','ARAOZ','CARLOS','1982-07-27','METAN','carlosaraoz36@gmail.com','Leoisaias3124.','3876445445','Aceptado',NULL,'2024-12-10 01:51:28',1),(1093,45766454,'27457664546','NAVARRO','SABRINA','2004-10-27','METAN','sabrinanavarro688@gmail.com','na.1234.sa','3876520980','Aceptado',NULL,'2024-12-10 01:52:27',1),(1094,44911133,'27449111333','TALLÓ ','ALEXANDRA DEL VALLE','2003-06-06','SAN JOSÉ DE METAN ','talloale47@gmail.com','44911133','3876453685','Aceptado',NULL,'2024-12-10 01:54:31',1),(1095,28314180,'27-28314180-8','VEGA','MARIA DE LUJAN','1981-07-22','METAN','marialu_vega1@hotmail.com','152204','3876473098','Aceptado',NULL,'2024-12-10 01:54:44',1),(1096,41020969,'27410209697','ORELLANA ','ROCIO DE LUJAN','1998-08-09','EL GALPON','orellanarocio628@gmail.com','estudia2025','3876564913','Aceptado',NULL,'2024-12-10 01:55:49',1),(1097,40630050,'277','ACOSTA','EMILSE','1997-09-14','METÁN ','ignacionunez257@gmail.com','emilse14','3876316970','Aceptado',NULL,'2024-12-10 01:55:57',1),(1098,41014568,'27410145680','GRAMAJO','ROCIO MACARENA','1998-01-12','METAN','gramajomaky19@gmail.com','13benja15','3876331340','Aceptado',NULL,'2024-12-10 01:56:54',1),(1099,44493149,'27-44493149-9','OLAZO','LARA BELEN','2002-12-19','METAN ','belenolazo16@gmail.com','12mailen34','3876401882','Aceptado',NULL,'2024-12-10 01:57:15',1),(1100,45767312,'20457673125','GUERRERO','FELIPE AGUSTÍN ','2005-05-05','SAN JOSE DE METAN','felipeguerrero45767312@gmail.com','45767312','3872157058','Aceptado',NULL,'2024-12-10 01:57:17',1),(1101,44818537,'27448185376','CENARDO','ANTONELA BELEN','2003-03-10','METAN','cenardoantonela69@gmail.com','44818537Benjamin','3876566182','Aceptado',NULL,'2024-12-10 01:57:48',1),(1102,45434377,'20454343779','RAMOS','JUAN PABLO','2004-05-28','ROSARIO DE LA FRONTERA ','alvican2011@hotmail.com','Pablogerman','3876475697','Aceptado',NULL,'2024-12-10 01:58:23',1),(1103,39402313,'27-39402313-8','CENTENO','NATALI DEL ROSARIO ','1996-01-24','EL GALPÓN ','natuugon23@gmail.com','natu.tana24','3876445371','Aceptado',NULL,'2024-12-10 01:59:13',2),(1104,33921419,'27-33921419-6','SANCHEZ','EUSEBIA CINTIA EVELIN','1988-07-13','EL GAPON','Cintiasanchez720@gmail.com.ar','33921419CS','3876408979','Aceptado',NULL,'2024-12-10 02:01:12',2),(1105,46798952,'27467989524','BARRERA','CAMILA ISABELLA','2007-05-06','EL GALPON','camibarrera060507@gmail.com','cami060507','3876470764','Aceptado',NULL,'2024-12-10 02:01:40',1),(1106,48006953,'20480069537','ACOSTA ','ULISES JORGE AGUSTÍN ','2007-05-19','METAN ','acostamy6@gmail.com','uli0719','3876559808','Aceptado','1a2bc1c74d49c3b3831be6cc89e26ceb54919c78','2025-02-07 14:53:13',1),(1107,39674753,'27396747532','AGUIRRE','LUISA ANTONELLA DE LOS ANGELES ','1996-06-13','METAN ','aguirreanto0106@gmail.com','iangael0106','3876050027','Aceptado',NULL,'2024-12-10 02:05:32',1),(1108,45364984,'23453649849','SALAS','EMILIO LAUTARO','2003-03-02','METÁN','salassamanta0@gmail.com','Lauti2003','3876448285','Aceptado',NULL,'2024-12-10 02:05:32',1),(1109,35912910,'27359129101','PALAVECINO ','CECILIA ','1991-08-05','METAN ','ceciliapalavecino43@gmail.com','35912910Cp','3876562294','Aceptado',NULL,'2024-12-10 02:06:40',1),(1110,36912012,'2736912012','DAVALOS','CAROLINA','1992-10-02','METAN','cdavalos190@gmail.com','belgrano244','3876441733','Aceptado',NULL,'2024-12-10 02:07:58',1),(1111,41939711,'27419397119','BABARRINUEVO','BRISA','1999-07-07','EL GALPON','brisabarrionuevo1411@gmail.com','rie2025','3876479093','Aceptado',NULL,'2024-12-10 02:11:19',2),(1112,46789386,'20467893867','BRAZANOVICH','VICTORIA','2006-03-14','SAN JOSE DE METAN','maximilianosorialeal@gmail.com','vicky2025','3876636684','Aceptado',NULL,'2024-12-10 02:11:28',2),(1113,46802188,'23468021889','GALLARDO CONTRERAS','DANIEL','2006-09-11','METAN','danielgallardocontreras3@gmail.com','11092006','3876520940','Aceptado',NULL,'2024-12-10 02:12:47',1),(1114,45178362,'23451783629','CAÑIZARES ','MARIO AGUSTIN','2003-11-05','METAN','tatsuyabynae@gmail.com','45178362','3876550150','Aceptado',NULL,'2024-12-10 02:14:25',1),(1115,37189812,'27371898129','FIGUEROA','CAROLINA DE LOS ANGELES ','1992-10-24','EL GALPON ','carolinafigueroa680@gmail.com','Conti2018','3875467384','Aceptado',NULL,'2024-12-10 02:14:36',2),(1116,47541004,'27475410047','SUASNABAR','JULIANA CAROLINA ','2006-10-01','METAN','suasnabarflorencia@gmail.com','suasnabar123456789','3876561824','Aceptado',NULL,'2024-12-10 02:14:50',1),(1117,46172739,'27461727390','LUNA MAIDANA ','ANA PAULA ','2005-12-06','SAN JOSÉ DE METAN ','pl0467775@gmail.com','pau493','3876555459','Aceptado',NULL,'2024-12-10 02:16:39',1),(1118,34431121,'27344311213','CABRAL','DAIANA','1989-12-08','EL GALPON','daialou.dc@gmail.com','compulsiva','3876618535','Aceptado',NULL,'2024-12-10 02:17:47',2),(1119,34639259,'27346392598','AVILA','MARIA FLORENCIA','1989-12-14','METAN','florenciaavila1412@gmail.com','321406','3876430646','Aceptado',NULL,'2024-12-10 02:19:02',1),(1120,42553301,'20425533011','ALZOGARAY','ISAIAS','2000-05-20','METAN','ialzogaray56@gmail.com','muñeco0912','3876558408','Aceptado',NULL,'2024-12-10 02:21:22',1),(1121,42079985,'27420799859','DELFORNO ','DAIANA MACARENA ALEJANDRA ','1998-08-08','METAN','macarenadelforno30@gmail.com','Guada2017','3876630417','Aceptado',NULL,'2024-12-10 02:21:39',1),(1122,27097731,'20270977317','CAÑIZARES','MARIO ALBERTO ','1978-11-20','METAN','marianocanizares001@gmail.com','MaxMax02','3876444409','Aceptado',NULL,'2024-12-10 02:22:10',1),(1123,47904634,'20479046345','JIMENEZ GUARDO','SAMUEL','2007-03-18','METAN','samuelguardo209@gmail.com','47904634','3876632637','Aceptado',NULL,'2024-12-10 02:24:50',2),(1124,45364738,'27453627388','DÓMINE OJEDA','VIRGINIA SAMIRA ','2004-06-05','METAN','virginiadomine14@gmail.com','Dni45364738','3876618979','Aceptado',NULL,'2024-12-10 02:25:06',1),(1125,45178323,'20451783239','ADET ','KEVIN ULISES ','2004-02-11','METAN ','ingridadet@hotmail.com','12345678','3876556338','Aceptado',NULL,'2024-12-10 02:26:33',1),(1126,40792455,'20407924550','DAFFARA MEDINA ','MATIAS SAMUEL ','1997-11-18','METAN','matiassamuel1997@gmail.com','x40792455z','3876439075','Aceptado',NULL,'2024-12-10 02:27:19',1),(1127,46232762,'27462327620','ZARZURI','VICTORIA','2006-02-07','METAN','zarzurivicki@gmail.com','46232762','3876633666','Aceptado',NULL,'2024-12-10 02:28:46',1),(1128,41181638,'27411816384','SANTANA','PAULA GIMENA ','1998-06-20','METÁN ','gimenapaulasantana@gmail.com','gimena123a','1138224667','Aceptado',NULL,'2024-12-10 02:29:02',1),(1129,37721363,'27377213632','RICO','KAREN SILVANA','1994-06-05','METAN','karenchu.rico@gmail.com','37721363','2944293539','Aceptado',NULL,'2024-12-10 02:29:14',1),(1130,41829460,'23418294604','MOLINA MARTINEZ ','CELESTE','1999-05-10','METAN','celemolinaqwe@gmail.com','300317lolo','3876577798','Aceptado',NULL,'2024-12-10 02:29:22',1),(1131,40889198,'27408891987','CASTAÑO','FLORENCIA JUDITH','1998-01-11','METAN','florenciacastano68@gmail.com','Zoevale01','3873041700','Aceptado',NULL,'2024-12-10 02:30:38',1),(1132,43336924,'27433369241','NIETO DEL VALLE','MARCELA GUADALUPE ','2001-06-15','SAN JOSÉ DE METAN','nietoguadalupe723@gmail.com','43336924Gn','3876581962','Aceptado',NULL,'2024-12-10 02:30:45',1),(1133,37721039,'27377210390','NARANJO','CLAUDIA PATRICIA','1993-11-28','METAN','naranjoclaudia43@gmail.com','xiomara2.8','3876459704','Aceptado','0bca525b839c9dc3f4b4320bb7cae5e1beea929a','2025-02-07 01:23:16',1),(1134,42917068,'27429170686','DOMINGUEZ','LEONOR AGUSTINA ','2001-02-13','METÁN','agusdominguez348@gmail.com','Damian12','3874087502','Aceptado',NULL,'2024-12-10 02:32:45',1),(1135,33885389,'27338853896','NAVARRO','ALFONSINA CRUZ DEL MILAGRO','1988-08-25','METAN ','milagron256@gmail.com','alfon33885389','3876561202','Aceptado',NULL,'2024-12-10 02:33:31',1),(1136,31312748,'27313127481','PALACIO','VANESA ELISABETH ','1985-02-21','METAN ','vanesaelisabethpalacio2@gmail.com','31312748veP','3876450517','Aceptado',NULL,'2024-12-10 02:34:10',1),(1137,43791411,'27437914112','OLIVERA ','JAQUELINA ','2002-02-08','RIO PIEDRAS ','jaquelinolivera8@gmail.com','marita','3876451054','Aceptado',NULL,'2024-12-10 02:34:16',1),(1138,40149726,'27401497264','AGUIRRE ','LUCIA MARÍANA','1996-12-26','METAN','luciaaguirree2612@gmail.com','4344316','3874119851','Aceptado',NULL,'2024-12-10 02:34:19',1),(1139,40517552,'27405175520','VIDELA','FLORENCIA','1997-06-27','METAN','videlaflor1@gmail.com','Florencia27','3876445066','Aceptado',NULL,'2024-12-10 02:35:13',1),(1140,43336974,'27433369748','VANEGA','AGUSTINA FERNANDA','2001-07-11','METAN','agustinavanega544@gmail.com','agus12','3876447107','Aceptado',NULL,'2024-12-10 02:35:13',1),(1141,27975000,'23279750004','BUSTOS','VIVIANA SOLEDAD ','1981-02-12','METAN','vipisol.vsb@gmail.com','Vipisol01','3876530941','Aceptado',NULL,'2024-12-10 02:35:27',1),(1142,32044520,'27320445200','MUÑOZ','DÉBORA NOEMI','1986-05-22','ROSARIO DE LA FRONTERA ','deboranoemi08@gmail.com','debora22noemi','3876537287','Aceptado',NULL,'2024-12-10 02:35:57',1),(1143,46172784,'20461727841','AGUILERA CASTILLO','FERNANDO EMANUEL','2006-01-03','METAN','frem0301@gmail.com','FerAgui1419','3876517419','Aceptado',NULL,'2025-02-12 17:05:44',1),(1144,30227566,'2730227566','HERRERA','GEORGINA MARIANELA','1983-11-24','SALTA','geormh2019@gmail.com','Emmanola8','3876579667','Aceptado',NULL,'2024-12-10 02:38:36',1),(1145,45178322,'27451783225','VILAHUR ','BRISA EMILIA ','2004-01-31','METAN','emiliavilahur@gmail.com','Brisita.1','3876630794','Aceptado',NULL,'2024-12-10 02:39:59',1),(1146,41296094,'27-41296094-2','MAIDANA','MAIRA MILENA','1997-05-29','SAN JOSE DE METAN','milenamaidana@hotmail.com','milena1234','3876642522','Aceptado',NULL,'2024-12-10 02:40:28',1),(1147,40657646,'27406576464','VILLARREAL','KARLA EVELYN RUTH','1997-02-14','METAN','karlavillarreal140297@gmail.com','40657646','3876407228','Aceptado',NULL,'2024-12-10 02:40:38',1),(1148,35504858,'27355048581','FLORES','YANINA JIMENA','1991-01-11','ROSARIO DE LA FRONTERA ','shanaflow24@gmail.com','shana2025','3876641926','Aceptado',NULL,'2024-12-10 02:40:55',1),(1149,43336971,'20433369719','BRITO','OSCAR ROMAN GABRIEL','2001-07-09','METAN','romanbrito01@gmail.com','43336971Gb','3876581962','Aceptado',NULL,'2024-12-10 02:45:06',1),(1150,45853454,'27458534549','MARIN ','VALENTINA ','2005-07-21','ROSARIO DE LA FRONTERA ','marinvalen77@gmail.com','45853454','3876408023','Aceptado',NULL,'2024-12-10 02:46:20',1),(1151,43550051,'27435500515','FRIAS','YAZMIN ALEJANDRA','2001-10-09','SAN JOSE DE METAN','yazmin2021frias@gmail.com','agos2020','3876522440','Aceptado',NULL,'2024-12-10 02:49:05',1),(1152,40155394,'27401553946','GUEVARA ','ROSA YAMILA ','1997-02-23','SAN JOSÉ DE METAN','rg779119@gmail.com','MiloGuevara','3876435209','Aceptado',NULL,'2024-12-10 02:49:59',1),(1153,39781488,'27397814888','PEREYRA SAMANA ','FLORENCIA ABIGAIL ','1996-06-21','METAN','abicapa96@hotmail.com','4312730flor','3875016075','Aceptado',NULL,'2024-12-10 02:51:43',1),(1154,38343471,'20383434719','MEZA','MATIAS FERNANDO','1994-04-10','EL GALPÓN ','fernandomezza94@gmail.com','38343471','3876519762','Aceptado',NULL,'2024-12-10 02:53:30',2),(1155,45767388,'20457673884','MOYANO AGUIRRE ','CAMILA ABIGAIL ','2005-05-31','SAN JOSÉ DE METAN (SALTA)','camilumoyano55@gmail.com','Camila55','3876578066','Aceptado',NULL,'2024-12-10 02:53:41',1),(1156,45767303,'20457673036','JEREZ ','GABRIEL EFRAIN ','2005-04-22','SAN JOSÉ DE METAN (SALTA)','gabijerez101883@gmail.com','gabijerez77','3876641883','Aceptado',NULL,'2024-12-10 02:53:57',1),(1157,29817484,'20-29817484-8','ORELLANA','MARIO ENRIQUE','1983-07-01','METAN','marioeorellana01@gmail.com','argentina22','3876415165','Aceptado',NULL,'2024-12-10 02:54:16',1),(1158,46172742,'20461727426','DIAZ','RAMON EZEQUIEL ','2005-11-23','METAN ','chelopro340@gmail.com','chelito.magia.','3876554397','Aceptado',NULL,'2024-12-10 02:55:16',1),(1159,35912691,'27359126919','FERNÁNDEZ ','MARIA EMILIA','1991-05-13','METAN ','fmariaemilia77@gmail.com','231214','3876631597','Aceptado',NULL,'2024-12-10 02:56:01',1),(1160,41179697,'27411796979','ESCOBAR','BELEN JOSEFINA','1997-12-10','SAN JOSE DE METAN','bescobar215@gmail.com','bescobar97','3876555416','Aceptado',NULL,'2024-12-10 02:56:35',1),(1161,45853291,'20458532916','AVILA','FACUNDO LEONARDO','2005-03-30','ROSARIO DE LA FRONTERA','saberquetzal23@gmail.com','perritoentaza','3876576644','Aceptado',NULL,'2024-12-10 02:58:34',1),(1162,33885131,'20338851317','AYLAN ','WALTER RAFAEL','1988-07-17','METAN ','emiliarivadeo@gmail.com','231214','3876624322','Aceptado',NULL,'2024-12-10 03:00:18',1),(1163,34974018,'20-34974018-5','LUNA','ENRIQUE ARIEL','1990-01-06','METAN ','arielluna847@gmail.com','ENRIK1146','2974261846','Aceptado',NULL,'2024-12-10 03:04:30',1),(1164,29251401,'20292514019','MEDINA','HECTOR LEONEL','1982-02-22','METAN','leoelseko@gmail.com','292514011','3876518923','Aceptado',NULL,'2024-12-10 03:05:11',1),(1165,43374224,'23433742249','ESCOBAR ','JUAN SIMON ','2001-04-02','SAN JOSE DE METAN ','juanescobars1029@gmail.com','piayguille','3876451850','Aceptado',NULL,'2024-12-10 03:05:43',1),(1166,37721260,'27-37721260-1','ROJAS','FLAVIA','1994-04-07','METAN','flaviarojas07@gmail.com','4294flavia','3876414752','Aceptado',NULL,'2024-12-10 03:06:23',1),(1167,30836407,'27308364076','RICO','NATALIA ELISABETH ','1984-04-11','METAN','natyrico2017@gmail.com','natyloca','3876409658','Aceptado',NULL,'2024-12-10 03:13:02',1),(1168,39538520,'27395385203','PAZ','CINTIA GUADALUPE ','1996-04-06','METAN ','cintiapaz850@gmail.com','Candela22','3876550049','Aceptado',NULL,'2024-12-10 03:13:44',1),(1169,40155335,'27401553350','ROMERO ROJAS ','CAMILA EMILSE','1995-03-04','SAN JOSÉ DE METÁN ','romerocamila643@gmail.com','BellaBenPau','3876557992','Aceptado',NULL,'2024-12-10 03:15:42',1),(1170,46689527,'27466895275','SILVA','NELIDA CAROLINA','2005-05-11','SAN JOSE DE METAN','soniagl815@gmail.com','lian1101','3876578660','Aceptado',NULL,'2024-12-10 03:20:50',1),(1171,33582242,'27-33582242-6','CORTEZ','DAIANA PAOLA ','1988-06-26','EL GALPON ','cortezdaianapaola@gmail.com','Rosario30','3876675409','Aceptado',NULL,'2024-12-10 03:27:16',2),(1172,42705256,'27427052562','MEDINA','LUCIA JOSEFINA','2000-09-05','JOAQUIN V GONZALEZ ','Medinaluciajose78@outloo.com','Mikilo20','3877465933','Aceptado',NULL,'2024-12-10 03:41:05',2),(1173,45363599,'20453635997','ROJAS CASILLA','MARCOS OCTAVIO ','2005-08-17','EL GALPÓN ','rojascasillam@gmail.com','octavio2025','3876583469','Aceptado',NULL,'2024-12-10 03:41:40',2),(1174,45974675,'27459746752','VELARDEZ ','VALENTINA AYELEN','2006-02-28','EL GALPÓN ','ferchuuu960@gmail.com','Curusawa7','3876419446','Aceptado',NULL,'2024-12-10 03:42:14',2),(1175,39398686,'27393986862','RODRÍGUEZ ','AGUSTINA ','1995-09-01','SAN JOSÉ DE METAN ','aguuss177@gmail.com','agustina','3876455994','Aceptado',NULL,'2024-12-10 03:43:16',1),(1176,35912631,'27359126315','LOMBARDI','AIDA BELEN','1990-11-21','METAN','belen.lombardij@gmail.com','Roman213019','3876665592','Aceptado',NULL,'2024-12-10 03:45:51',1),(1177,45179236,'23451792369','OROZCO','CLAUDIO ','2003-06-13','EL GALPON','natalia_orozco46@hotmail.com','Barto1213','3876513654','Aceptado',NULL,'2024-12-10 03:45:58',2),(1178,34578176,'27345781760','QUISPE','NATALIA MABEL ','1990-02-21','JOAQUÍN V GONZÁLEZ ','nataliaquispe_121@hotmail.com','hola123','3877451620','Aceptado',NULL,'2024-12-10 03:50:56',2),(1179,44911130,'27449111309','GALVA','MELANI ','2003-05-07','SAN JOSE DE METAN','miag04465@gmail.com','miateamo1','3876662271','Aceptado',NULL,'2024-12-10 03:57:44',1),(1180,39003742,'20390037423','NAVARRO ','JESUS SALVADOR ','1995-04-13','METAN','molinafabiola102@gmail.com','39003742j','3876589007','Aceptado','a30b03561ce0c14523de8bf863ecc220f80f8101','2024-12-10 05:14:32',1),(1181,36037242,'27360372427','MUÑOZ','DANIELA ANABEL','1992-01-03','METAN','danielaam2157@gmail.com','Victoriamz2718@','3876439599','Aceptado',NULL,'2024-12-10 04:14:28',1),(1182,38649500,'27386495004','MARTINEZ ','ANA VICTORIA ','1995-01-07','ROSARIO DE LA FRONTERA ','anammartinezz83@gmail.com','20500','3876461965','Aceptado','e35ea469a474f6675750bb25254bd71b5dfa816f','2024-12-10 17:17:42',1),(1183,42079987,'27420799875','MEDIAVILLA','BRISA CAMILA ','1999-10-08','METAN','brisacamila99@gmail.com','brisa20','3876616921','Aceptado',NULL,'2024-12-10 04:18:31',1),(1184,33921423,'23339214239','ARGAÑARAZ','CESAR ADRIAN ','1988-08-20','EL GALPON','ccesarconnor@gmail.com','YonArgentino1988','3876662087','Aceptado',NULL,'2024-12-10 04:19:15',2),(1185,47541065,'27475410659','FRIAS VEGAS','GUADALUPE CELENA ','2006-11-11','SAN JOSE DE METAN -SALTA','guadafrias482@gmail.com','47541065','3876557762','Aceptado',NULL,'2024-12-10 04:23:20',1),(1186,33715896,'27337158965','CARIÑO','ROSANA PATRICIA','1988-07-11','SALTA','pcarinio@ing.unsa.edu.ar','Chake417','3875162998','Aceptado',NULL,'2024-12-10 04:26:04',1),(1187,45767377,'23457673779','23457673779','IGNACIO NAHUEL RODRIGUEZ','2005-06-29','SAN JOSE DE METAN','rodrigueznachitoxd@gmail.com','nacho123','3876566522','Aceptado',NULL,'2024-12-10 04:26:59',1),(1188,37503406,'23375034069','CABRAL','BRAIAN LEONEL','1993-02-04','TAFÍ VIEJO SAN MIGUEL DE TUCUMÁN ','valdezmariajorgelina@gmail.com','eliseo2018','3814665917','Aceptado',NULL,'2024-12-10 04:33:07',2),(1189,37189928,'27371899281','CORREA','ZULMA YANINA JOANA CORREA ','1993-07-17','GALPÓN ','zulmayaninajoanacorrea@gmail.com','tainakendra2024.','3875112271','Aceptado',NULL,'2024-12-10 04:40:17',2),(1190,45364719,'20-45364719-7','TOSCANO','VALENTINO','2004-05-27','METAN','valentinotoscano2@gmail.com','valentino123','3876512270','Aceptado',NULL,'2024-12-10 04:48:59',1),(1191,39674816,'22376748164','ALBORNOZ ','SILVIA JORGELINA DEL CARMEN','1996-06-22','METAN ','albornozsildelcarmen@gmail.com','miangelnoel','1126061327','Aceptado',NULL,'2024-12-10 04:54:33',1),(1192,43548774,'20435487748','RUIZ ','ANAHI ROCÍO ROMINA ','2001-09-01','JOAQUÍN V GONZÁLEZ ','ruizanahirocioromina@gmail.com','Mora2017','3876397359','Aceptado',NULL,'2024-12-10 04:56:31',1),(1193,23240777,'27232407773','BARRIONUEVO','CLAUDIA MARCELA','1973-09-17','METAN','barrionuevomarcela079@gmail.com','avellaneda','3876442092','Aceptado',NULL,'2024-12-10 04:59:55',1),(1194,43438426,'20434384266','PLAÑEZ ','BRUNO ROBERTO ','2001-07-25','METAN ','planesbruno919@gmail.com','454112Brp','3876666860','Aceptado',NULL,'2024-12-10 05:06:22',1),(1195,42488501,'27424885016','CORRALES','BRISA VALENTINA ','2000-02-28','METAN ','valentinabrisa675@gmail.com','angeles0213','3876460481','Aceptado',NULL,'2024-12-10 05:20:21',1),(1196,46789331,'46789331','CORREGIDOR','ROBERTO JOSÉ LUIS ','2006-06-15','METAN SALTA ','corregidorroberto96@gmail.com','corregidor roberto','3876524508','Aceptado',NULL,'2024-12-10 06:44:28',1),(1197,34311721,'20343117214','ORELLAAN','SILVIO GUSTAVO','1989-05-29','METAN','silvioorellana.423@gmail.com','34311721','3876617670','Aceptado',NULL,'2024-12-10 09:15:54',1),(1198,34722915,'27347229151','VERA','NOELIA YOANA ','1989-09-03','METAN ','noeliayoanavera96@gmail.com','vamijani1989','3876516613','Aceptado',NULL,'2024-12-10 09:48:28',1),(1199,42519683,'27425196834','TOLEDO','VALENTINA','2000-04-24','METAN','vaalee.toledo.12@gmail.com','valentina00','3876553812','Aceptado',NULL,'2024-12-10 09:55:49',1),(1200,36601289,'27-36601289-9','GEREZ ','MARCELA GISELLA ','1991-06-24','SAN JOSÉ DE METAN ','marcegerez06@gmail.com','pau03','3876406098','Aceptado',NULL,'2024-12-10 10:37:12',1),(1201,29282951,'27292829510','BERON','GABRIELA CECILIA ','1982-04-29','METAN','gabrielaceciliaberon@gmail.com','gabiota1982','3876410070','Aceptado',NULL,'2024-12-10 10:39:54',1),(1202,43837141,'23438371419','ROMANO','CRISTIAN ALEXANDER','2002-03-30','EL TALA','cristianromano499@gmail.com','Mi-familia21','03876617359','Aceptado',NULL,'2024-12-10 10:51:21',1),(1203,40517627,'27405176276','LANOZA','DANIELA VANESSA','1997-07-14','EL GALPON','lanozadanielavanessa@hotmail.com','gonzy26','3876408382','Aceptado',NULL,'2024-12-10 10:56:13',2),(1204,31518822,'23315188229','MAZA','ALVARO JOAQUIN','1985-04-19','EL GALPON','alkin_85@hotmail.com','alva190458','3876452975','Aceptado',NULL,'2024-12-10 10:59:01',2),(1205,39398705,'27393987052','JIMENEZ','JANET DEL VALLE','1966-01-28','METAN','Jimenezjanet280196v@gmail.com','280196','3876584097','Aceptado',NULL,'2024-12-10 11:00:42',1),(1206,40517569,'20405175690','SÁNCHEZ ','MIGUEL ALEJANDRO ','1992-05-15','METÁN ','nancyearanda166@gmail.com','Mas2991','3786629774','Aceptado',NULL,'2024-12-10 11:08:13',1),(1207,45598113,'27455981137','PAZ PORTAL ','ABRIL CRISTINA ','2004-05-28','ROSARIO DE LA FRONTERA ','portalc051@gmail.com','corazon2','3876575657','Aceptado',NULL,'2024-12-10 11:11:48',1),(1208,36853647,'20368536475','ALZOGARAY','AUGUSTO LEANDRO ','1992-08-01','SAN JOSÉ DE METÁN ','lealzogaray@gmail.com','lospiojos12','3876561266','Aceptado',NULL,'2024-12-10 11:19:58',1),(1209,42205614,'2342205614','FARFAN','CRISTIAN JAVIER','1999-12-19','SAN JOSÉ DE METAN','farfanncristiann@gmail.com','Silviafarfan','3876446093','Aceptado',NULL,'2024-12-10 11:31:14',1),(1210,45178386,'27 45178386 5','UNCOS ','MARTINA ARACELI','2004-03-06','METAN','martinauncos932@gmail.com','Araceli05','3876571020','Aceptado',NULL,'2024-12-10 11:34:09',1),(1211,42706634,'27427066342','GONZÁLEZ ','VALENTINA SOLANGE ','2000-07-28','SAN JOSÉ DE METÁN ','valegonzalez2701@gmail.com','VG2706','3876582423','Aceptado',NULL,'2024-12-10 11:43:35',1),(1212,39217357,'23392173579','QUINTANA ','LUCAS MOISÉS ','1995-09-14','METAN ','kintanalukas@gmail.com','39217357','3876515947','Aceptado',NULL,'2024-12-10 11:50:54',1),(1213,48006983,'20480069839','FERREYRA ','MATIAS JAVIER','2007-06-29','SAN JOSE DE METAN','elisaontiverosmetan@gmail.com','Eli03Cele02','3876633061','Aceptado',NULL,'2024-12-10 11:51:59',1),(1214,38340279,'2338340279','SOSA ','DAIANA GUADALUPE','1994-09-12','METAN','sosadaiana977@gmail.com','daianasosa94','3876635851','Aceptado',NULL,'2024-12-10 11:53:39',1),(1215,34993251,'20349932513','CARABALLO','FERNANDO','1990-04-10','ROSARIO DE LA FRONTERA ','profefernandoc@gmail.com','Lacaja10','3876436490','Aceptado',NULL,'2024-12-10 11:54:08',1),(1216,46169524,'27461695243','JUAREZ','LUCIA','2006-09-24','COPO QUILES ','juarezlucia731@gmail.com','mery123','3876637986','Aceptado',NULL,'2024-12-10 12:06:42',1),(1217,35929299,'27359292991','RUIZ ','MARA YUDITH','1991-08-07','EL GALPON','mararuiz9191@gamil.com','maxico123','3876570425','Aceptado',NULL,'2024-12-10 12:12:15',2),(1218,45598158,'20455981582','CASAS','GUSTAVO JESUS','2004-07-22','ROSARIO DE LA FRONTERA','gusty03casas@gmail.com','Gusti2024','3876528267','Aceptado',NULL,'2024-12-10 12:14:49',1),(1219,41940083,'37419400837','ETCHEBARN SISNERO','KATHERINA MACARENA','1999-07-09','SAN JOSÉ DE METAN','macarenasisnero@gmail.com','katy41940','3876410365','Aceptado',NULL,'2024-12-10 12:15:19',1),(1220,45768960,'27457689603','VILLA','LUDMILA JULIETA','2005-10-12','METAN','julietavilla2005@gmail.com','45768960','3876576060','Aceptado',NULL,'2024-12-10 12:15:20',1),(1221,34974201,'27349742018','FUNES ','JESICA','1990-03-25','METAN ','jesicafunes438@gmail.com','ximena','3876521887','Aceptado',NULL,'2024-12-10 12:15:53',1),(1222,46172766,'27461727668','ANDERS MARCIOTTI','TATIANA AYESA','2005-12-21','SAN JOSE DE METAN','tatianaanders4@gmail.com','46172766ayesa','3876443751','Aceptado',NULL,'2024-12-10 12:18:38',1),(1223,46789358,'20467893581','CORDOBA','FABRICIO','2006-06-29','METAN','fabrichue@gmail.com','fabri1703','3876550307','Aceptado',NULL,'2024-12-10 12:23:40',1),(1224,26597633,'27265976331','CRUZ','MARGARITA GABRIELA ','1978-03-04','METAN','gaby_cruz25@hotmail.com','luluoli0','3876402299','Aceptado',NULL,'2024-12-10 12:27:19',1),(1225,30175818,'27301758184','TORINO','TERESA','1983-06-19','METÁN','teresatorino33@gmail.com','Mariposa3319*','3876436128','Aceptado',NULL,'2024-12-11 04:06:12',2),(1226,28634470,'23286344704','TORINO','JORGELINA DEL VALLE','1981-11-20','METAN','jorgelinatorino81@gmail.com','jOvato81','3876662830','Aceptado',NULL,'2024-12-10 12:45:07',2),(1227,44269495,'20442694959','CARDOZO ORMEÑO ','MARCELO RAMÓN ','1998-05-26','METAN ','ramonmarceloormenocardozo@gmail.com','Viel.1998','3876436681','Aceptado',NULL,'2024-12-10 12:52:59',1),(1228,39891935,'27398919357','VELARDE','ANDREA JULIANA','1997-01-03','EL GALPON','Andyvel02@hotmail.com','Beto10Velarde','3876412858','Aceptado',NULL,'2024-12-10 12:53:08',2),(1229,41972387,'27419723873','SIEERA','YAMILA NAIR','1999-10-04','EL GALPON','yamilasierra18@gmail.com','yamila2025','3876479526','Aceptado',NULL,'2024-12-10 12:57:26',1),(1230,46798924,'20-46798924-4','PEREYRA','LUCA EZEQUIEL','2006-12-16','EL GALPÓN ','dolores041016@gmail.com','Luc7798','3876443686','Aceptado',NULL,'2024-12-10 13:04:25',1),(1231,45364883,'23453648834','QUIROGA COSTILLA ','DAIANA PAOLA','2004-09-03','METÁN','yopoe25@gmail.com','elcielosiempreesazul','3876665137','Aceptado','f14894c53c82eb7dd21196b94d79f621a64ee818','2024-12-10 14:16:34',1),(1232,45364709,'27453647094','PONCE','EMILSE MARIA JOSE','2004-05-20','METAN','emiponce200@gmail.com','BenjaXiomara20','3876634398','Aceptado',NULL,'2024-12-10 13:06:54',1),(1233,46802139,'27468021396','POZO','AMELIA ELENA ','2006-09-03','SAN JOSÉ DE METÁN ','ameliaelena102@gmail.com','ameliaelena','3876499379','Aceptado',NULL,'2024-12-10 13:17:58',1),(1234,42078767,'27420787672','LAGUNA','CRISTINA FLORENCIA','1997-06-10','METAN','lagunaflorencia2018@gmail.com','2194277w','3876131495','Aceptado',NULL,'2024-12-10 13:19:06',1),(1235,46172761,'27461727617','GUTIERREZ ','CANDELA LUJAN ','2005-12-21','METAN','candegutierrez.016@gmail.com','lolalupita10','3876450950','Aceptado',NULL,'2024-12-10 13:20:16',1),(1236,42706643,'20427066437','HERNÁNDEZ ','JULIO RODRIGO ','2000-07-25','METAN ','juliorodrigoh@gmail.com','160324','3876403305','Aceptado',NULL,'2024-12-10 13:20:58',1),(1237,42608416,'27-42608416-9','HERRERA','CAMILA ANTONELA','2000-07-05','EL GALPON ','noavalen16@gmail.com','162636','564062','Aceptado',NULL,'2024-12-10 13:26:33',2),(1238,43438330,'27434383302','QUISPE','YAMILA DEL VALLE','2001-11-29','RIO PIEDRAS','yamiquispe17@gmail.com','43438330','3873001406','Aceptado',NULL,'2024-12-10 13:43:57',1),(1239,31870353,'27318703537','CAMPOS','CLAUDIA ALEJANDRA ','1986-04-17','EL GALPON','camposclaudiaalejandra4@gmail.com','agustin20','3876573783','Aceptado',NULL,'2024-12-10 13:46:04',2),(1240,44567350,'27445673507','SERRANO','LEILA JAQUELINA','2004-11-24','RÍO PIEDRAS','serranojoaquinleila20@gmail.com','JOAQUIN','3876438390','Aceptado',NULL,'2024-12-10 14:00:03',1),(1241,44493036,'27444930360','SALAZAR','MAIRA ANTONELA ','2000-09-07','METAN','antonela.s2620@gmail.com','Monserrat26','3876440098','Aceptado',NULL,'2024-12-10 14:04:10',1),(1242,41372253,'20413722536','FLORES','NABIL','1999-01-04','METAN','nabilflores56@gmail.com','1234567','3876521691','Aceptado',NULL,'2024-12-10 14:09:34',1),(1243,31870303,'27318703030','DÍAZ ','VERÓNICA BEATRIZ ','1986-01-10','EL GALPON','abrilsofi2021@gmail.com','beatriz86','3876580111','Aceptado',NULL,'2024-12-10 14:13:38',1),(1244,41020988,'27410209883','CASARES ','MARÍA MERCEDES ','1998-09-24','EL GALPÓN ','casaresmaria94@gmail.com','41020988','3873119891','Aceptado',NULL,'2024-12-10 14:15:03',2),(1245,40325975,'27403259751','MERCADO','GISELA MARISOL','1997-05-12','EL GALPON','giselamarisolmercado07@gmail.com','marisol','3876638651','Aceptado','fab4519d70ef1541b17e8f33bf21cbae8c389546','2024-12-10 15:18:06',2),(1246,39896138,'27398961388','RICO','TAMARA AYELÉN','1996-12-16','SAN JOSÉ DE METÁN','trico.rrhh@gmail.com','83169893','3876527035','Aceptado',NULL,'2024-12-10 14:21:55',1),(1247,39398637,'27393986374','COLINA','MARIA GUADALUPE ','1995-12-17','SAN JOSÉ DE METAN ','guadacolina261@gmail.com','guadac1','3876459686','Aceptado','cc118b4d05e5c6e326b61ea627c117df7bfde338','2024-12-10 15:26:17',1),(1248,38637346,'23386373469','ONTIVEROS ','FRANCISCO ARIEL','1995-01-10','METAN','3876fao552937@gmail.com','38637346','3876552937','Aceptado',NULL,'2024-12-10 14:29:14',1),(1249,28314070,'23283140709','FIAZ','CARLOS JAVIER','1981-04-15','METAN','friasc677@gmail.com','carlosfrias','3876517281','Aceptado',NULL,'2024-12-10 14:45:35',1),(1250,39007015,'20-39007015-3','QUIROGA','MARCOS EXEQUIEL ','1995-09-11','LUMBRERAS','marcosquiroga59@gmail.com','meq110995','3876405243','Aceptado',NULL,'2024-12-10 14:46:35',1),(1251,40657699,'27406576995','CAMPOS','NATALIA AGUSTINA ','1997-10-30','SAN JOSÉ DE METAN ','natic301097@gmail.com','301097','3876499004','Aceptado',NULL,'2024-12-10 15:05:53',1),(1252,32207374,'27322073742','CORRALES','MILAGROS BERNARDINA ','1986-03-14','METAN','milagroscorrales58@gmail.com','32207374','3876452887','Aceptado',NULL,'2024-12-10 15:13:09',1),(1253,44879677,'23448796779','ROLDAN','ESTEBAN','2003-05-03','SAN JOSÉ DE METÁN ','g8453643@gmail.com','gaby2003','3876634648','Aceptado',NULL,'2024-12-10 15:15:57',1),(1254,30175775,'27301757757','LUNA','PATRICA ANALIA','1983-05-05','SAN JOSE DE METAN','hanyloo411@gmail.com','hany3030','3876479415','Aceptado',NULL,'2024-12-10 15:20:50',1),(1255,17661899,'27176618995','HUNZINGER','ADRIANA','1966-05-28','EL GALPÓN ','adriserh@hotmail.com','Mvp61217','3476631721','Aceptado',NULL,'2024-12-10 15:28:40',2),(1256,42705038,'27427040381','CUSI TESEYRA ','ALDANA NAZARENA','2001-03-14','EL GALPÓN ','aniitesc0314@gmail.com','tesoñeunavez','3876576623','Aceptado',NULL,'2024-12-10 15:28:46',2),(1257,41296070,'27-41296070-5','ACOSTA','MARCELA','1998-09-06','METAN','felimartoscano@gmail.com','Felipetos92','3426986235','Aceptado',NULL,'2024-12-10 15:31:26',1),(1258,41296185,'23412961854','ORTEGA ','ERIKA ','1998-10-23','METAN','eo7887937@gmail.com','41296185','3876523678','Aceptado',NULL,'2024-12-10 15:32:05',1),(1259,35928383,'27359283836','ROMANO FRAGA','DANIELA SOLEDAD ','1991-03-08','EL GALPON','zoledadromano9@gmail.com','Gael177829','3876561430','Aceptado',NULL,'2024-12-10 15:33:53',2),(1260,2041296010,'20412960107','MANSILLA','FRANCO BENJAMIN','1998-07-08','SAN JOSE DE METAN ','franmansillaok7@gmail.com','mansilla_2000','3876357068','Aceptado',NULL,'2024-12-10 15:38:49',1),(1261,46055810,'20-46055810-8','LÓPEZ ','JUAN ESTEBAN ','2005-04-04','METAN - SALTA','estebanquito8054@gmail.com','estebanquito','3876437594','Aceptado',NULL,'2024-12-10 16:00:11',1),(1262,45179531,'2045179531','MALDONADO','GERONIMO NICOLAS','2003-12-06','ROSARIO DE LA FRONTERA','geromaldonado007@gmail.com','GeronimoMetan2099','3876629896','Aceptado',NULL,'2024-12-10 16:08:40',1),(1263,42078738,'27420787389','GALVAN','KARLA HAYDE DEL VALLE','1999-08-16','METAN','kg0721582@gmail.com','PilarJuarez','3876528749','Aceptado',NULL,'2024-12-10 16:21:45',1),(1264,41444699,'2741444699','QUIROGA','CAMILA','1998-12-29','ROSARIO DE LA FRONTERA ','camillequiroga@gmail.com','guettalover699','3525538951','Aceptado',NULL,'2024-12-10 16:29:32',1),(1265,30836403,'21308364033','SALAZAR','NATALIA FERNANDA','1984-04-13','METWN','natucasal@gmail.com','Ucas@l2024','3876405977','Aceptado',NULL,'2024-12-10 16:43:20',1),(1266,39891972,'20398919727','TEJEDOR ','RICARDO GUILLERMO ','1997-03-31','EL GALPÓN ','richart-39@hotmail.com','Mele-0086','3872186581','Aceptado',NULL,'2024-12-10 16:43:27',2),(1267,41232739,'20412327390','VARGAS','JOSÉ ALFREDO ','1998-08-03','ROSARIO DE LA FRONTERA ','josevargas0476@gmail.com','41232739','3876416609','Aceptado',NULL,'2024-12-10 16:55:08',1),(1268,37512231,'27375122311','DE ERICE ','GISELA CONSTANZA','1993-08-18','METAN','deericegisela@gmail.com','nelly231','3874028141','Aceptado',NULL,'2024-12-10 17:05:07',1),(1269,44697465,'20446974654','GAITE','ALEXIS DANIEL','2003-02-03','METAN','gaitealexisdaniel@gmail.com','alexis44697465','3876436696','Aceptado',NULL,'2024-12-10 17:13:25',1),(1270,38032146,'27380321462','GONZALEZ ','PAULA MARIA NOELIA','1994-09-23','RIO PIEDRAS ','paug6837063@gmail.com','38032146','3876632303','Aceptado',NULL,'2024-12-10 17:30:32',1),(1271,42080049,'27420800490','BISGARRA','YESICA ABIGAIL','1999-11-05','METN','Bisgarrayesicaab@gmail.com','SiVi2019','3876436884','Aceptado',NULL,'2024-12-10 17:36:10',2),(1272,31766833,'20317668334','VIZGARRA','HORACIO MILAGRO','1985-08-18','EL GALPON','vizgarra2014@gmail.com','123098hv','3876410564','Aceptado',NULL,'2024-12-10 17:36:11',2),(1273,39889925,'27398899259','FUNES','MAURA LEONOR ','1996-10-17','METÁN ','soleehfuneess@gmail.com','M1996','3876401554','Aceptado',NULL,'2024-12-10 17:38:59',1),(1274,42608492,'24425084925','MIRANDA','ULICE AGUSTÍN ','1999-08-03','EL GALPON','mirandaulicesagustin@gmail.com','uli7898','3876575937','Aceptado',NULL,'2024-12-10 17:42:45',2),(1275,39398697,'20_39398697_3','CORDOBA','JOAQUIN DANIEL ','1990-07-30','METAN','joaquindanielcordoba96@gmail.com','39398697','3876447651','Aceptado',NULL,'2024-12-10 17:43:35',1),(1276,31067075,'27310670753','VELEIZÁN ','ADRIANA VALERIA','1984-10-28','JOAQUIN VICTOR GONZALEZ','valcar3934@gmail.com','Laespecial5@','3877547289','Aceptado','083bc78751f40d5885a6c9d339b375e309c76f79','2025-02-11 22:55:15',2),(1277,44446510,'20444465108','APAZA BARROSO','OCTAVIO MATÍAS OSCAR','2002-08-15','SAN JOSÉ DE METAN ','octavioapaza129@gmail.com','12321328','3876476863','Aceptado',NULL,'2024-12-10 17:48:48',1),(1278,43949490,'27439494900','RUIZ','PAULA','2000-09-06','SAN JOSE DE METAN','ruizpaula965@gmail.com','PaulaRuiz490','3876581535','Aceptado',NULL,'2024-12-10 17:54:05',1),(1279,37721460,'23377214609','FERNANDEZ','JORGE','1994-07-18','METAN ','jorgefernandez456789@gmail.com','94jorge460','3876566072','Aceptado',NULL,'2024-12-10 17:57:23',1),(1280,29008525,'20290085250','FLORES AVILA','ROLANDO HUGO','1981-12-24','SALTA','rolandohugo99@gmail.com','aldolionel','3874182760','Aceptado',NULL,'2024-12-10 18:00:36',1),(1281,46802186,'27468021868','BASUALDO','ADRIANA','2006-09-27','SAN JOSE DE METAN','adribasualdo16@gmail.com','448613','3876548613','Aceptado','95619530e63b606e6f56510c3b817e886c5e5286','2025-02-28 02:36:56',1),(1282,47541474,'20475414749','DIAZ','JUAN PABLO SEBASTIAN','2007-01-14','ROSARIO DE LA FRONTERA','diazp2220@gmail.com','pablo47541','3876580672','Aceptado',NULL,'2024-12-22 17:10:28',1),(1283,39896156,'27398961566','HERRANDO','MELINA JUDITH','1997-01-24','SAN JOSE DE METAN','melinaherrando52@gmail.com','augusto23','3408431143','Aceptado',NULL,'2024-12-10 18:19:44',1),(1284,44911383,'27449113832','FERANDO','LUCIANA MARIEL','2003-08-20','JOAQUIN VICTOR GONZALEZ ','lucianaferando@icloud.com','Luciana03','3877437092','Aceptado',NULL,'2024-12-10 18:20:55',2),(1285,26131724,'27261317244','PALOMO','MARCELA ALEJANDRA ','1977-11-27','METAN ','marale2777@yahoo.com','071720','3876410295','Aceptado',NULL,'2024-12-10 18:31:09',1),(1286,30175790,'27301757900','ANDREU','DEBORA ANALIA','1983-06-09','METAN','andreuana2015@gmail.com','30175790','3876407117','Aceptado',NULL,'2024-12-10 18:43:25',1),(1287,39362021,'27393620213','GARZON','GUADALUPE NATASHA','1995-12-02','METAN ','Garzongudalupe89@gmail.com','guada1995','3876632092','Aceptado',NULL,'2024-12-10 18:46:43',1),(1288,42364496,'20423644967','CRUZ','NICOLAS FERNANDO','2000-03-04','METAN','nc2147757@gmail.com','Nicodeboca123','3876576951','Aceptado',NULL,'2024-12-10 19:10:39',1),(1289,34639036,'27346390366','WIERNA','MARIA LUZ','1989-06-28','METAN','marialuzwierna7@gmail.com','yuliam24','3875585322','Aceptado',NULL,'2024-12-10 19:13:35',1),(1290,41051680,'27410516808','MARIN','NADIA SOLEDAD ','1998-04-28','ROSARIO DE LA FRONTERA SALTA ','mattosnikol7@gmail.com','nadiamarin','3874474698','Aceptado',NULL,'2024-12-10 19:18:03',1),(1291,45435854,'20454358547','GARCIA VARGAS','ALEJANDRO FABIAN','2007-01-08','RIO PIEDRAS','alejandrogrcia528@gmail.com','aleya','3876668293','Aceptado',NULL,'2024-12-10 19:18:24',1),(1292,37303506,'27373035067','BRITO','MARÍA JOSÉ ','1993-03-16','METÁN ','majobri77@gmail.com','majobri25','3876562953','Aceptado','4765c59fca900a322c1415047e2a2a9fc1cae766','2024-12-10 20:42:45',1),(1293,44446561,'27444465617','VARGAS PARRAGA','ANGELA JOAQUINA','2002-09-04','METAN','annggiivarrgass04@gmail.com','Joaquin1509','3876620187','Aceptado',NULL,'2024-12-10 19:35:31',1),(1294,42553341,'27-42553341-5','MARTIN ','JULISA DAIANA','2000-06-12','METÁN ','julisamartin.12@gmail.com','139712Yulii','3876431397','Aceptado',NULL,'2024-12-10 19:45:00',1),(1295,45178316,'20451783166','JUAREZ','RODRIGO MAURICIO','2004-02-07','SAN JOSÉ DE METAN','rodri.el.piolax@gmail.com','rodrigox333','3876661483','Aceptado',NULL,'2024-12-10 19:46:11',1),(1296,25163396,'2725163962','GUARDO','MARIANA DEL VALLE','1976-02-10','METAN','marianaguardo76@gmail.com','Marita1976','3876632656','Aceptado',NULL,'2024-12-10 20:22:08',1),(1297,42705887,'20427058876','VITIAN ','JUAN ARMANDO ','1986-07-13','METAN ','vitian24@gmail.com','metan2025','3876661914','Aceptado',NULL,'2024-12-10 20:33:56',1),(1298,36037117,'23360371174','GONZALEZ PALACIO ','NAHIR CELESTE','1991-10-31','METAN ','celegp91@gmail.com','171203','3876441384','Aceptado',NULL,'2024-12-10 20:36:36',1),(1299,34222297,'20342222979','MARIN','JUAN ADRIAN','1990-07-27','ROSARIO DE LA FRONTERA','adrianjuanmarin19@gmail.com','jam9090','3876323008','Aceptado',NULL,'2024-12-10 20:38:08',1),(1300,32207568,'27322075680','BARRAZA','CINTHIA ALEJANDRA ','1986-05-30','METAN ','cinthiaalejandra568@gmail.com','tQSAjwJ2asPSVGb','3876107118','Aceptado',NULL,'2024-12-10 20:42:33',1),(1301,44444575,'27444445756','CORREA','IVANA ROSA JESUS','2003-01-10','EL GALPON','ivanarosacorrea@gmail.com','ivanacorrea1','3876583136','Aceptado',NULL,'2024-12-10 21:05:31',2),(1302,46789260,'20467892607','MORENO CORONEL','LAUTARO DAVID','2006-05-12','SAN JOSÉ DE METAN','lautymc16@gmail.com','lauti123','3876403075','Aceptado',NULL,'2024-12-10 21:30:56',1),(1303,42608410,'23426084104','VALENZUELA','YAMILA DEL MILAGRO','2000-06-26','EL GALPON','valenzuleayamiladelmilagro@gmail.com','42Yamila','3876450379','Aceptado',NULL,'2024-12-10 21:35:33',2),(1304,35912835,'27-35912835-0','GONZÁLEZ','MARIANA','1991-07-15','SAN JOSÉ  DE METÁN','marianagonzalez99@yahoo.com','3w28dzMG','3877439449','Aceptado',NULL,'2024-12-10 21:46:28',1),(1305,44105029,'27441050297','LÓPEZ ','ZAIRA','2002-04-02','METAN','zairalopez039@gmail.com','zaira2002','38732260328','Aceptado',NULL,'2024-12-10 22:20:55',1),(1306,43686849,'23-43686849-9','BALDERRAMA RIOS','AUGUSTO EMANUEL','2001-12-11','METÁN','augustobalderrama70@gmail.com','43686849Aa','3876583236','Aceptado',NULL,'2024-12-10 22:25:13',1),(1307,43836624,'27438366240','RUIZ','EVELYN MICAELA','2001-11-26','EL GALPÓN ','er3787993@gmail.com','micaela2126','3876640424','Aceptado',NULL,'2024-12-10 22:27:38',2),(1308,41020925,'27410209255','COLQUE ','CARLA DANIELA NAZARENA ','1998-04-11','EL GALPÓN ','colquecarladaniela11@gmail.com','Morenita2026','3876577806','Aceptado',NULL,'2024-12-10 22:43:10',1),(1309,44271486,'20442714860','SANTILLAN','SANTIAGO GERONIMO  DANIEL','2002-07-05','SAN JOSE DE METAN','rivaineraclaramabel0@gmail.com','benjamin12','3875585551','Aceptado',NULL,'2024-12-10 22:43:19',1),(1310,41488629,'27414886294','ROMERO','LUCIA LORENA ANDREA','1999-07-19','LUMBRERAS ','lucialorenaandrearomero@gmail.com','ruby2019','3876513479','Aceptado',NULL,'2024-12-10 22:56:08',1),(1311,39891965,'27398919659','FIGUEROA ','DAIANA MICAELA ','1994-10-09','EL GALPÓN ','figueroamica2021@gmail.com','days2023','3876400112','Aceptado',NULL,'2024-12-10 23:03:25',2),(1312,47621467,'20476214670','FLORES','NAHUEL TOMAS','2006-10-25','METAN','nahuelftomas2006@gmail.com','Tom@s2006','3876664977','Aceptado',NULL,'2024-12-10 23:05:21',1),(1313,36037430,'27360374306','AGÜERO','MARIANELA JIMENA','1991-12-01','SAN JOSE DE METAN','jime.marianela@gmail.com','36037430','3876457569','Aceptado',NULL,'2024-12-10 23:08:21',1),(1314,43219836,'20432198368','LOPEZ GODOY ','YOEL DEL MILAGRO ','2001-02-07','ROSARIO DE LA FRONTERA ','shootdeaa@gmail.com','dream1506','3876581002','Aceptado',NULL,'2024-12-10 23:15:41',1),(1315,46790030,'27467900302','MORES ','LUCIANA BELEN ','2000-07-04','METAN ','moresluciana1@gmail.com','lucianaaitana24','3876665941','Aceptado',NULL,'2024-12-10 23:16:37',1),(1316,47543172,'27475431729','DEL PRADO SENDIN','VALENTINA CANDELA','2006-11-02','SAN JOSÉ DE METAN','candesendin123@gmail.com','Guillermina12','3872198402','Aceptado',NULL,'2024-12-17 03:40:40',1),(1317,43686986,'20436869860','PLACEREANI GOMEZ ','BERNARDO JOEL ','2002-01-30','METAN ','placereanibernardo43@gmail.com','bernardoplace','3876674140','Aceptado',NULL,'2024-12-10 23:22:32',1),(1318,24163776,'27241637765','RUIZ','MARÍA FERNANDA ','1975-01-16','METAN','ferchuruiz180482@gmail.com','12345','3876630812','Aceptado','1c69005f362e28dadd387f83efbef3695ef7c9c9','2025-01-20 15:18:30',1),(1319,44105355,'20441053550','ESCOBAR ','GONZALO','2002-04-22','ROSARIO DE LA FRONTERA ','gonzaloescobar268@gmail.com','44105355','3876552406','Aceptado',NULL,'2024-12-10 23:26:55',1),(1320,44105202,'27441052028','CARDOZO','MELANIE VALENTINA','2002-09-24','RIO PIEDRAS','melanivalentina2409@gmail.com','Cbmfc24092002','3435263488','Aceptado',NULL,'2024-12-10 23:31:09',1),(1321,43438450,'20434384509','CANO','FEDERICO DAVID ','2001-08-03','METAN','dcano436@gmail.com','David512935','3876434409','Aceptado',NULL,'2024-12-10 23:50:25',1),(1322,46802240,'27468022406','MOLINA','ROCIO AGUSTINA ','2006-09-17','ROSARIO DE LA FRONTERA ','am2782105@gmail.com','agus2803','3876622161','Aceptado',NULL,'2024-12-10 23:58:09',1),(1323,36853965,'20368539652','GARCÍA ','ALAN EMANUEL','1993-01-08','SAN JOSÉ DE METAN','garciaalanemanuel@gmail.com','87654321','3876472716','Aceptado',NULL,'2024-12-11 00:06:56',1),(1324,43686958,'20436869585','MARTIN','MIGUEL ADOLFO ','2002-01-13','METAN ','miguel19.m23@gmail.com','120521Jime','3876549654','Aceptado',NULL,'2024-12-11 00:08:22',2),(1325,37189860,'27-37189860-9','JUAREZ','VICTORIA EVANGELINA','1993-02-08','EL GALPÓN ','vickyto0802@gmail.com','melonlulu','3876451240','Aceptado',NULL,'2024-12-11 00:27:40',2),(1326,37189945,'2737189945','MOYA','ALINA MARÍA NIEVES','1993-09-06','EL GALPÓN ','Alysmoya@hotmail.com','marti2024','3876584873','Aceptado',NULL,'2024-12-11 00:32:49',2),(1327,42205616,'20422056166','JUÁREZ DE LISA','ESTEBAN','1999-12-27','METAN','delisaesteban2@gmail.com','esteban99','3876418402','Aceptado',NULL,'2024-12-11 00:34:42',1),(1328,45270901,'27452709010','GARNICA','FLORENCIA ','2003-12-07','SAN JOSÉ DE METAN','florgarnica300@gmail.com','gaelmartina','3876450595','Aceptado',NULL,'2024-12-11 00:40:34',1),(1329,32723694,'27327236944','MOYA','CARLOS FABIAN','1961-08-05','METAN','diegoeduardo66@gmail.com','admin','38765072622','Aceptado','f43cdd99dcbf237de3420212aba3829456465f82','2024-12-16 19:32:10',1),(1330,40517505,'27405175059','SARAPURA','CRISTINA RITA','1997-07-12','METAN','sarapuracristina33@gmail.com','naomi12','3876579946','Aceptado',NULL,'2024-12-11 00:52:11',1),(1331,44446568,'23444465689','MEDRANO ALEGRE ','ALEXIS AGUSTÍN ','2002-10-01','SAN JOSÉ DE METAN ','medranoalexis502@gmail.com','Alejo18','3876479880','Aceptado',NULL,'2024-12-11 01:13:58',1),(1332,44105500,'20441055006','BORJA','CARLOS','2002-04-25','METAN','carlos56borja@gmail.com','421689cab','3876661403','Aceptado',NULL,'2024-12-11 01:15:32',1),(1333,46798926,'20467989260','CORONEL','DANIEL ESTEBAN ','2007-01-10','EL GALPÓN','danielestebancoronel39@gmail.com','Danielcoro','3876620882','Aceptado',NULL,'2024-12-11 01:16:44',1),(1334,39215835,'24392158354','GALLARDO VELIZ','LUCIA VALENTINA','1995-10-12','SAN JOSE DE METAN','valentina121915@gmail.com','peyton121915','3876565848','Aceptado',NULL,'2024-12-11 01:23:24',1),(1335,46802206,'20468022061','RODRIGUEZ TORRES','EMILIANO','2006-08-29','ROSARIO DE LA FRONTERA','er617682@gmail.com','Agentina11001','3876402695','Aceptado',NULL,'2024-12-11 01:42:06',1),(1336,36853910,'23368539104','GALLEGOS','ROMINA','1992-11-18','METAN','rfg181192@gmail.com','01041902','03876520529','Aceptado',NULL,'2024-12-11 02:01:23',1),(1337,44327592,'23443275924','ORTIZ','RUT FLORENCIA ','2002-06-04','ROSARIO DE LA FRONTERA','florenciaortiz676@gmail.com','44327592','3876563183','Aceptado',NULL,'2024-12-11 02:19:05',1),(1338,45179761,'20451797612','MENDEZ','MAXIMO','2004-04-29','METAN','smashhd2224@gmail.com','maximendezcorrales','3876473613','Aceptado',NULL,'2024-12-11 02:44:27',1),(1339,39674702,'27396747028','MOYANO ','FLORENCIA ','1996-05-16','METAN','florenciamoyano9988@gmail.com','7816afm','3872508607','Aceptado',NULL,'2024-12-11 03:06:12',1),(1340,47541467,'27475414670','TROYCHUK ','BRENDA','2007-01-03','ROSARIO DE LA FRONTERA ','brendatroychuk084@gmail.com','brenda2007','3876481681','Aceptado',NULL,'2024-12-11 03:12:13',1),(1341,13771640,'27137716408','BURGOS ','NORMA SUSANA ','1957-08-17','METAN ','agustinho0811@gmail.com','agus','3814657588','Aceptado',NULL,'2024-12-11 03:18:01',1),(1342,31038554,'27310385544','HERRERA','NOEMI ELISABETH','1984-06-21','EL GALPON','noemiherrera794@gmail.com','4040','3876556700','Aceptado',NULL,'2024-12-11 03:18:27',2),(1343,38343404,'20383434042','GONZALEZ','JUAN MARIANO','1995-04-24','GALPON','jg226017@gmail.com','24680River','3876664910','Aceptado',NULL,'2024-12-11 03:36:06',1),(1344,37189959,'27371899591','ERAZU','CARLA ITATI','1993-10-12','EL GALPON','itatierazu4747@gmail.com','42553309','3876617509','Aceptado',NULL,'2024-12-11 03:41:13',1),(1345,25642641,'27256426418','VELIZ','CARINA INES','1977-07-15','SAN JOSE DE METAN','carivalepiki@gmail.com','Valpik77','3876474011','Aceptado',NULL,'2025-02-28 21:11:58',1),(1346,44327567,'27443275679','BAZAN','EMILSE DELIA ','1997-07-02','ROSARIO DE LA FRONTERA ','emiibazan2@gmail.com','emilse12345','3876675663','Aceptado','1ddb1a36b05e8fbea58196e72ee855050e924bea','2025-06-03 02:53:42',2),(1347,40628376,'27406283769','SORIA','DAIANA CAMILA','1997-09-30','EL GALPON','daianasoria228@gmail.com','canmilo1719','3876580757','Aceptado',NULL,'2024-12-11 03:51:02',2),(1348,41020998,'20410209986','CALERMO SAMANA','ENZO JULIAN ARMANDO','1998-10-12','EL GALPON','calermo887@gmail.com','15558578','3874039361','Aceptado',NULL,'2024-12-11 03:51:57',2),(1349,43152216,'27431522166','LLANTEN','GUADALUPE ALEJANDRA ','2000-12-24','EL GALPÓN ','guadalupellanten68@gmail.com','bautista','3876642285','Aceptado',NULL,'2024-12-11 03:54:40',2),(1350,34457987,'27-34457987-9','ANDRADA','EVELIA NOEMI','1990-03-19','SAN JOSÉ DE METÁN ','naommyandrada27@gmail.com','amor2022','3876584644','Aceptado',NULL,'2024-12-11 03:55:30',1),(1351,45853483,'20458534838','ALDERETE ','RODRIGO AGUSTÍN ','2005-08-10','ROSARIO DE LA FRONTERA ','rpatriciarodriguez78@gmail.com','roy2005','3876461603','Aceptado','c3cd0a716ef9e0258b55e92242f3713b3ef1d1e1','2025-02-05 20:15:05',1),(1352,44446537,'27444465374','VAZQUEZ','CANDELARIA','2000-08-26','SAN JOSE DE METAN','rociocandelariavazquezarias@gmail.com','candelaria14','3876575867','Aceptado',NULL,'2024-12-11 04:21:25',1),(1353,42939748,'27429397486','DIAZ','YAQUELIN','1997-06-04','EL GALPON','yakelinediaz86@gmail.com','kalep2016','3876570737','Aceptado',NULL,'2024-12-11 04:22:34',1),(1354,41053490,'20410534909','SOSA','ALEXIS P','1998-05-07','METAN','sosapaul229@gmail.com','hJGXE9qu4KtasQ2','3876475545','Aceptado',NULL,'2024-12-11 04:25:28',1),(1355,45598149,'20455981493','LUCERO','BAUTISTA OCTAVIO','2004-07-14','ROSARIO DE LA FRONTERA','butistalucero@gmail.com','45598149Bau','3876438564','Aceptado',NULL,'2024-12-11 05:27:21',1),(1356,25410747,'27-25410747-1','PERALTA','MARIA MARCELA','1976-07-08','SAN JOSE DE METAN','marcelaperalta888@gmail.com','3aVMn7LyDkX6Yyz','3876631314','Aceptado',NULL,'2024-12-11 11:27:44',1),(1357,22016844,'20220178442','GIMÉNEZ','MARCELO CONRADO','1971-03-21','EL GAPONL','conradogimenez@gmail.com','iiuyt/51##','3876419334','Aceptado',NULL,'2024-12-11 11:50:02',2),(1358,30835029,'27-30835029-6','SINGH ','LUCIANA MARIA','1984-06-19','SAN JOSÉ DE TUCUMÁN ','luchasingh16@gmail.com','joaquin','3876584844','Aceptado',NULL,'2024-12-11 11:57:22',2),(1359,44879685,'27448796855','FARFAN','SABRINA DEL MILAGRO ','2002-12-25','METÁN ','sabriisolari18@gmail.com','44879685','3876570880','Aceptado',NULL,'2024-12-11 12:18:47',1),(1360,27910582,'20279105827','GUZMÁN ','SERGIO RICARDO ','1980-02-16','METÁN ','sergio16guzman02@gmail.com','910582RdG','3876557704','Aceptado',NULL,'2024-12-11 12:49:35',2),(1361,42917072,'23429170729','PLASENCIA ','MATEO','2001-03-18','METAN','plasen.mate@hotmail.com','1234mateo','3876444586','Aceptado',NULL,'2024-12-11 12:54:05',1),(1362,44499714,'20-2','CORTEZ','PABLO DANIEL IGNACIO','2002-11-08','RIO PIEDRAS','robinwar44@gmail.com','Igna2002','3876461198','Aceptado',NULL,'2024-12-11 13:02:42',1),(1363,32230214,'27322302148','ACOSTA','IRIS ROSANA ','1986-03-27','EL GALPON','acostairis969@gmail.com','25042011','3876532123','Aceptado',NULL,'2024-12-11 13:17:36',2),(1364,36037033,'27360370335','MANSILLA','ROSA','1991-07-01','METAN','rosamarianelamansilla@gmail.com','mary2025','3876509810','Aceptado',NULL,'2024-12-11 13:53:44',1),(1365,45113793,'27451137935','GUTIERREZ','MARIA LOURDES DEL CARMEN','2004-01-11','SAN JOSE DE METAN','lg0490772@gmail.com','matusanel','3876436238','Aceptado',NULL,'2024-12-11 13:56:37',1),(1366,39003749,'20390037497','CORDOBA','ROCIO','1995-04-26','METAN','rochicordoba427@gmail.com','Nixiealma427.','3876406486','Aceptado',NULL,'2024-12-11 13:59:14',1),(1367,37189936,'27-3789936-2','JAIME ','MARIA LUJÁN ','1993-08-18','EL GALPÓN ','analaurajaime20@gmail.com','23092425','3876499794','Aceptado',NULL,'2024-12-11 14:04:18',2),(1368,46232788,'27462327884','GIL GONZALEZ','SOFIA JOSEFINA','2006-03-29','METAN','sofiajosefinagilgonzalez29@gmail.com','46232788','3876526433','Aceptado',NULL,'2024-12-11 15:10:54',1),(1369,46058501,'20460585016','ENRIQUE','ELVIS','2005-05-17','EL QUEBRACHAL','enriqueseelvitimas@gmail.com','cancer308','03877487098','Aceptado',NULL,'2024-12-11 15:29:07',1),(1370,43375754,'27433757543','RIVERA ','MIRIAM ANALIA ','2001-06-01','ROSARIO DE LERMA','anitariveramiriam@gmail.com','16135145','3876126193','Aceptado',NULL,'2024-12-11 15:41:30',1),(1371,41296036,'27412960365','MENDOZA','MAIRA','1998-07-15','METÁN ','mendozamaira581@gmail.com','milimendoza','3876641426','Aceptado',NULL,'2024-12-11 16:21:35',1),(1372,43550045,'20435500456','PONCE JAIME','AXEL','2001-10-11','METAN','poncejaimeaxel@gmail.com','43550045Axel','3876623301','Aceptado',NULL,'2024-12-11 17:04:41',1),(1373,36853891,'20368538915','VALDEZ','ANGEL EMILIO ','1992-12-13','METAN ','aevemilio@gmail.com','tuangelito','3876572787','Aceptado',NULL,'2024-12-11 18:26:06',1),(1374,45766676,'20457666765','TORRES','BRIAN LUCIANO','2005-05-03','METAN','bt9015600@gmail.com','22022024ByY','3876407042','Aceptado',NULL,'2025-02-11 17:10:30',1),(1375,37302380,'23373023809','MOLINA CUNIBERTI','MARCELO EZEQUIEL ','1993-03-17','METAN','ezemolina2022@gmail.com','Trafico93','03876524727','Aceptado',NULL,'2024-12-11 18:40:39',1),(1376,46789312,'2046789312','CARRANZA','VICTOR ULISES','2006-05-27','METAN','soniamedina202134@gmail.com','martina2013','3876439216','Aceptado',NULL,'2024-12-11 19:21:59',1),(1377,43438144,'23434381444','CENTENO','MARIA LAURA','1999-08-12','EL GALPON','mariacenteno4343@gmail.com','paulina','3876512892','Aceptado',NULL,'2025-02-11 01:28:30',1),(1378,39003750,'20390037504','PUCA','GASTON JONATAN','1995-04-14','LUMBRERAS ','Pucagaston23@gmail.com','Alomer0611','3876555553','Aceptado',NULL,'2024-12-11 19:53:30',1),(1379,45088022,'20450880222','HORQUERA','LUCAS ADRIAN','2003-08-31','EL TUNAL','lucahorquera@gmail.com','luca123','3876581269','Aceptado',NULL,'2024-12-11 20:02:28',2),(1380,36129976,'27-36129976-6','SALVATIERRA','FLAVIA GISEL','1991-08-29','ROSARIO DE LA FRONTERA','flaviasalvatierra.fs@gmail.com','Hermosa10','3876449707','Aceptado',NULL,'2024-12-11 20:19:35',1),(1381,38032170,'20380321700','LUNA','CARLOS ABEL ','1995-01-31','RIO PIEDRAS ','carlosabelluna310195@gmail.com','38032170','3876499861','Aceptado',NULL,'2024-12-11 20:32:20',1),(1382,43336966,'27433369667','SANGREGORIO','MARISOL ELIZABETH ','2001-06-20','METAN','marisolsangregorio88@gmail.com','Almamendoza1','3876560716','Aceptado',NULL,'2024-12-11 20:49:36',1),(1383,45,'22449137362','LUNA','LEANDRO YSMAEL','2003-05-21','ROSARIO DE LA FRONTERA ','lunaleandro233@gmail.com','44913736','3876580602','Aceptado',NULL,'2024-12-11 20:55:06',1),(1384,42303407,'20423034077','PLACEREANI GOMEZ','FELIPE ALFREDO','2000-02-15','METAN','felipe3450@hotmail.com','Miringo14','3876404184','Aceptado',NULL,'2024-12-11 22:05:37',1),(1385,42080065,'20420800658','CHAJU','AGUSTIN','1999-12-05','SAN JOSE DE METAN','isma15282@gmail.com','Ies6021','3876623107','Aceptado',NULL,'2024-12-11 22:09:09',1),(1386,35929204,'27359292045','ROJAS','CINTIA DEBORA','1991-03-19','EL GALPÓN ','rojascintia0607@gmail.com','so06da07an25','3876631810','Aceptado',NULL,'2024-12-11 22:44:52',2),(1387,44911447,'27449114472','GONZALEZ ','DANIELA','2003-02-19','EL ATAMISQUI','dany92086@gmail.com','daniela5588','3877581268','Aceptado','03af3f742ad8e43d36f64566bdc61d90ea0da7f0','2025-02-05 16:42:22',1),(1388,44176145,'27441761452','TESEYRA','AYELEN LUJAN','2002-10-02','EL GALPON','ayeeh.teseyra@gmail.con','aye2002','3875068677','Aceptado',NULL,'2024-12-12 00:13:12',1),(1389,32207486,'2732207486','RIOS','LILIANA DEL VALLE','1986-04-29','METAN','rioslilianadelvalle@gmail.com','Miloteamo_04','3876442452','Aceptado',NULL,'2024-12-12 01:06:01',1),(1390,45435853,'20454358539','GORRITI','BRAIAN','2007-02-02','RIO DE LAS PIEDRAS','gorritibraianmaximiliano@gmail.com','AbueloAngel76','3875679679','Aceptado',NULL,'2024-12-12 01:23:46',1),(1391,44327598,'20443275984','GARCIA ','DAMIAN ANGEL','2002-07-29','ROSARIO DE LA FRONTERA ','angelhesoyam8@gmail.com','Hesoyam18','3876575128','Aceptado',NULL,'2024-12-12 01:48:29',1),(1392,38737811,'27387378117','GAVILAN','JESICA DEL VALLE','1994-11-29','METAN','jesicagavilan29@gmail.com','27387378117','3876519219','Aceptado',NULL,'2024-12-12 02:15:59',1),(1393,34620106,'20346201062','PASTRANA','JULIO RICARDO','1989-08-28','SALTA','juliorpastrana@gmail.com','20346201062','3876188169','Aceptado',NULL,'2025-02-01 23:46:20',2),(1394,28339727,'28283397276','BELTRAN','NILDA ','1980-12-29','EL GALPON','valentinojonas50@gmail.com','220819','3876557190','Aceptado',NULL,'2024-12-12 02:19:53',2),(1395,38972673,'27389726732','GAVILAN','VERONICA CELESTE','1996-07-21','METAN','gavilanveronica819@gmail.com','27389726732','3876437851','Aceptado',NULL,'2024-12-12 02:28:09',1),(1396,45498341,'27455983415','SCHMILH','CELESTE AYLEN','2004-10-25','ROSARIO DE LA FRONTERA ','celesteschmilh@gmail.com','Cas2024','3876476465','Aceptado',NULL,'2024-12-12 03:18:02',1),(1397,43336532,'20433365322','ELOY','EMILIANO NICOLAS','2000-01-29','ROSARIO DE LA FRONTERA','eloynicolas3@gmail.com','Eloy24','3876575679','Aceptado',NULL,'2024-12-12 03:26:37',1),(1398,39474606,'27394746067','GONZÁLEZ ','CAMILA ABIGAIL ','1996-03-11','METAN','cami39474@gmail.com','benjamin1407','3876414666','Aceptado',NULL,'2024-12-12 04:20:59',1),(1399,40354443,'23403544434','YARECO ','JANET ','1997-05-23','METAN ','janetyareco06@gmail.com','Tayron1234','3468587229','Aceptado',NULL,'2024-12-12 11:53:26',1),(1400,28397114,'27-28397114-2','SUAREZ','ELIZABET ROSAURA ','1981-11-19','SAN JOSE DE METAN','elizabet_23_5@hotmail.com','101555eli','3874665331','Aceptado',NULL,'2024-12-12 12:07:36',1),(1401,45363551,'20453635512','OVEJERO','RAMÓN LUCIANO ','2005-04-25','EL GALPÓN ','lucianoovejeros45@gmail.com','lu(2005)','3876638300','Aceptado',NULL,'2024-12-12 14:23:28',2),(1402,37189870,'20371898701','ARGUELLO','SERGIO DANIEL','1993-02-17','EL GALPON','tomy.arguello@gmail.com','MISTERX93','03872512615','Aceptado',NULL,'2024-12-12 14:37:12',2),(1403,46789317,'20467893174','CRUZ','FABRICIO EDUARDO','2006-06-03','METAN','fabrycruz12345@gmail.com','Fabricio123456789@','3876631961','Aceptado',NULL,'2024-12-12 14:54:29',1),(1404,44493195,'20444931958','MILLAN BRITOS','NAZARENO JONAS','2003-01-24','METAN','nmillanbritos17@gmail.com','13382876','3876443947','Aceptado',NULL,'2025-02-03 21:47:41',1),(1405,46801007,'27468010076','GAVILAN','BRISA FLORENCIA','2005-11-11','METAN','florenciagavilan52@gmail.com','27468010076','3876553502','Aceptado','21fd9b1ea01de8f0f576ece92cc81afcbddf6b40','2025-02-06 01:29:21',1),(1406,48006954,'23480069544','GAVILAN','BRENDA MICAELA','2007-05-22','METAN','micaelagavilan8@gmail.com','23480069544','3876418595','Aceptado',NULL,'2024-12-12 15:48:47',1),(1407,44326602,'20443266020','GONZALEZ','LEONEL RICARDO DAVID','2022-06-20','METAN','lg8460958@gmail.com','44326602LG','3876402359','Aceptado',NULL,'2024-12-12 16:38:13',1),(1408,45974671,'20-45974671-5','ROMERO','ENZO','2006-04-04','EL GALPON','enzor9506@gmail.com','45974671','3876526908','Aceptado',NULL,'2024-12-12 16:59:47',2),(1409,45179667,'23451796674','ALBORNOZ','VANESA CAROLINA','2005-06-30','SAN JOSE DE ORQUERA ','albornozvanesa234@gmail.com','45179667','3876568187','Aceptado',NULL,'2024-12-12 18:55:35',2),(1410,45366098,'20453660983','MEDINA RUIZ','BAUTISTA LUCAS JOSÉ ','2005-12-11','RIO PIEDRAS ','baumedina420@gmail.com','11122005bautista','3876416628','Aceptado',NULL,'2024-12-12 19:03:20',1),(1411,35912971,'27359129713','LÓPEZ ','XIMENA DEL MAR','1991-08-19','METÁN ','lopez.ximar@gmail.com','cielo971','3876631000','Aceptado',NULL,'2024-12-12 19:20:45',1),(1412,45766662,'20457666625','LLANO','AUGUSTO SAMUEL','2005-04-21','SAN JOSE DE METAN','samuelllano09@gmail.com','llanofat12','3875065297','Aceptado',NULL,'2024-12-12 20:01:50',1),(1413,34639271,'27346392717','VILLALBA','CINTIA','1989-11-18','EL GALPÓN ','cv33550@gmail.com','34639271','3876575027','Aceptado',NULL,'2024-12-12 22:13:06',1),(1414,36853571,'27368535716','MEDINA','MARÍA CECILIA NOEMI','1992-05-27','METAN','ceciliamedina966@gmail.com','geneM1409','3876447279','Aceptado',NULL,'2024-12-12 22:31:58',1),(1415,40658369,'2340658369','MENESES','MARIA ANTONELA','1998-01-15','EL QUEBRACHAL','menesesmaria096@gmail.com','40658369','3877588421','Aceptado',NULL,'2024-12-13 00:11:33',2),(1416,43172780,'20431727809','TOSCANO','BRIAN ALEXIS','2001-05-07','METAN','brian822019@gmail.com','Brian43172780','3876439926','Aceptado',NULL,'2024-12-13 01:10:21',1),(1417,45435858,'27454358584','MANSILLA','CELESTE MARIEL','2007-03-13','RIO PIEDRAS ','celestemarielmansilla24@gmail.com','celeste858','3876565430','Aceptado',NULL,'2024-12-13 01:15:52',1),(1418,31841891,'20_9','ALVAREZ','PABLO','1986-12-16','METAN','pablojxy144@gmail.com','zpq4SZKvCuUgN2F','03876516713','Aceptado',NULL,'2024-12-13 01:23:26',2),(1419,34974157,'20349741572','ALVAREZ','JOSEMARIA','1990-04-07','METAN','chalux90@gmail.com','conty2019.','3876528715','Aceptado',NULL,'2024-12-13 01:25:06',2),(1420,34278768,'27342787687','SALTO','MARIELA ALEJANDRA','1989-02-03','EL GALPON','marielasalto2016@gmail.com','danamaza','3876665788','Aceptado',NULL,'2024-12-13 02:28:41',2),(1421,37512186,'20375121868','DIAZ','FELIX ANTONIO','1993-08-20','SAN JOSÉ DE METAN','teseyramariarita@gmail.com','antonio100','3876632369','Aceptado',NULL,'2024-12-13 02:33:07',1),(1422,44911225,'27449112259','CHAVEZ','MELINA CONSTANZA DEL LUJAN','2003-07-08','SAN JOSE DE METAN','chavezmelina636@gmail.com','miloapolo123','3876346227','Aceptado','2bfc5cb5b0c87d307ddf7d6fe8c87acd4378441d','2025-02-05 03:36:40',1),(1423,39398787,'20393987872','GONZALEZ AGUIRRE','GONZALO HECTOR DANIEL','1996-03-12','METAN','daniel_14_2008@hotmail.com','2039DG87422332a♠4','3876439570','Aceptado','fe5af7e903f06a7be314c3d34fcc702acf9d5c15','2024-12-13 05:36:03',1),(1424,43344125,'20433441258','GEORGIEFF','OSVALDO NICOLÁS ','2000-11-08','SAN JOSÉ DE METAN ','nicolasosvaldogeorgieff@gmail.com','Nikogeor2025','3874734886','Aceptado',NULL,'2024-12-13 11:16:48',1),(1425,42608409,'27426084096','REPETTO VELIZAN','MELANI DEL ROSARIO ','2000-06-28','EL GALPÓN ','repettomelani@gmail.com','bastianymely2017','3876637375','Aceptado',NULL,'2024-12-13 13:25:55',2),(1426,44911144,'27449111449','MORALES','ANA','2003-06-04','METAN - SALTA ','anabelenm049@gmail.com','19723','3076405800','Aceptado',NULL,'2024-12-13 13:29:11',1),(1427,43607361,'27436073610','DEL VECCHIO','DANIRA CONSTANCIA ','2002-01-09','SAN JOSE DE METAN','delvecchio0902@gmail.com','Danira09','3876665295','Aceptado',NULL,'2024-12-13 14:06:47',1),(1428,46798963,'23467989634','TEJEDOR','LICIA ANA PAULINA','2007-05-14','EL GALPÓN','liamuwu3666@gmail.com','Camilovillarruel','3876624748','Aceptado',NULL,'2024-12-13 14:21:44',2),(1429,41488652,'20414886524','ROMERO CORTES','MANUEL RICARDO','2000-02-09','RIO PIEDRAS ','ricardoromero6578@gmail.com','Laika1434','3876636663','Aceptado',NULL,'2024-12-13 14:29:13',1),(1430,39215812,'20392158120','ALARCÓN ','FACUNDO MARTIN ','1995-09-25','ROSARIO DE LA FRONTERA ','facundoalarconseh@gmail.com','39215812alarcon','03876460257','Aceptado',NULL,'2024-12-13 15:47:34',1),(1431,45767304,'20457673044','YBARRA','VICTOR HUGO','2005-05-17','METAN','ibarrav066@gmail.com','cachoxou','3876572494','Aceptado',NULL,'2024-12-13 16:59:57',1),(1432,45261140,'27-45261140-1','ARGAÑARAZ ','AGUSTINA ','2004-09-10','EL GALPON','aarg01456@gmail.com','agustina12','3876400041','Aceptado',NULL,'2024-12-13 18:56:29',2),(1433,47904663,'20479046630','VILLARREAL ','EDUARDO LEONEL','2007-04-15','METAN','jakelinagallardo@gmail','Leonelv.17','3876567673','Aceptado',NULL,'2024-12-13 20:38:04',1),(1434,44446086,'20444460866','QUIROGA','BRIAN JOSE MIGUEL','2003-06-14','EL GALPOM','quirogajosemiguel14@gmail.com','i5eebS9E8mBt78G','3876583974','Aceptado',NULL,'2024-12-13 21:28:57',1),(1435,34875662,'20348756622','PÉREZ ','RAMÓN OSCAR ','1990-09-24','BURRUYACU-  TUCUMÁN ','perezoscar199024@gmail.com','Sabina2018','3876574356','Aceptado',NULL,'2024-12-13 23:00:14',1),(1436,29976040,'27299760400','PINTO','CECILIA ESTELA','1983-01-16','METAN','ceciliapinto2016@gmail.com','gordoteamo','3876633104','Aceptado',NULL,'2024-12-13 23:19:10',1),(1437,36291290,'27362912909','SUAREZ','JOAQUINA YOBANA','1992-03-30','METAN SALTA','joaquina.suarez.10@gmail.com','herradura','3876638575','Aceptado',NULL,'2024-12-13 23:27:34',1),(1438,39003798,'2739003798','DIAZ','FÁTIMA ROCÍO ','1995-05-13','METAN','rociodiaz1369@gmail.com','Moreno387','3876631601','Aceptado',NULL,'2024-12-14 00:01:12',1),(1439,46798921,'27467989214','VENENCIA ','LUCIA','2006-12-13','EL GALPÓN ','luciavenencia7@gmail.com','2006','3873119918','Aceptado',NULL,'2024-12-14 00:16:19',2),(1440,36601495,'2036601495','CASASOLA ','ROCIO DANIELA ','1991-09-09','ROSARIO DE LA FRONTERA','danyelita0909@hotmail.com','rdc36601495','3876632069','Aceptado',NULL,'2024-12-14 04:06:57',1),(1441,30385872,'27303858720','FLORES','CARINA VALERIA','1983-08-22','ROSARIO DE LA FRONTERA ','vf900010@gmail.com','202583','3876331422','Aceptado',NULL,'2024-12-14 10:35:09',1),(1442,36173605,'20361736053','VELISAN ','GONZALO DANIEL ','1991-09-18','EL GALPON ','gonzalovelisan8@gmail.com','180991','3876522790','Aceptado',NULL,'2024-12-14 15:03:20',2),(1443,37512355,'27375123555','FERNÁNDEZ ','JULIETA DEL VALLE ','1993-05-10','METAN','julietafn68@gmail.com','37512355','3876662992','Aceptado',NULL,'2024-12-14 21:21:28',1),(1444,40466895,'2740466895','MOLINA','SARA','1997-05-28','METAN','saramolina28@gmail.com','samuel298','3876405312','Aceptado',NULL,'2024-12-15 00:03:04',1),(1445,37721380,'20377213808','MEDINA ','JOSÉ LUIS','1994-06-15','METAN ','medinajoseluis287@gmail.com','150694','3876437605','Aceptado',NULL,'2024-12-15 03:15:12',1),(1446,47812233,'20-47812233-1','FRIAS','MATIAS LUCIANO VALENTÍN ','2017-03-06','METAN','friasmatias693@gmail.com','metansalta210','3876741742','Aceptado',NULL,'2024-12-15 03:16:27',2),(1447,42080029,'20420800291','GUTIERREZ','ALEX OMAR','1999-11-09','METAN','aaalexgutierrez6@gmail.com','alexomar99','3876660822','Aceptado',NULL,'2024-12-15 04:24:31',1),(1448,44911215,'27-44911215-1','PERALTA ARROYO','LOURDES CELESTE','2003-07-15','EL GALPÓN','luuarroyo2@gmail.com','1516Ll','3876579915','Aceptado',NULL,'2024-12-15 05:41:02',2),(1449,42132963,'20421329630','MAZA','GONZALO','1999-10-31','ROSARIO DE LA FRONTERA','gonzalomaza99@gmail.com','Hernestina1','3876456484','Aceptado',NULL,'2024-12-15 12:27:32',1),(1450,42380981,'27423809812','FRIAS CORTEZ','NADIA DEL PILAR','2000-03-13','EL GALPON','friascorteznadia@gmail.com','Caramelito25','3875500534','Aceptado',NULL,'2024-12-15 16:54:33',2),(1451,37189814,'27371898145','ORTIZ','CARLA NATALIA ','1992-10-11','EL GALPON','carlanataliaortiz92@gmail.com','Fe0326302840dE','3875557725','Aceptado',NULL,'2024-12-15 18:07:42',2),(1452,37512312,'27375123121','SALAS','SAMANTA RUTH','1993-10-30','METÁN','salassamanta0@gmail.com','Sami2024','3876448285','Aceptado',NULL,'2024-12-15 18:20:36',1),(1453,34974231,'23349742314','HERRERA','ANA MARIA','1990-05-17','METAN','anachancaherrera@gmail.com','lasheras','3876633291','Aceptado',NULL,'2024-12-15 18:28:54',1),(1454,30836392,'24-30836392-4','PONCE','GLORIA NATIVIDAD','1983-12-24','SAN JOSE DE METAN','ponce.g.natividad@gmail.com','yopuedo3','3876442359','Aceptado',NULL,'2024-12-15 19:41:38',1),(1455,47449010,'27474490101','LLANOS','CECILIA MAIRA','2006-07-18','AGUAS CALIENTES ','ceciliallanos948@gmail.co','CVA2eYKy23juzfd','3883105017','Aceptado',NULL,'2024-12-15 22:24:17',1),(1456,39003950,'27390039501','BARRERA','AGUSTINA ELIANA','1995-08-17','SAN JOSE DE METAN','agustinabarrerafotografia@gmail.com','briannaisabel2622','3876418057','Aceptado',NULL,'2025-02-05 02:50:29',1),(1457,39308821,'23393088214','STIBEL','FLORENCIA NAHIR','1996-01-19','SAN JOSE DE METAN ','florstibel19@gmail.com','francisco322','3876553920','Aceptado',NULL,'2024-12-16 15:39:30',2),(1458,45766476,'27457664767','DUARTE DÓMINE ','CAMILA AGOSTINA ','2004-12-28','METAN ','cd3485029@gmail.com','xiomi23','3876529493','Aceptado',NULL,'2024-12-16 15:48:29',1),(1459,39041058,'24390410588','POSADA ','HECTOR PABLO','1995-07-31','ROSARIO DE LA FRONTERA','hectorpabloposada@gmail.com','18112018RyP','3876663775','Aceptado',NULL,'2024-12-16 16:29:29',1),(1460,37511904,'37275119043','RUIZ','ALEJANDRA SOLEDAD ','1993-03-03','METAN','alejandrasoledadruiz@hotmail.com','chocolina1','2974623109','Aceptado',NULL,'2024-12-16 17:13:12',1),(1461,35929227,'27359292274','QUIÑONERO','CARLA','1991-04-30','EL GALPON','josefinaquinonero@gmail.com','35929227Carla','03876512102','Aceptado',NULL,'2024-12-16 17:43:22',2),(1462,46789342,'23467893424','BORJA','FÁTIMA PATRICIA ','2006-06-20','METAN','fatimaborja45@gmail.com','2605','3876549380','Aceptado',NULL,'2024-12-16 18:12:40',1),(1463,35479149,'27354791493','CONDORI ','ROMINA PAOLA','1990-09-03','METÁN ','paolitac099@gmail.com','pola345','3876622783','Aceptado',NULL,'2024-12-16 21:14:07',1),(1464,36592184,'23365921849','ALCARAZ','BRANCO AUGUSTO','1992-05-31','EL GALPON','branco.alcaraz@gmail.com','1guachoculiado','2616517477','Aceptado',NULL,'2024-12-16 22:08:50',2),(1465,41940138,'20419401383','NARANJO ','FRANCISCO DAVID ','1998-07-15','METAN','lorox98@gmail.com','francisco1661','3876476471','Aceptado',NULL,'2024-12-16 22:17:42',1),(1466,46172577,'20461725776','FRIAS','EMILIANO FRANCISCO','2005-07-29','CORONEL JUAN SOLA','emilianofrias718@gmail.com','Emilian029','3878672244','Aceptado',NULL,'2024-12-17 01:18:30',1),(1467,41422651,'27414226510','SANCHEZ','MARIA ALEJANDRA ','1999-02-17','METAN','2623ale@gmail.com','ianna26','3876567380','Aceptado',NULL,'2024-12-17 01:49:50',1),(1468,41232741,'27412327417','VILLALBA ','GIMENA ABIGAIL ','1998-07-06','ROSARIO DE LA FRONTERA ','villalbaabigail34@gmail.com','Gimena12','3876565802','Aceptado',NULL,'2024-12-17 12:48:25',1),(1469,45364725,'2745364725','UGARTE ','ARACELI ABIGAIL','2004-06-11','METAN','abigailu1106@gmail.com','rMnw8Mxrm3Ljt5H','3876402190','Aceptado',NULL,'2024-12-17 15:58:35',1),(1470,39215841,'20392158414','GEREZ','HERNAN HUGO','1955-04-19','METÁN ','hernangerez45@gmail.com','majoteamo','2974180865','Aceptado',NULL,'2024-12-17 22:17:26',1),(1471,36655482,'20-36655482-4','ORTEGA','HERNAN OSBALDO','1992-01-15','LUMBRERAS ','hernanosbaldo5@gmail.com','Hernan92','3876513600','Aceptado',NULL,'2024-12-17 22:24:52',1),(1472,47541046,'20475410462','PALMA BISGARRA','ESTEBAN MARIO GABRIEL','2006-04-25','SAN JOSÉ  DE METAN ','estebanpalma333@gmail.com','12345678','3876438806','Aceptado',NULL,'2024-12-18 02:35:28',1),(1473,45435824,'234','VERA','SOLITA YAEL','2006-07-05','RIO PIEDRAS ','vyael815@gmail.com','solita','3876345679','Aceptado',NULL,'2024-12-18 04:37:54',1),(1474,37512313,'23375123134','OROZCO','CAMILA MERCEDES','1993-11-02','SAN JOSE DE METAN','Camilaorozco1993@gmail.com','37512313','3876405550','Aceptado',NULL,'2024-12-18 10:23:30',2),(1475,30540732,'27305407327','PEREZ','GUADALUPE TERESA ','1984-01-13','METAN ','gupe_1384@live.com','lulu1113','3876434281','Aceptado',NULL,'2024-12-18 12:43:32',1),(1476,24351006,'27-24351006-1','ORELLANA ','LILIANA PETRONA','1975-04-25','EL GALPON','petrolila75@gmail.com','24351006','3876476862','Aceptado',NULL,'2024-12-19 00:23:24',2),(1477,38343416,'27383434160','GONZÁLEZ ','DAIANA ESTEFANÍA ','1995-06-21','METAN ','daii95609@gmail.com','38343416','387513368','Aceptado',NULL,'2024-12-19 01:23:18',1),(1478,40965709,'27409657090','PAZ','ANDREA ABIGAIL ','1998-03-12','METÁN ','92pazandrea@gmail.com','romeropedrolindor','3876411379','Aceptado',NULL,'2024-12-19 01:57:48',1),(1479,46173062,'27461730626','PAZ','CAMILA BEATRIZ FERNANDA','2005-08-27','METÁN ','Camilabeatrizfernandapaz@gmail.com','camilapaz','3876411379','Aceptado',NULL,'2024-12-19 02:03:07',1),(1480,45362366,'27453623667','GIMÉNEZ ','KATHERINA ','2005-04-05','APOLINARIO SARAVIA ','katherinag45@gmail.com','123456789','3872188480','Aceptado',NULL,'2024-12-19 02:45:56',1),(1481,25914130,'27259141309','SÁNCHEZ ','NATALIA ELIZABETH ','1977-05-13','SAN JOSÉ DE METAN','sancheznatalia123456789@gmail.com','0209','3876552773','Aceptado',NULL,'2024-12-19 13:28:13',2),(1482,34974047,'27349740473','ROBLES','JESICA ALEJANDRA ','1989-12-30','SAN JOSÉ DE METAN','jesicarobles89@gmail.com','Lucas16','3876456590','Aceptado',NULL,'2024-12-19 13:40:26',1),(1483,45712026,'2745712026','PAZ ','NAZARENA MYRIAM ANAIR','2006-01-23','EL GALPON','nazapaz20@gmail.com','naza19','3876461347','Aceptado',NULL,'2024-12-19 14:50:41',2),(1484,43774524,'27437745248','LUNA','JAZMIN','2002-06-26','METAN','jazdelm26@gmail.com','05052022taylor','3876669551','Aceptado',NULL,'2025-02-18 04:18:09',1),(1485,28529115,'20_28529115_2','SCOCCO ','FRANCO ALBERTO ','1981-03-03','METAN ','fas_arg@hotmaul.com','laverdad','3876409593','Aceptado',NULL,'2024-12-19 22:50:09',1),(1486,45132721,'27451327211','NOGUERA','LUANA','2003-07-03','ROSARIO DE LA FRONTERA SALTA ','nogueraluana760@gmail.com','UVjsrbew67MD9e3','3876669568','Aceptado',NULL,'2024-12-20 14:10:12',1),(1487,43438179,'27434381792','DIAZ','JOHANA ELIZABET','2002-03-22','EL GALPON','diazjohanaelizabet@gmail.com','yomidiaz22','3876416443','Aceptado',NULL,'2024-12-20 17:45:42',2),(1488,45766552,'20-45766552-1','DOMINGUEZ','JOSE IGNACIO','2005-02-26','METAN SALTA','dnacho536@gmail.com','137810','3875762518','Aceptado',NULL,'2024-12-21 03:34:07',1),(1489,46798788,'27467987882','HERRERA','DAIANA BELEN','2006-08-18','ROSARIO DE LA FRONTERA','daianaherrera408@gmail.com','46798788dH','3876667296','Aceptado',NULL,'2024-12-22 02:52:02',1),(1490,38737952,'20-38737952-0','ARCE','MIRYAM ALICIA ','1995-02-11','METAN','miryam.arce015@gmail.com','mama1965','3876435007','Aceptado',NULL,'2024-12-22 04:29:45',1),(1491,47776501,'27477765012','CAMPOS DURAND ','PRISCILA SELEN','2007-01-26','EL GALPON_SALTA','Priscilacampos156@gmail.com','rosercar','3876668579','Aceptado',NULL,'2024-12-22 06:38:52',2),(1492,47541489,'20475414897','HERRERA','JONATAN','2007-01-29','ROSARIO DE LA FRONTERA','jonathanheerrera@gmail.com','3876529576','3876529576','Aceptado',NULL,'2024-12-22 17:13:24',1),(1493,45364866,'20453648665','CARDOZO','IGNACIO AGUSTIN','2004-08-28','METAN','agustinc2804@gmail.com','28Ignacio28','3876410647','Aceptado',NULL,'2024-12-23 01:21:27',1),(1494,45852697,'207','PALACIO','LUCAS ALEXIS DAVID ','2004-09-12','EL QUEBRACHAL ','lucaspalacio622@gmail.com','lucaspro','3875479327','Aceptado',NULL,'2024-12-23 15:20:34',1),(1495,46172785,'23461727859','LUNA BALMACEDA ','SANTIAGO JOSÉ ','2006-01-11','METAN ','claudiabalmaceda2020@gmail.com','clau1976','3876440408','Aceptado',NULL,'2024-12-24 01:57:14',2),(1496,45363516,'20453635164','VELARDE','MATIAS','2004-12-28','EL GALPÓN ','matiasvelarde200@gmail.com','NEKOJISHI','3876415097','Aceptado',NULL,'2024-12-26 15:34:39',1),(1497,46789328,'23467893289','DÍAZ BORJA ','JESÚS FRANCISCO SEBASTIÁN ','2006-05-23','METAN','franborja35@gmail.com','amolasteta','3876407685','Aceptado',NULL,'2024-12-27 03:24:45',1),(1498,34278608,'27342786087','PEREZ','RAMONA CAROLINA','1988-11-17','SAN JOSE DE METAN','cape178822@gmail.com','Prc091011','3876600741','Aceptado',NULL,'2024-12-27 03:49:56',2),(1499,42917073,'20429170738','VILLEGAS FIGUEROA ','ZOE JAQUELINE','2001-03-03','METAN','villegaszoe62@gmail.com','25597688','3876523120','Aceptado',NULL,'2024-12-27 17:48:53',1),(1500,43438234,'20434382344','CARDENAS BETANCOURT','GABRIEL ALEJANDRO','2001-05-28','EL QUEBRACHAL','nelidabeatrizbetancourt4@gmail.com','gabicardenas','3877454943','Aceptado',NULL,'2024-12-27 22:23:08',2),(1501,48006982,'27480069825','MAZA','HUGO DIONICIO NICOLAS','2007-06-24','METÁN ','hugodionicionicolasmaza@gmail.com','3876661541','2284598974','Aceptado',NULL,'2024-12-27 22:30:24',1),(1502,43438151,'27-43438151-2','TOSCANO','AGUSTINA','2000-07-03','EL GALPON ','agustinatoscano6@gmail.com','agustina','3876556202','Aceptado',NULL,'2024-12-28 01:13:44',2),(1503,32207385,'20322073855','RIOS','HÉCTOR MIGUEL ','1986-03-10','SAN JOSÉ DE METAN ','miguelnacho2009@hotmail.com','s1086v0914','3873122516','Aceptado',NULL,'2025-02-11 16:27:04',1),(1504,17604178,'27176041787','SOLALIGA','HILDA GRACIELA','1966-05-01','METAN','celesolaliga@gmail.com','cINTIA08','3876667476','Aceptado',NULL,'2024-12-30 11:53:08',1),(1505,45766531,'20457665319','CASTRO CHAVEZ','JOAQUÍN LAUTARO ','2005-02-09','METAN','lautaro05672@gmail.com','2409Moroyapolo','3876403148','Aceptado',NULL,'2024-12-30 17:31:25',1),(1506,36853842,'27368538421','ARGAÑARAZ','FERNANDA','1992-10-12','EL GALPON','fernandaarganaraz5@gmail.com','m@ria12t','3876454747','Aceptado',NULL,'2024-12-31 01:36:27',2),(1507,43438129,'27434381296','NAVARRO','SOFIA','2001-11-23','EL GALPON','sofiinavarro012@gmail.com','2323sofia','3876624588','Aceptado',NULL,'2024-12-31 05:21:08',2),(1508,43521621,'27435216213','RODRIGUEZ','NADIA AGUSTINA','2001-09-16','EL GALPON','nadia.rodri.2019@gmail.com','Nadiarodri','3876740127','Aceptado',NULL,'2024-12-31 23:04:59',2),(1509,43375466,'2043375466','REA','PABLOFERNANDO','2001-07-22','LAS LAJITA ','pablofernandorea934@gmail.com','fernando123','3874420004','Aceptado',NULL,'2025-01-02 15:38:55',1),(1510,46231706,'23-9','VILLALBA ','JAVIER ELIAS ','2005-10-19','EL QUEBRCHAL ANTA SALTA ','javy.elias1@gmail.com','55budTmDygtviSr','3876416148','Aceptado',NULL,'2025-01-05 01:23:33',2),(1511,40327858,'27403278586','GARCÍA ','ROMINA INES ','1997-03-18','SAN JOSÉ DE METÁN ','laromigarcia19@gmail.com','melinaareli2018','3876678782','Aceptado',NULL,'2025-01-06 04:37:56',1),(1512,38737860,'27387378605','AVILA','ANALIA ANABEL','1995-01-09','METAN ','analiaanabelavila@gmail.com','Anita2227','3625189998','Aceptado',NULL,'2025-01-06 13:47:08',1),(1513,32242650,'20322426500','CEJAS','E. LUCAS ALEJANDRO','1986-05-12','SALTA','quimialex02@gmail.com','Futurotecnico2025#','1170726841','Aceptado',NULL,'2025-01-07 08:22:20',1),(1514,39363196,'27393631967','SERRANO URDANIBIA ','MAGDALENA ISABEL ','1997-11-25','RIO PIEDRAS ','serranomagdalenaisabel@gmail.com','FkLjC8gZLfs4LzN','3876514354','Aceptado',NULL,'2025-01-07 11:10:51',1),(1515,44697453,'27446974535','NAVARRO ','MARÍA JOSÉ ','2003-01-21','METAN','mariajosnavarro4@gmail.com','mariajose','3876560309','Aceptado',NULL,'2025-01-10 23:51:18',1),(1516,33582017,'27335820172','RAMIREZ','DANIELA','1988-02-25','METAN','orfeoncoral@gmail.com','americus','3876549995','Aceptado',NULL,'2025-01-23 14:01:01',1),(1517,45262155,'20452621550','LOPEZ','ALEJANDRO ISMAEL ','2004-10-07','METAN','alejandro7208606@gmail.com','18052538ale','3876563880','Aceptado',NULL,'2025-01-25 15:02:46',1),(1518,40792704,'23407927044','PORTAL','ARACELI MARIA DE LOS ANGELES ','1997-11-22','EL GALPÓN ','araceli.portal97@gmail.com','Alonso_2420','3876583276','Aceptado',NULL,'2025-01-25 21:24:49',2),(1519,42078757,'27420787575','LAGARDE','YOHANA MICAELA','1999-09-04','SAN JOSÉ DE METÁN ','Micaaa213@gmail.com','enzojulian','3876524228','Aceptado',NULL,'2025-01-26 23:28:06',1),(1520,42606777,'27426067779','MUÑOZ','LUDMILA ','2000-08-23','ROSARIO DE LA FRONTERA ','munozluu186@gmail.com','Teoyao23','3876459283','Aceptado',NULL,'2025-01-28 22:28:57',1),(1521,38034848,'27380348484','GONZALEZ','CARLA DANIELA','1994-02-23','EL GALPON','Carladanielagonzalez756@gmail.com','mora1994','3513173836','Aceptado',NULL,'2025-01-30 23:07:53',2),(1522,42303397,'27423033970','CEJAS','VIRGINIA FLORENCIA ','1994-10-28','METAN','Virginiawierna@gmail.com','virlinda28','3876622819','Aceptado',NULL,'2025-01-31 02:35:06',1),(1523,31545544,'2731545544','LARA','MARIA','1985-05-24','EL GALPON','lara.mariaesther7@gmail.com','707914','3874696132','Aceptado',NULL,'2025-01-31 17:05:59',1),(1524,46789236,'20-46789236-4','PEREZ SORIA','HECTOR VALENTN','2006-04-28','METAN','valentinperezsoria@gmail.co','valenperez3','3876548494','Aceptado',NULL,'2025-01-31 17:26:43',1),(1525,46172721,'27461727218','NARANJO AGUIRRE ','MAIA SOFÍA ','2005-11-24','SAN JOSÉ DE METÁN ','aguirresofy28@gmail.com','mitre315','3876557155','Aceptado',NULL,'2025-01-31 18:32:56',1),(1526,46798913,'27467989133','MIRANDA','CAMILA VALENTINA','2006-10-31','EL GALPON ','mirandacamilavalentina@gmail.com','-CAMILA18-','3876549596','Aceptado',NULL,'2025-02-01 23:24:27',1),(1527,40792470,'27407924709','CORDOBA','AGUSTINA MICAELA','1997-06-30','SAN JOSÉ DE METAN','cordobamoya2723@gmail.com','ACMM250722','3876558009','Aceptado',NULL,'2025-02-03 15:04:20',1),(1528,26045171,'27260451710','MORENO','MARÍA ANTONIA ','1977-08-27','SAN JOSÉ DE METAN ','mariantoniamoreno11@gmail.com','maria25','3816016341','Aceptado',NULL,'2025-02-05 02:09:09',1),(1529,33885218,'27338852180','RIOS','RAQUEL','1988-07-22','METAN','riosraquel955@gmail.com','estudiar2025','3876637208','Aceptado',NULL,'2025-02-05 10:54:21',1),(1530,40155358,'20401553585','MEDINA','LUCIANO MIGUEL ANGEL','1995-11-14','SAN JOSE DE METAN ','lucianomedin4@gmail.com','L14newells95','3876568599','Aceptado',NULL,'2025-02-05 13:31:09',1),(1531,41181637,'27411816376','VILLAFAÑE','ALEXANDRA NATALI','1998-06-20','METAN','villafanenatali69@gmail.com','140720mialuna','3876636585','Aceptado',NULL,'2025-02-05 18:20:33',1),(1532,47541027,'27475410276','MAITA','MAIRA SOFIA','2006-10-06','SAN JOSÉ DE METÁN ','sofiamaita46@gmail.com','sofiamaita4754','3876624757','Aceptado',NULL,'2025-02-06 17:28:59',2),(1533,44913654,'27449136549','ESCANDAR','MARIA CELESTE','2003-03-25','ROSARIO DE LA FRONTERA','mariacelesteescandar@gmail.com','Leonardo21','3876576648','Aceptado',NULL,'2025-02-07 00:01:38',1),(1534,34324591,'27343245918','TROICHUQUE ','MARÍA ALEJANDRA ','1989-06-09','ROSARIO DE LA FRONTERA ','maru.emme14@gmail.com','34324591mat','3876550630','Aceptado',NULL,'2025-02-15 01:01:18',1),(1535,34203181,'27342031817','SEIMAN','CAMILA SALOME','1988-06-29','METAN','salomecjes@gmail.com','1808','3876402015','Aceptado',NULL,'2025-02-07 01:50:59',1),(1536,48006908,'27480069086','ARRIETA MERCADO','VALENTINA LUCIANA ','2007-04-29','SAN JOSE DE METAN ','mercadovalentina229@gmail.com','martivalen1','3876524640','Aceptado',NULL,'2025-02-07 23:04:55',2),(1537,46789392,'27467893926','DIAZ','ORIANA CAMILA','2006-07-16','SAN JOSE DE METAN','camiidiaz166@gmail.com','46o78c9','3876619008','Aceptado',NULL,'2025-02-08 05:25:55',2),(1538,46798908,'2746798908','HORQUERA LOPEZ','EMILIA ANTONELLA ','2006-09-10','EL TUNAL','marta123456789andrea@gmail.com','emi46lopez','38764155700','Aceptado',NULL,'2025-02-20 16:37:17',2),(1539,44326663,'20443266632','ARGAÑARAS','LUCIANO EZEQUIEL','2001-08-28','METAN','priscilaarganaras185@gmail.com','Luciano12','3876519178','Aceptado',NULL,'2025-02-10 21:48:46',1),(1540,39896101,'27398961019','ACOSTA','EMILSE ANTONELLA','1996-12-26','METAN','emilseacosta101@gmail.com','pauli644','3876412534','Aceptado',NULL,'2025-02-11 12:58:54',1),(1541,45767478,'20457674784','GARCIA','MILAGRO EMANUEL IGNACIO','2005-09-05','METAN','giselbritorojas22@gmail.com','Enzo12','3876434217','Aceptado',NULL,'2025-02-11 17:46:24',1),(1542,43438497,'23434384974','BARRIONUEVO','FIORELLA JQUELINE ESPERANZA','2001-08-13','SAN JOSE DE METAN','jfiorellabarrionuevo@gmail.com','43438497Fi','3876556982','Aceptado',NULL,'2025-02-11 20:06:15',1),(1543,38498835,'2038498835','MORALES','FRANCO NAHUEL','1994-10-21','METAN','fm160515@gmail.com','38498835fm','3876436811','Aceptado',NULL,'2025-02-13 00:13:05',1),(1544,43438148,'27434381482','TOSCANO','MARILYN','2001-12-31','EL GALPÓN ','marilyntoscano49@gmail.com','434381482025','3876696397','Aceptado',NULL,'2025-02-13 15:59:02',1),(1545,43438415,'20434384150','LOPEZ','MARIANO TOMAS','2001-07-16','METAN','mariano.lopez0105@gmail.com','Ml553421','3876553421','Aceptado',NULL,'2025-02-14 20:03:46',1),(1546,41487943,'27414879433','BURGOS','JULIETA','1995-05-07','METAN','burgosjulieta54@gmail.com','nilo2022','3875845972','Aceptado',NULL,'2025-02-16 02:59:35',1),(1547,41296006,'27412960063','RODRIGUEZ','MARINA JULIETA RODRIGUEZ','1998-07-22','SAN JOSE DE METAN','tatu4707maru@gmail.com','mari98JU','3876473707','Aceptado',NULL,'2025-02-16 16:27:21',1),(1548,47404358,'20-47404358-5','GONZALEZ ','ALEXANDER NICOLAS','2006-05-31','EL GALPON','alexandergonzalezn31@gmail.com','Aleen@31','3876578654','Aceptado',NULL,'2025-02-17 14:25:07',1),(1549,45974607,'27459746078','MIRANDA','LEO','2005-08-18','EL GALPON','leo956280@gmail.com','leitoo988','3876400572','Aceptado',NULL,'2025-02-18 22:15:41',1),(1550,38340382,'27-38340382-7','FERNÁNDEZ MANSILLA ','ELIANA PAOLA','1994-08-20','SAN JOSE DE METAN','elidepocoyo2002gh@gmail.com','20081994','3815977408','Aceptado',NULL,'2025-02-19 00:59:09',1),(1551,41232720,'27412327204','URIA','EMILSE ','1998-06-28','ROSARIO DE LA FRONTERA ','josefaguanca@gmail.com','Jomibebe21..','3876450529','Aceptado',NULL,'2025-02-24 18:05:42',1),(1552,42705096,'2742705096','BERON','MILAGROS MAILEN','2001-09-12','METAN','miluberon3@gmail.com','felipeberon1','3876490818','Aceptado',NULL,'2025-02-24 22:30:19',1),(1553,45110920,'27451109206','RUIZ','VERONICA MARCELA RITA','2003-09-17','METAN','marceadricorbalan@gmail.com','enzomateo','3876552439','Aceptado',NULL,'2025-02-25 00:23:03',1),(1554,40354478,'27403544782','DÍAZ','MARTA DEL CARMEN','1997-07-14','METÁN','mardz1400@gmail.com','Mardz8','3876461981','Aceptado',NULL,'2025-02-25 12:31:56',1),(1555,45113776,'27451137765','MONARDEZ','LUCIANA','2004-01-01','SAN JOSE DE METAN','Monardezluciana04@gmail.com','luciana1234','3875713190','Aceptado',NULL,'2025-02-25 23:51:19',1),(1556,42553367,'20425533674','LECH','NESTOR IGNACIO ','2000-06-05','SAN JOSÉ DE METAN ','lechignacio@gmail.com','42553367','3876452168','Aceptado',NULL,'2025-02-26 00:21:50',1),(1557,45179763,'204517976320','GARCIA','GASTON','2004-04-27','METAN','garciagaston350@gmail.com','Gaston3876','3876580649','Aceptado',NULL,'2025-02-26 16:30:32',1),(1558,39890026,'2739890026','FRANCISCO','CAMILA MICAELA','1996-09-16','ROSARIO DE LA FRONTERA','camilafrancisco05@gmail.com','39890cami','3876403249','Aceptado',NULL,'2025-02-28 01:16:17',1),(1559,42078775,'27420787753','GUARDO','ELOISA MILAGROS','1999-09-01','METAN','soniaguardo4@gmail.com','59235857','3875404581','Aceptado',NULL,'2025-02-28 01:50:06',1),(1560,48083877,'27480838772','TARCAY','ARIADNA CAMILA','2005-06-19','ROSARIO DE LA FRONTERA','camitarcay@gmail.com','Ct48083877','3876671884','Aceptado',NULL,'2025-02-28 01:52:07',1),(1561,44270865,'27442708652','FERREYRA ','ROXANA GLADYS','2002-07-16','ROSARIO DE LA FRONTERA ','ferreyraroxana261@gmail.com','270924','3878616198','Aceptado',NULL,'2025-02-28 01:59:02',1),(1562,44660537,'20446605373','SARAVIA','LUCAS NAHUEL','2002-12-14','ROSARIO DE LA FRONTERA','saravialucasnahuel@gmail.com','44660537','3876664267','Aceptado',NULL,'2025-02-28 02:05:21',1),(1563,26597626,'27265976269','CALIUOLO ','NOELIA PATRICIA ','1978-06-13','METAN','noeliapatricaliuolo@gmail.com','noeliacaliuolo','3876479791','Aceptado',NULL,'2025-02-28 02:41:33',1),(1564,36890793,'27368907931','RUIZ','CLAUDIA ESTELA JUDIT ','1992-04-12','ROSARIO DE LA FRONTERA ','claauruiz20@gmail.com','claualmi','3876637384','Aceptado',NULL,'2025-02-28 03:39:51',1),(1565,43438343,'23434383439','FLORES','SAMUEL  LUCIANO NICOLAS ','2002-04-29','LUMBRERAS','nf7470948@gmail.com','43438343','3876360798','Aceptado',NULL,'2025-02-28 05:37:43',1),(1566,43438422,'27434384228','CARABAJAL','ANA ELISA','2001-07-14','SAN JOSE DE METAN','annacarabajal56@gmail.com','550772','3876409220','Aceptado',NULL,'2025-02-28 10:10:55',1),(1567,33872152,'27338721523','SAJAREVICH','JESICA ANDREA','1988-05-30','ROSARIO DE LA FRONTERA','jessys20121@gmail.com','15666346','3876435681','Aceptado',NULL,'2025-02-28 11:01:57',1),(1568,36949416,'20-36949416-4','DE LA CUESTA ','LEANDRO EZEQUIEL ','1992-10-20','CAPITAL FEDERAL ','leo_delacuesta@hotmail.com','1992leandro','3876518643','Aceptado','12349e05c1ed0c4513491390457c7c92b93aec39','2025-02-28 14:12:36',1),(1569,44175950,'27441759504','CHACÓN','JULIETA ANA LAURA','2002-05-06','SAN JOSE DE METAN','julietachacon18@gmail.com','030801Dc!','3876473929','Aceptado',NULL,'2025-03-01 20:00:09',1),(1570,35210118,'23352101184','CASTILLO','VERÓNICA DEL VALLE','1990-12-12','METÁN ','veronic2024@gmail.com','2025','1150573935','Aceptado',NULL,'2025-03-01 20:26:44',1),(1571,45850941,'27458509412','HORMIGO','CAMILA MARIBEL','2005-01-02','ROSARIO DE LA FRONTERA ','hormigocami@gmail.com','02enero2005','3876515397','Aceptado',NULL,'2025-03-06 22:27:27',1),(1572,41422696,'20414226966','MORALES','MARTIN ARIEL','1999-04-11','SAN JOSÉ DE METAN','martin498@hotmail.es','Mam41422696','3876418629','Aceptado',NULL,'2025-03-13 22:53:15',1),(1573,39003845,'21390038459','CANO','MIRIAN JOANA','1993-09-26','METAN','joanacano2023@gmail.com','joanacano','3876439332','Aceptado',NULL,'2025-11-25 22:21:50',1),(1574,48338926,'23483389264','BALDERRAMA','LUCIANA ANTONELLA','2007-10-29','ROSARIO DE LA FRONTERA','Balderramaantonella320@gmail.com','100324','03872146956','Aceptado',NULL,'2025-11-26 02:58:53',1),(1575,41372154,'20413721548','TANQUIA GARCIA','ALVARO JOAQUIN ','1998-11-27','METAN','alvaro.tanquia@gmail.com','18481162','3876578270','Aceptado',NULL,'2025-11-26 07:01:39',1);
/*!40000 ALTER TABLE `alumno` ENABLE KEYS */;
UNLOCK TABLES;

--
-- Table structure for table `alumnos`
--

DROP TABLE IF EXISTS `alumnos`;
/*!40101 SET @saved_cs_client     = @@character_set_client */;
/*!50503 SET character_set_client = utf8mb4 */;
CREATE TABLE `alumnos` (
  `id` int(11) NOT NULL AUTO_INCREMENT,
  `nick` varchar(50) DEFAULT NULL,
  `fecha` datetime DEFAULT NULL,
  PRIMARY KEY (`id`)
) ENGINE=InnoDB AUTO_INCREMENT=16 DEFAULT CHARSET=utf8mb4 COLLATE=utf8mb4_general_ci;
/*!40101 SET character_set_client = @saved_cs_client */;

--
-- Dumping data for table `alumnos`
--

LOCK TABLES `alumnos` WRITE;
/*!40000 ALTER TABLE `alumnos` DISABLE KEYS */;
INSERT INTO `alumnos` VALUES (1,'diego','2025-06-07 15:01:29'),(2,'rebe','2025-06-07 15:12:05'),(3,'roxy','2025-06-07 15:16:08'),(4,'carlitos','2025-06-07 15:23:44'),(5,'morra','2025-06-07 15:26:26'),(6,'marce','2025-06-07 16:36:57'),(7,'Diego','2025-06-07 17:45:13'),(8,'Brenda','2025-06-07 17:54:02'),(9,'Diego','2025-06-07 18:12:39'),(10,'Chipy','2025-06-07 18:33:17'),(11,'morra','2025-06-07 18:36:22'),(12,'Exequiel','2025-06-07 18:42:10'),(13,'Chipy','2025-06-07 18:53:57'),(14,'Mily','2025-06-07 19:09:23'),(15,'diego','2025-06-10 13:05:14');
/*!40000 ALTER TABLE `alumnos` ENABLE KEYS */;
UNLOCK TABLES;

--
-- Table structure for table `asis3`
--

DROP TABLE IF EXISTS `asis3`;
/*!40101 SET @saved_cs_client     = @@character_set_client */;
/*!50503 SET character_set_client = utf8mb4 */;
CREATE TABLE `asis3` (
  `idasistencia` int(11) NOT NULL AUTO_INCREMENT,
  `idestudiante` int(11) NOT NULL,
  `fecha` date NOT NULL,
  `estado` varchar(20) NOT NULL,
  PRIMARY KEY (`idasistencia`),
  KEY `fk_idestudiante_alu3` (`idestudiante`),
  CONSTRAINT `fk_idestudiante_alu3` FOREIGN KEY (`idestudiante`) REFERENCES `alu3` (`idestudiante`) ON DELETE CASCADE ON UPDATE CASCADE
) ENGINE=InnoDB AUTO_INCREMENT=23 DEFAULT CHARSET=utf8mb4 COLLATE=utf8mb4_general_ci;
/*!40101 SET character_set_client = @saved_cs_client */;

--
-- Dumping data for table `asis3`
--

LOCK TABLES `asis3` WRITE;
/*!40000 ALTER TABLE `asis3` DISABLE KEYS */;
INSERT INTO `asis3` VALUES (4,6,'2025-06-25','Presente'),(5,12,'2025-06-25','Presente'),(6,3,'2025-06-25','Presente'),(7,4,'2025-06-25','Presente'),(8,10,'2025-06-25','Presente'),(9,8,'2025-06-25','Presente'),(10,17,'2025-06-25','Presente'),(11,11,'2025-06-25','Presente'),(12,1,'2025-06-25','Presente'),(13,2,'2025-06-25','Presente'),(14,19,'2025-06-25','Presente'),(15,20,'2025-06-25','Presente'),(16,21,'2025-06-25','Presente'),(17,22,'2025-06-25','Presente'),(18,27,'2025-06-25','Presente'),(19,23,'2025-06-25','Presente'),(20,24,'2025-06-25','Presente'),(21,25,'2025-06-25','Presente'),(22,26,'2025-06-25','Presente');
/*!40000 ALTER TABLE `asis3` ENABLE KEYS */;
UNLOCK TABLES;

--
-- Table structure for table `asisd`
--

DROP TABLE IF EXISTS `asisd`;
/*!40101 SET @saved_cs_client     = @@character_set_client */;
/*!50503 SET character_set_client = utf8mb4 */;
CREATE TABLE `asisd` (
  `idasistencia` int(11) NOT NULL AUTO_INCREMENT,
  `iddocentes` int(11) DEFAULT NULL,
  `fecha` date NOT NULL,
  `estado` varchar(20) NOT NULL,
  PRIMARY KEY (`idasistencia`),
  KEY `fk_iddocentes` (`iddocentes`),
  CONSTRAINT `fk_iddocentes` FOREIGN KEY (`iddocentes`) REFERENCES `docentes` (`iddocentes`) ON DELETE NO ACTION ON UPDATE NO ACTION
) ENGINE=InnoDB AUTO_INCREMENT=23 DEFAULT CHARSET=utf8mb4 COLLATE=utf8mb4_general_ci;
/*!40101 SET character_set_client = @saved_cs_client */;

--
-- Dumping data for table `asisd`
--

LOCK TABLES `asisd` WRITE;
/*!40000 ALTER TABLE `asisd` DISABLE KEYS */;
INSERT INTO `asisd` VALUES (1,23,'2025-07-01','Presente'),(2,25,'2025-07-30','Presente'),(3,22,'2025-07-31','Presente'),(4,21,'2025-08-04','Presente'),(5,68,'2025-08-04','Presente'),(6,4,'2025-08-04','Presente'),(7,19,'2025-08-04','Presente'),(8,13,'2025-08-04','Presente'),(9,11,'2025-08-04','Presente'),(10,6,'2025-08-04','Presente'),(11,2,'2025-08-04','Presente'),(12,43,'2025-08-04','Presente'),(13,3,'2025-08-04','Presente'),(14,22,'2025-08-05','Presente'),(15,8,'2025-08-05','Presente'),(16,27,'2025-08-05','Presente'),(17,31,'2025-08-05','Presente'),(18,1,'2025-08-05','Presente'),(19,12,'2025-08-08','Presente'),(20,40,'2025-08-08','Presente'),(21,37,'2025-08-08','Presente'),(22,48,'2025-08-08','Presente');
/*!40000 ALTER TABLE `asisd` ENABLE KEYS */;
UNLOCK TABLES;

--
-- Table structure for table `asistencia`
--

DROP TABLE IF EXISTS `asistencia`;
/*!40101 SET @saved_cs_client     = @@character_set_client */;
/*!50503 SET character_set_client = utf8mb4 */;
CREATE TABLE `asistencia` (
  `idasistencia` int(11) NOT NULL AUTO_INCREMENT,
  `idalumno` int(11) NOT NULL,
  `fecha` date NOT NULL,
  `estado` varchar(50) NOT NULL,
  `obs` varchar(255) DEFAULT NULL,
  PRIMARY KEY (`idasistencia`),
  KEY `idalumno` (`idalumno`),
  CONSTRAINT `asistencia_ibfk_1` FOREIGN KEY (`idalumno`) REFERENCES `alumno` (`idalumno`)
) ENGINE=InnoDB AUTO_INCREMENT=820 DEFAULT CHARSET=utf8mb4 COLLATE=utf8mb4_general_ci;
/*!40101 SET character_set_client = @saved_cs_client */;

--
-- Dumping data for table `asistencia`
--

LOCK TABLES `asistencia` WRITE;
/*!40000 ALTER TABLE `asistencia` DISABLE KEYS */;
INSERT INTO `asistencia` VALUES (1,353,'2025-02-24','Presente',NULL),(2,48,'2025-02-24','Presente',NULL),(3,371,'2025-02-24','Presente',NULL),(4,34,'2025-02-24','Presente',NULL),(5,121,'2025-02-24','Presente',NULL),(6,136,'2025-02-24','Presente',NULL),(7,469,'2025-02-24','Presente',NULL),(8,35,'2025-02-24','Presente',NULL),(9,323,'2025-02-24','Presente',NULL),(10,54,'2025-02-24','Presente',NULL),(11,485,'2025-02-24','Presente',NULL),(12,363,'2025-02-24','Presente',NULL),(13,31,'2025-02-24','Presente',NULL),(14,184,'2025-02-24','Presente',NULL),(15,40,'2025-02-24','Presente',NULL),(16,14,'2025-02-24','Presente',NULL),(17,6,'2025-02-24','Presente',NULL),(18,191,'2025-02-24','Presente',NULL),(19,340,'2025-02-24','Presente',NULL),(20,187,'2025-02-24','Presente',NULL),(21,151,'2025-02-24','Presente',NULL),(22,237,'2025-02-24','Presente',NULL),(23,38,'2025-02-24','Presente',NULL),(24,507,'2025-02-24','Presente',NULL),(25,13,'2025-02-24','Presente',NULL),(26,145,'2025-02-24','Presente',NULL),(27,116,'2025-02-24','Presente',NULL),(28,314,'2025-02-24','Presente',NULL),(29,358,'2025-02-24','Presente',NULL),(30,364,'2025-02-24','Presente',NULL),(31,105,'2025-02-24','Presente',NULL),(32,330,'2025-02-24','Presente',NULL),(33,32,'2025-02-24','Presente',NULL),(34,312,'2025-02-24','Presente',NULL),(35,23,'2025-02-24','Presente',NULL),(36,287,'2025-02-24','Presente',NULL),(37,387,'2025-02-24','Presente',NULL),(38,156,'2025-02-24','Presente',NULL),(39,100,'2025-02-24','Presente',NULL),(40,332,'2025-02-24','Presente',NULL),(41,24,'2025-02-24','Presente',NULL),(42,566,'2025-02-24','Presente',NULL),(43,293,'2025-02-24','Presente',NULL),(44,197,'2025-02-24','Presente',NULL),(45,50,'2025-02-24','Presente',NULL),(46,182,'2025-02-24','Presente',NULL),(47,131,'2025-02-24','Presente',NULL),(48,208,'2025-02-24','Presente',NULL),(49,99,'2025-02-24','Presente',NULL),(50,460,'2025-02-24','Presente',NULL),(51,203,'2025-02-24','Presente',NULL),(52,51,'2025-02-24','Presente',NULL),(53,19,'2025-02-24','Presente',NULL),(54,118,'2025-02-24','Presente',NULL),(55,304,'2025-02-24','Presente',NULL),(56,622,'2025-02-24','Presente',NULL),(57,134,'2025-02-24','Presente',NULL),(58,60,'2025-02-24','Presente',NULL),(59,77,'2025-02-24','Presente',NULL),(60,53,'2025-02-24','Presente',NULL),(61,245,'2025-02-24','Presente',NULL),(62,33,'2025-02-24','Presente',NULL),(63,154,'2025-02-24','Presente',NULL),(64,271,'2025-02-24','Presente',NULL),(65,497,'2025-02-24','Presente',NULL),(66,449,'2025-02-24','Presente',NULL),(67,398,'2025-02-24','Presente',NULL),(68,21,'2025-02-24','Presente',NULL),(69,563,'2025-02-24','Presente',NULL),(70,52,'2025-02-24','Presente',NULL),(71,178,'2025-02-24','Presente',NULL),(72,153,'2025-02-24','Presente',NULL),(73,812,'2025-02-24','Presente',NULL),(74,67,'2025-02-24','Presente',NULL),(75,10,'2025-02-24','Presente',NULL),(76,523,'2025-02-24','Presente',NULL),(77,276,'2025-02-24','Presente',NULL),(78,274,'2025-02-24','Presente',NULL),(79,392,'2025-02-24','Presente',NULL),(80,202,'2025-02-24','Presente',NULL),(81,298,'2025-02-24','Presente',NULL),(82,93,'2025-02-24','Presente',NULL),(83,1552,'2025-02-24','Presente',NULL),(84,106,'2025-02-24','Presente',NULL),(85,530,'2025-02-24','Presente',NULL),(86,440,'2025-02-24','Presente',NULL),(87,357,'2025-02-24','Presente',NULL),(88,396,'2025-02-24','Presente',NULL),(89,393,'2025-02-24','Presente',NULL),(90,429,'2025-02-24','Presente',NULL),(91,494,'2025-02-24','Presente',NULL),(92,988,'2025-02-24','Presente',NULL),(93,61,'2025-02-24','Presente',NULL),(94,41,'2025-02-24','Presente',NULL),(95,18,'2025-02-24','Presente',NULL),(96,518,'2025-02-24','Presente',NULL),(97,114,'2025-02-24','Presente',NULL),(98,262,'2025-02-24','Presente',NULL),(99,25,'2025-02-24','Presente',NULL),(100,75,'2025-02-24','Presente',NULL),(101,971,'2025-02-24','Presente',NULL),(102,947,'2025-02-24','Presente',NULL),(103,39,'2025-02-24','Presente',NULL),(104,232,'2025-02-24','Presente',NULL),(105,209,'2025-02-24','Presente',NULL),(106,1404,'2025-02-24','Presente',NULL),(107,381,'2025-02-24','Presente',NULL),(108,954,'2025-02-24','Presente',NULL),(109,423,'2025-02-24','Presente',NULL),(110,524,'2025-02-24','Presente',NULL),(111,192,'2025-02-24','Presente',NULL),(112,324,'2025-02-24','Presente',NULL),(113,331,'2025-02-24','Presente',NULL),(114,745,'2025-02-24','Presente',NULL),(115,716,'2025-02-24','Presente',NULL),(116,249,'2025-02-24','Presente',NULL),(117,800,'2025-02-24','Presente',NULL),(118,251,'2025-02-24','Presente',NULL),(119,629,'2025-02-24','Presente',NULL),(120,193,'2025-02-24','Presente',NULL),(121,157,'2025-02-24','Presente',NULL),(122,453,'2025-02-24','Presente',NULL),(123,244,'2025-02-24','Presente',NULL),(124,698,'2025-02-24','Presente',NULL),(125,246,'2025-02-24','Presente',NULL),(126,454,'2025-02-24','Presente',NULL),(127,310,'2025-02-24','Presente',NULL),(128,911,'2025-02-24','Presente',NULL),(129,228,'2025-02-24','Presente',NULL),(130,1014,'2025-02-24','Presente',NULL),(131,231,'2025-02-24','Presente',NULL),(132,996,'2025-02-24','Presente',NULL),(133,395,'2025-02-24','Presente',NULL),(134,470,'2025-02-24','Presente',NULL),(135,238,'2025-02-24','Presente',NULL),(136,834,'2025-02-24','Presente',NULL),(137,412,'2025-02-24','Presente',NULL),(138,313,'2025-02-24','Presente',NULL),(139,374,'2025-02-24','Presente',NULL),(140,301,'2025-02-24','Presente',NULL),(141,1003,'2025-02-24','Presente',NULL),(142,855,'2025-02-24','Presente',NULL),(143,959,'2025-02-24','Presente',NULL),(144,521,'2025-02-24','Presente',NULL),(145,939,'2025-02-24','Presente',NULL),(146,953,'2025-02-24','Presente',NULL),(147,224,'2025-02-24','Presente',NULL),(148,986,'2025-02-24','Presente',NULL),(149,158,'2025-02-24','Presente',NULL),(150,967,'2025-02-24','Presente',NULL),(151,385,'2025-02-24','Presente',NULL),(152,669,'2025-02-24','Presente',NULL),(153,306,'2025-02-24','Presente',NULL),(154,346,'2025-02-24','Presente',NULL),(155,792,'2025-02-24','Presente',NULL),(156,115,'2025-02-25','Presente',NULL),(157,75,'2025-02-25','Presente',NULL),(158,105,'2025-02-25','Presente',NULL),(159,35,'2025-02-25','Presente',NULL),(160,392,'2025-02-25','Presente',NULL),(161,145,'2025-02-25','Presente',NULL),(162,364,'2025-02-25','Presente',NULL),(163,31,'2025-02-25','Presente',NULL),(164,334,'2025-02-25','Presente',NULL),(165,262,'2025-02-25','Presente',NULL),(166,353,'2025-02-25','Presente',NULL),(167,202,'2025-02-25','Presente',NULL),(168,134,'2025-02-25','Presente',NULL),(169,156,'2025-02-25','Presente',NULL),(170,160,'2025-02-25','Presente',NULL),(171,1552,'2025-02-25','Presente',NULL),(172,351,'2025-02-25','Presente',NULL),(173,357,'2025-02-25','Presente',NULL),(174,571,'2025-02-25','Presente',NULL),(175,191,'2025-02-25','Presente',NULL),(176,371,'2025-02-25','Presente',NULL),(177,449,'2025-02-25','Presente',NULL),(178,298,'2025-02-25','Presente',NULL),(179,14,'2025-02-25','Presente',NULL),(180,77,'2025-02-25','Presente',NULL),(181,48,'2025-02-25','Presente',NULL),(182,485,'2025-02-25','Presente',NULL),(183,38,'2025-02-25','Presente',NULL),(184,271,'2025-02-25','Presente',NULL),(185,34,'2025-02-25','Presente',NULL),(186,566,'2025-02-25','Presente',NULL),(187,100,'2025-02-25','Presente',NULL),(188,523,'2025-02-25','Presente',NULL),(189,622,'2025-02-25','Presente',NULL),(190,40,'2025-02-25','Presente',NULL),(191,151,'2025-02-25','Presente',NULL),(192,19,'2025-02-25','Presente',NULL),(193,323,'2025-02-25','Presente',NULL),(194,287,'2025-02-25','Presente',NULL),(195,178,'2025-02-25','Presente',NULL),(196,184,'2025-02-25','Presente',NULL),(197,417,'2025-02-25','Presente',NULL),(198,24,'2025-02-25','Presente',NULL),(199,469,'2025-02-25','Presente',NULL),(200,162,'2025-02-25','Presente',NULL),(201,54,'2025-02-25','Presente',NULL),(202,293,'2025-02-25','Presente',NULL),(203,60,'2025-02-25','Presente',NULL),(204,340,'2025-02-25','Presente',NULL),(205,812,'2025-02-25','Presente',NULL),(206,330,'2025-02-25','Presente',NULL),(207,154,'2025-02-25','Presente',NULL),(208,67,'2025-02-25','Presente',NULL),(209,288,'2025-02-25','Presente',NULL),(210,50,'2025-02-25','Presente',NULL),(211,1048,'2025-02-25','Presente',NULL),(212,116,'2025-02-25','Presente',NULL),(213,21,'2025-02-25','Presente',NULL),(214,363,'2025-02-25','Presente',NULL),(215,44,'2025-02-25','Presente',NULL),(216,810,'2025-02-25','Presente',NULL),(217,53,'2025-02-25','Presente',NULL),(218,864,'2025-02-25','Presente',NULL),(219,10,'2025-02-25','Presente',NULL),(220,32,'2025-02-25','Presente',NULL),(221,398,'2025-02-25','Presente',NULL),(222,314,'2025-02-25','Presente',NULL),(223,460,'2025-02-25','Presente',NULL),(224,203,'2025-02-25','Presente',NULL),(225,312,'2025-02-25','Presente',NULL),(226,358,'2025-02-25','Presente',NULL),(227,13,'2025-02-25','Presente',NULL),(228,42,'2025-02-25','Presente',NULL),(229,131,'2025-02-25','Presente',NULL),(230,114,'2025-02-25','Presente',NULL),(231,61,'2025-02-25','Presente',NULL),(232,563,'2025-02-25','Presente',NULL),(233,332,'2025-02-25','Presente',NULL),(234,99,'2025-02-25','Presente',NULL),(235,245,'2025-02-25','Presente',NULL),(236,591,'2025-02-25','Presente',NULL),(237,542,'2025-02-25','Presente',NULL),(238,440,'2025-02-25','Presente',NULL),(239,276,'2025-02-25','Presente',NULL),(240,33,'2025-02-25','Presente',NULL),(241,264,'2025-02-25','Presente',NULL),(242,420,'2025-02-25','Presente',NULL),(243,106,'2025-02-25','Presente',NULL),(244,326,'2025-02-25','Presente',NULL),(245,208,'2025-02-25','Presente',NULL),(246,494,'2025-02-25','Presente',NULL),(247,336,'2025-02-25','Presente',NULL),(248,25,'2025-02-25','Presente',NULL),(249,197,'2025-02-25','Presente',NULL),(250,378,'2025-02-25','Presente',NULL),(251,52,'2025-02-25','Presente',NULL),(252,682,'2025-02-25','Presente',NULL),(253,153,'2025-02-25','Presente',NULL),(254,237,'2025-02-25','Presente',NULL),(255,274,'2025-02-25','Presente',NULL),(256,41,'2025-02-25','Presente',NULL),(257,879,'2025-02-25','Presente',NULL),(258,470,'2025-02-25','Presente',NULL),(259,396,'2025-02-25','Presente',NULL),(260,231,'2025-02-25','Presente',NULL),(261,939,'2025-02-25','Presente',NULL),(262,1003,'2025-02-25','Presente',NULL),(263,193,'2025-02-25','Presente',NULL),(264,521,'2025-02-25','Presente',NULL),(265,1008,'2025-02-25','Presente',NULL),(266,971,'2025-02-25','Presente',NULL),(267,971,'2025-02-25','Presente',NULL),(268,507,'2025-02-25','Presente',NULL),(269,182,'2025-02-25','Presente',NULL),(270,393,'2025-02-25','Presente',NULL),(271,187,'2025-02-25','Presente',NULL),(272,118,'2025-02-25','Presente',NULL),(273,343,'2025-02-25','Presente',NULL),(274,207,'2025-02-25','Presente',NULL),(275,136,'2025-02-25','Presente',NULL),(276,51,'2025-02-25','Presente',NULL),(277,304,'2025-02-25','Presente',NULL),(278,387,'2025-02-25','Presente',NULL),(279,79,'2025-02-25','Presente',NULL),(280,90,'2025-02-25','Presente',NULL),(281,497,'2025-02-25','Presente',NULL),(282,125,'2025-02-25','Presente',NULL),(283,384,'2025-02-25','Presente',NULL),(284,18,'2025-02-25','Presente',NULL),(285,328,'2025-02-25','Presente',NULL),(286,800,'2025-02-25','Presente',NULL),(287,429,'2025-02-25','Presente',NULL),(288,524,'2025-02-25','Presente',NULL),(289,629,'2025-02-25','Presente',NULL),(290,374,'2025-02-25','Presente',NULL),(291,947,'2025-02-25','Presente',NULL),(292,251,'2025-02-25','Presente',NULL),(293,39,'2025-02-25','Presente',NULL),(294,996,'2025-02-25','Presente',NULL),(295,412,'2025-02-25','Presente',NULL),(296,324,'2025-02-25','Presente',NULL),(297,834,'2025-02-25','Presente',NULL),(298,1404,'2025-02-25','Presente',NULL),(299,244,'2025-02-25','Presente',NULL),(300,618,'2025-02-25','Presente',NULL),(301,331,'2025-02-25','Presente',NULL),(302,453,'2025-02-25','Presente',NULL),(303,959,'2025-02-25','Presente',NULL),(304,954,'2025-02-25','Presente',NULL),(305,395,'2025-02-25','Presente',NULL),(306,716,'2025-02-25','Presente',NULL),(307,381,'2025-02-25','Presente',NULL),(308,246,'2025-02-25','Presente',NULL),(309,953,'2025-02-25','Presente',NULL),(310,432,'2025-02-25','Presente',NULL),(311,306,'2025-02-25','Presente',NULL),(312,224,'2025-02-25','Presente',NULL),(313,192,'2025-02-25','Presente',NULL),(314,346,'2025-02-25','Presente',NULL),(315,709,'2025-02-25','Presente',NULL),(316,745,'2025-02-25','Presente',NULL),(317,301,'2025-02-25','Presente',NULL),(318,209,'2025-02-25','Presente',NULL),(319,698,'2025-02-25','Presente',NULL),(320,775,'2025-02-25','Presente',NULL),(321,119,'2025-02-25','Presente',NULL),(322,454,'2025-02-25','Presente',NULL),(323,232,'2025-02-25','Presente',NULL),(324,855,'2025-02-25','Presente',NULL),(325,385,'2025-02-25','Presente',NULL),(326,158,'2025-02-25','Presente',NULL),(327,228,'2025-02-25','Presente',NULL),(328,238,'2025-02-25','Presente',NULL),(329,249,'2025-02-25','Presente',NULL),(330,157,'2025-02-25','Presente',NULL),(331,792,'2025-02-25','Presente',NULL),(332,1014,'2025-02-25','Presente',NULL),(333,168,'2025-02-25','Presente',NULL),(334,423,'2025-02-25','Presente',NULL),(335,6,'2025-02-25','Presente',NULL),(336,23,'2025-02-25','Presente',NULL),(337,74,'2025-02-25','Presente',NULL),(338,530,'2025-02-25','Presente',NULL),(339,166,'2025-02-25','Presente',NULL),(340,313,'2025-02-25','Presente',NULL),(341,242,'2025-02-26','Presente',NULL),(342,136,'2025-02-26','Presente',NULL),(343,364,'2025-02-26','Presente',NULL),(344,454,'2025-02-26','Presente',NULL),(345,105,'2025-02-26','Presente',NULL),(346,131,'2025-02-26','Presente',NULL),(347,245,'2025-02-26','Presente',NULL),(348,151,'2025-02-26','Presente',NULL),(349,77,'2025-02-26','Presente',NULL),(350,134,'2025-02-26','Presente',NULL),(351,25,'2025-02-26','Presente',NULL),(352,121,'2025-02-26','Presente',NULL),(353,34,'2025-02-26','Presente',NULL),(354,469,'2025-02-26','Presente',NULL),(355,208,'2025-02-26','Presente',NULL),(356,293,'2025-02-26','Presente',NULL),(357,271,'2025-02-26','Presente',NULL),(358,262,'2025-02-26','Presente',NULL),(359,44,'2025-02-26','Presente',NULL),(360,48,'2025-02-26','Presente',NULL),(361,988,'2025-02-26','Presente',NULL),(362,99,'2025-02-26','Presente',NULL),(363,60,'2025-02-26','Presente',NULL),(364,237,'2025-02-26','Presente',NULL),(365,50,'2025-02-26','Presente',NULL),(366,1552,'2025-02-26','Presente',NULL),(367,343,'2025-02-26','Presente',NULL),(368,202,'2025-02-26','Presente',NULL),(369,810,'2025-02-26','Presente',NULL),(370,542,'2025-02-26','Presente',NULL),(371,485,'2025-02-26','Presente',NULL),(372,13,'2025-02-26','Presente',NULL),(373,563,'2025-02-26','Presente',NULL),(374,54,'2025-02-26','Presente',NULL),(375,417,'2025-02-26','Presente',NULL),(376,31,'2025-02-26','Presente',NULL),(377,392,'2025-02-26','Presente',NULL),(378,1048,'2025-02-26','Presente',NULL),(379,154,'2025-02-26','Presente',NULL),(380,351,'2025-02-26','Presente',NULL),(381,398,'2025-02-26','Presente',NULL),(382,864,'2025-02-26','Presente',NULL),(383,203,'2025-02-26','Presente',NULL),(384,264,'2025-02-26','Presente',NULL),(385,276,'2025-02-26','Presente',NULL),(386,178,'2025-02-26','Presente',NULL),(387,460,'2025-02-26','Presente',NULL),(388,10,'2025-02-26','Presente',NULL),(389,21,'2025-02-26','Presente',NULL),(390,191,'2025-02-26','Presente',NULL),(391,363,'2025-02-26','Presente',NULL),(392,622,'2025-02-26','Presente',NULL),(393,118,'2025-02-26','Presente',NULL),(394,358,'2025-02-26','Presente',NULL),(395,566,'2025-02-26','Presente',NULL),(396,35,'2025-02-26','Presente',NULL),(397,378,'2025-02-26','Presente',NULL),(398,53,'2025-02-26','Presente',NULL),(399,314,'2025-02-26','Presente',NULL),(400,14,'2025-02-26','Presente',NULL),(401,523,'2025-02-26','Presente',NULL),(402,387,'2025-02-26','Presente',NULL),(403,106,'2025-02-26','Presente',NULL),(404,507,'2025-02-26','Presente',NULL),(405,340,'2025-02-26','Presente',NULL),(406,112,'2025-02-26','Presente',NULL),(407,393,'2025-02-26','Presente',NULL),(408,440,'2025-02-26','Presente',NULL),(409,298,'2025-02-26','Presente',NULL),(410,145,'2025-02-26','Presente',NULL),(411,114,'2025-02-26','Presente',NULL),(412,182,'2025-02-26','Presente',NULL),(413,287,'2025-02-26','Presente',NULL),(414,396,'2025-02-26','Presente',NULL),(415,162,'2025-02-26','Presente',NULL),(416,6,'2025-02-26','Presente',NULL),(417,812,'2025-02-26','Presente',NULL),(418,497,'2025-02-26','Presente',NULL),(419,100,'2025-02-26','Presente',NULL),(420,312,'2025-02-26','Presente',NULL),(421,187,'2025-02-26','Presente',NULL),(422,166,'2025-02-26','Presente',NULL),(423,23,'2025-02-26','Presente',NULL),(424,323,'2025-02-26','Presente',NULL),(425,332,'2025-02-26','Presente',NULL),(426,591,'2025-02-26','Presente',NULL),(427,74,'2025-02-26','Presente',NULL),(428,160,'2025-02-26','Presente',NULL),(429,19,'2025-02-26','Presente',NULL),(430,90,'2025-02-26','Presente',NULL),(431,41,'2025-02-26','Presente',NULL),(432,353,'2025-02-26','Presente',NULL),(433,274,'2025-02-26','Presente',NULL),(434,288,'2025-02-26','Presente',NULL),(435,371,'2025-02-26','Presente',NULL),(436,1556,'2025-02-26','Presente',NULL),(437,93,'2025-02-26','Presente',NULL),(438,330,'2025-02-26','Presente',NULL),(439,61,'2025-02-26','Presente',NULL),(440,449,'2025-02-26','Presente',NULL),(441,682,'2025-02-26','Presente',NULL),(442,42,'2025-02-26','Presente',NULL),(443,304,'2025-02-26','Presente',NULL),(444,38,'2025-02-26','Presente',NULL),(445,40,'2025-02-26','Presente',NULL),(446,32,'2025-02-26','Presente',NULL),(447,156,'2025-02-26','Presente',NULL),(448,51,'2025-02-26','Presente',NULL),(449,184,'2025-02-26','Presente',NULL),(450,116,'2025-02-26','Presente',NULL),(451,420,'2025-02-26','Presente',NULL),(452,67,'2025-02-26','Presente',NULL),(453,33,'2025-02-26','Presente',NULL),(454,571,'2025-02-26','Presente',NULL),(455,357,'2025-02-26','Presente',NULL),(456,530,'2025-02-26','Presente',NULL),(457,24,'2025-02-26','Presente',NULL),(458,197,'2025-02-26','Presente',NULL),(459,52,'2025-02-26','Presente',NULL),(460,79,'2025-02-26','Presente',NULL),(461,494,'2025-02-26','Presente',NULL),(462,18,'2025-02-26','Presente',NULL),(463,384,'2025-02-26','Presente',NULL),(464,265,'2025-02-26','Presente',NULL),(465,326,'2025-02-26','Presente',NULL),(466,153,'2025-02-26','Presente',NULL),(467,429,'2025-02-26','Presente',NULL),(468,328,'2025-02-26','Presente',NULL),(469,207,'2025-02-26','Presente',NULL),(470,1555,'2025-02-26','Presente',NULL),(471,449,'2025-02-27','Presente',NULL),(472,39,'2025-02-27','Presente',NULL),(473,947,'2025-02-27','Presente',NULL),(474,1223,'2025-02-27','Presente',NULL),(475,1222,'2025-02-27','Presente',NULL),(476,75,'2025-02-27','Presente',NULL),(477,246,'2025-02-27','Presente',NULL),(478,105,'2025-02-27','Presente',NULL),(479,25,'2025-02-27','Presente',NULL),(480,178,'2025-02-27','Presente',NULL),(481,293,'2025-02-27','Presente',NULL),(482,118,'2025-02-27','Presente',NULL),(483,41,'2025-02-27','Presente',NULL),(484,237,'2025-02-27','Presente',NULL),(485,207,'2025-02-27','Presente',NULL),(486,371,'2025-02-27','Presente',NULL),(487,153,'2025-02-27','Presente',NULL),(488,429,'2025-02-27','Presente',NULL),(489,187,'2025-02-27','Presente',NULL),(490,136,'2025-02-27','Presente',NULL),(491,74,'2025-02-27','Presente',NULL),(492,363,'2025-02-27','Presente',NULL),(493,131,'2025-02-27','Presente',NULL),(494,208,'2025-02-27','Presente',NULL),(495,23,'2025-02-27','Presente',NULL),(496,287,'2025-02-27','Presente',NULL),(497,563,'2025-02-27','Presente',NULL),(498,262,'2025-02-27','Presente',NULL),(499,121,'2025-02-27','Presente',NULL),(500,19,'2025-02-27','Presente',NULL),(501,343,'2025-02-27','Presente',NULL),(502,566,'2025-02-27','Presente',NULL),(503,34,'2025-02-27','Presente',NULL),(504,51,'2025-02-27','Presente',NULL),(505,160,'2025-02-27','Presente',NULL),(506,100,'2025-02-27','Presente',NULL),(507,326,'2025-02-27','Presente',NULL),(508,112,'2025-02-27','Presente',NULL),(509,288,'2025-02-27','Presente',NULL),(510,99,'2025-02-27','Presente',NULL),(511,264,'2025-02-27','Presente',NULL),(512,38,'2025-02-27','Presente',NULL),(513,392,'2025-02-27','Presente',NULL),(514,340,'2025-02-27','Presente',NULL),(515,116,'2025-02-27','Presente',NULL),(516,24,'2025-02-27','Presente',NULL),(517,265,'2025-02-27','Presente',NULL),(518,507,'2025-02-27','Presente',NULL),(519,332,'2025-02-27','Presente',NULL),(520,1552,'2025-02-27','Presente',NULL),(521,330,'2025-02-27','Presente',NULL),(522,184,'2025-02-27','Presente',NULL),(523,50,'2025-02-27','Presente',NULL),(524,53,'2025-02-27','Presente',NULL),(525,48,'2025-02-27','Presente',NULL),(526,40,'2025-02-27','Presente',NULL),(527,125,'2025-02-27','Presente',NULL),(528,67,'2025-02-27','Presente',NULL),(529,93,'2025-02-27','Presente',NULL),(530,42,'2025-02-27','Presente',NULL),(531,378,'2025-02-27','Presente',NULL),(532,497,'2025-02-27','Presente',NULL),(533,162,'2025-02-27','Presente',NULL),(534,417,'2025-02-27','Presente',NULL),(535,191,'2025-02-27','Presente',NULL),(536,61,'2025-02-27','Presente',NULL),(537,387,'2025-02-27','Presente',NULL),(538,469,'2025-02-27','Presente',NULL),(539,151,'2025-02-27','Presente',NULL),(540,298,'2025-02-27','Presente',NULL),(541,60,'2025-02-27','Presente',NULL),(542,440,'2025-02-27','Presente',NULL),(543,13,'2025-02-27','Presente',NULL),(544,32,'2025-02-27','Presente',NULL),(545,79,'2025-02-27','Presente',NULL),(546,154,'2025-02-27','Presente',NULL),(547,988,'2025-02-27','Presente',NULL),(548,134,'2025-02-27','Presente',NULL),(549,35,'2025-02-27','Presente',NULL),(550,542,'2025-02-27','Presente',NULL),(551,437,'2025-02-27','Presente',NULL),(552,6,'2025-02-27','Presente',NULL),(553,156,'2025-02-27','Presente',NULL),(554,14,'2025-02-27','Presente',NULL),(555,197,'2025-02-27','Presente',NULL),(556,353,'2025-02-27','Presente',NULL),(557,31,'2025-02-27','Presente',NULL),(558,114,'2025-02-27','Presente',NULL),(559,54,'2025-02-27','Presente',NULL),(560,245,'2025-02-27','Presente',NULL),(561,357,'2025-02-27','Presente',NULL),(562,304,'2025-02-27','Presente',NULL),(563,364,'2025-02-27','Presente',NULL),(564,202,'2025-02-27','Presente',NULL),(565,312,'2025-02-27','Presente',NULL),(566,622,'2025-02-27','Presente',NULL),(567,393,'2025-02-27','Presente',NULL),(568,571,'2025-02-27','Presente',NULL),(569,351,'2025-02-27','Presente',NULL),(570,276,'2025-02-27','Presente',NULL),(571,33,'2025-02-27','Presente',NULL),(572,812,'2025-02-27','Presente',NULL),(573,10,'2025-02-27','Presente',NULL),(574,90,'2025-02-27','Presente',NULL),(575,52,'2025-02-27','Presente',NULL),(576,274,'2025-02-27','Presente',NULL),(577,810,'2025-02-27','Presente',NULL),(578,203,'2025-02-27','Presente',NULL),(579,358,'2025-02-27','Presente',NULL),(580,398,'2025-02-27','Presente',NULL),(581,21,'2025-02-27','Presente',NULL),(582,182,'2025-02-27','Presente',NULL),(583,166,'2025-02-27','Presente',NULL),(584,682,'2025-02-27','Presente',NULL),(585,314,'2025-02-27','Presente',NULL),(586,530,'2025-02-27','Presente',NULL),(587,1524,'2025-02-27','Presente',NULL),(588,231,'2025-02-27','Presente',NULL),(589,1003,'2025-02-27','Presente',NULL),(590,1555,'2025-02-27','Presente',NULL),(591,1556,'2025-02-27','Presente',NULL),(592,1048,'2025-02-27','Presente',NULL),(593,336,'2025-02-27','Presente',NULL),(594,864,'2025-02-27','Presente',NULL),(595,328,'2025-02-27','Presente',NULL),(596,323,'2025-02-27','Presente',NULL),(597,485,'2025-02-27','Presente',NULL),(598,939,'2025-02-27','Presente',NULL),(599,521,'2025-02-27','Presente',NULL),(600,1008,'2025-02-27','Presente',NULL),(601,395,'2025-02-27','Presente',NULL),(602,244,'2025-02-27','Presente',NULL),(603,334,'2025-02-27','Presente',NULL),(604,385,'2025-02-27','Presente',NULL),(605,959,'2025-02-27','Presente',NULL),(606,834,'2025-02-27','Presente',NULL),(607,953,'2025-02-27','Presente',NULL),(608,971,'2025-02-27','Presente',NULL),(609,157,'2025-02-27','Presente',NULL),(610,423,'2025-02-27','Presente',NULL),(611,224,'2025-02-27','Presente',NULL),(612,1014,'2025-02-27','Presente',NULL),(613,193,'2025-02-27','Presente',NULL),(614,249,'2025-02-27','Presente',NULL),(615,629,'2025-02-27','Presente',NULL),(616,158,'2025-02-27','Presente',NULL),(617,301,'2025-02-27','Presente',NULL),(618,346,'2025-02-27','Presente',NULL),(619,232,'2025-02-27','Presente',NULL),(620,238,'2025-02-27','Presente',NULL),(621,698,'2025-02-27','Presente',NULL),(622,412,'2025-02-27','Presente',NULL),(623,251,'2025-02-27','Presente',NULL),(624,306,'2025-02-27','Presente',NULL),(625,605,'2025-02-27','Presente',NULL),(626,168,'2025-02-27','Presente',NULL),(627,1404,'2025-02-27','Presente',NULL),(628,331,'2025-02-27','Presente',NULL),(629,432,'2025-02-27','Presente',NULL),(630,454,'2025-02-27','Presente',NULL),(631,709,'2025-02-27','Presente',NULL),(632,453,'2025-02-27','Presente',NULL),(633,792,'2025-02-27','Presente',NULL),(634,524,'2025-02-27','Presente',NULL),(635,209,'2025-02-27','Presente',NULL),(636,716,'2025-02-27','Presente',NULL),(637,996,'2025-02-27','Presente',NULL),(638,192,'2025-02-27','Presente',NULL),(639,855,'2025-02-27','Presente',NULL),(640,775,'2025-02-27','Presente',NULL),(641,800,'2025-02-27','Presente',NULL),(642,745,'2025-02-27','Presente',NULL),(643,374,'2025-02-27','Presente',NULL),(644,786,'2025-02-27','Presente',NULL),(645,119,'2025-02-27','Presente',NULL),(646,381,'2025-02-27','Presente',NULL),(647,954,'2025-02-27','Presente',NULL),(648,1047,'2025-02-27','Presente',NULL),(649,1047,'2025-02-27','Presente',NULL),(650,271,'2025-02-27','Presente',NULL),(651,523,'2025-02-27','Presente',NULL),(652,115,'2025-02-27','Presente',NULL),(653,271,'2025-02-27','Presente',NULL),(654,39,'2025-02-28','Presente',NULL),(655,75,'2025-02-28','Presente',NULL),(656,1223,'2025-02-28','Presente',NULL),(657,1222,'2025-02-28','Presente',NULL),(658,25,'2025-02-28','Presente',NULL),(659,193,'2025-02-28','Presente',NULL),(660,41,'2025-02-28','Presente',NULL),(661,246,'2025-02-28','Presente',NULL),(662,118,'2025-02-28','Presente',NULL),(663,154,'2025-02-28','Presente',NULL),(664,131,'2025-02-28','Presente',NULL),(665,420,'2025-02-28','Presente',NULL),(666,293,'2025-02-28','Presente',NULL),(667,287,'2025-02-28','Presente',NULL),(668,48,'2025-02-28','Presente',NULL),(669,523,'2025-02-28','Presente',NULL),(670,332,'2025-02-28','Presente',NULL),(671,1532,'2025-02-28','Presente',NULL),(672,99,'2025-02-28','Presente',NULL),(673,136,'2025-02-28','Presente',NULL),(674,145,'2025-02-28','Presente',NULL),(675,162,'2025-02-28','Presente',NULL),(676,106,'2025-02-28','Presente',NULL),(677,288,'2025-02-28','Presente',NULL),(678,53,'2025-02-28','Presente',NULL),(679,304,'2025-02-28','Presente',NULL),(680,74,'2025-02-28','Presente',NULL),(681,19,'2025-02-28','Presente',NULL),(682,23,'2025-02-28','Presente',NULL),(683,114,'2025-02-28','Presente',NULL),(684,494,'2025-02-28','Presente',NULL),(685,202,'2025-02-28','Presente',NULL),(686,326,'2025-02-28','Presente',NULL),(687,265,'2025-02-28','Presente',NULL),(688,156,'2025-02-28','Presente',NULL),(689,60,'2025-02-28','Presente',NULL),(690,988,'2025-02-28','Presente',NULL),(691,429,'2025-02-28','Presente',NULL),(692,358,'2025-02-28','Presente',NULL),(693,262,'2025-02-28','Presente',NULL),(694,387,'2025-02-28','Presente',NULL),(695,1552,'2025-02-28','Presente',NULL),(696,440,'2025-02-28','Presente',NULL),(697,264,'2025-02-28','Presente',NULL),(698,151,'2025-02-28','Presente',NULL),(699,363,'2025-02-28','Presente',NULL),(700,105,'2025-02-28','Presente',NULL),(701,35,'2025-02-28','Presente',NULL),(702,398,'2025-02-28','Presente',NULL),(703,357,'2025-02-28','Presente',NULL),(704,116,'2025-02-28','Presente',NULL),(705,182,'2025-02-28','Presente',NULL),(706,312,'2025-02-28','Presente',NULL),(707,542,'2025-02-28','Presente',NULL),(708,67,'2025-02-28','Presente',NULL),(709,371,'2025-02-28','Presente',NULL),(710,21,'2025-02-28','Presente',NULL),(711,207,'2025-02-28','Presente',NULL),(712,207,'2025-02-28','Presente',NULL),(713,812,'2025-02-28','Presente',NULL),(714,125,'2025-02-28','Presente',NULL),(715,622,'2025-02-28','Presente',NULL),(716,396,'2025-02-28','Presente',NULL),(717,449,'2025-02-28','Presente',NULL),(718,1047,'2025-02-28','Presente',NULL),(719,437,'2025-02-28','Presente',NULL),(720,13,'2025-02-28','Presente',NULL),(721,32,'2025-02-28','Presente',NULL),(722,330,'2025-02-28','Presente',NULL),(723,392,'2025-02-28','Presente',NULL),(724,507,'2025-02-28','Presente',NULL),(725,79,'2025-02-28','Presente',NULL),(726,237,'2025-02-28','Presente',NULL),(727,100,'2025-02-28','Presente',NULL),(728,166,'2025-02-28','Presente',NULL),(729,42,'2025-02-28','Presente',NULL),(730,52,'2025-02-28','Presente',NULL),(731,274,'2025-02-28','Presente',NULL),(732,33,'2025-02-28','Presente',NULL),(733,10,'2025-02-28','Presente',NULL),(734,24,'2025-02-28','Presente',NULL),(735,497,'2025-02-28','Presente',NULL),(736,364,'2025-02-28','Presente',NULL),(737,160,'2025-02-28','Presente',NULL),(738,191,'2025-02-28','Presente',NULL),(739,40,'2025-02-28','Presente',NULL),(740,469,'2025-02-28','Presente',NULL),(741,38,'2025-02-28','Presente',NULL),(742,417,'2025-02-28','Presente',NULL),(743,810,'2025-02-28','Presente',NULL),(744,90,'2025-02-28','Presente',NULL),(745,203,'2025-02-28','Presente',NULL),(746,336,'2025-02-28','Presente',NULL),(747,571,'2025-02-28','Presente',NULL),(748,351,'2025-02-28','Presente',NULL),(749,34,'2025-02-28','Presente',NULL),(750,353,'2025-02-28','Presente',NULL),(751,314,'2025-02-28','Presente',NULL),(752,31,'2025-02-28','Presente',NULL),(753,14,'2025-02-28','Presente',NULL),(754,6,'2025-02-28','Presente',NULL),(755,530,'2025-02-28','Presente',NULL),(756,54,'2025-02-28','Presente',NULL),(757,153,'2025-02-28','Presente',NULL),(758,563,'2025-02-28','Presente',NULL),(759,197,'2025-02-28','Presente',NULL),(760,834,'2025-02-28','Presente',NULL),(761,251,'2025-02-28','Presente',NULL),(762,306,'2025-02-28','Presente',NULL),(763,709,'2025-02-28','Presente',NULL),(764,224,'2025-02-28','Presente',NULL),(765,879,'2025-02-28','Presente',NULL),(766,157,'2025-02-28','Presente',NULL),(767,629,'2025-02-28','Presente',NULL),(768,158,'2025-02-28','Presente',NULL),(769,231,'2025-02-28','Presente',NULL),(770,121,'2025-02-28','Presente',NULL),(771,470,'2025-02-28','Presente',NULL),(772,1003,'2025-02-28','Presente',NULL),(773,395,'2025-02-28','Presente',NULL),(774,1014,'2025-02-28','Presente',NULL),(775,521,'2025-02-28','Presente',NULL),(776,524,'2025-02-28','Presente',NULL),(777,745,'2025-02-28','Presente',NULL),(778,1404,'2025-02-28','Presente',NULL),(779,301,'2025-02-28','Presente',NULL),(780,953,'2025-02-28','Presente',NULL),(781,775,'2025-02-28','Presente',NULL),(782,209,'2025-02-28','Presente',NULL),(783,119,'2025-02-28','Presente',NULL),(784,971,'2025-02-28','Presente',NULL),(785,381,'2025-02-28','Presente',NULL),(786,346,'2025-02-28','Presente',NULL),(787,192,'2025-02-28','Presente',NULL),(788,168,'2025-02-28','Presente',NULL),(789,244,'2025-02-28','Presente',NULL),(790,939,'2025-02-28','Presente',NULL),(791,432,'2025-02-28','Presente',NULL),(792,412,'2025-02-28','Presente',NULL),(793,453,'2025-02-28','Presente',NULL),(794,232,'2025-02-28','Presente',NULL),(795,238,'2025-02-28','Presente',NULL),(796,618,'2025-02-28','Presente',NULL),(797,385,'2025-02-28','Presente',NULL),(798,792,'2025-02-28','Presente',NULL),(799,996,'2025-02-28','Presente',NULL),(800,249,'2025-02-28','Presente',NULL),(801,855,'2025-02-28','Presente',NULL),(802,1008,'2025-02-28','Presente',NULL),(803,1555,'2025-02-28','Presente',NULL),(804,328,'2025-02-28','Presente',NULL),(805,1048,'2025-02-28','Presente',NULL),(806,1556,'2025-02-28','Presente',NULL),(807,864,'2025-02-28','Presente',NULL),(808,698,'2025-02-28','Presente',NULL),(809,454,'2025-02-28','Presente',NULL),(810,423,'2025-02-28','Presente',NULL),(811,334,'2025-02-28','Presente',NULL),(812,1524,'2025-02-28','Presente',NULL),(813,324,'2025-02-28','Presente',NULL),(814,605,'2025-02-28','Presente',NULL),(815,786,'2025-02-28','Presente',NULL),(816,959,'2025-02-28','Presente',NULL),(817,331,'2025-02-28','Presente',NULL),(818,136,'2025-03-10','Presente',NULL),(819,191,'2025-03-31','Presente',NULL);
/*!40000 ALTER TABLE `asistencia` ENABLE KEYS */;
UNLOCK TABLES;

--
-- Table structure for table `asistencias`
--

DROP TABLE IF EXISTS `asistencias`;
/*!40101 SET @saved_cs_client     = @@character_set_client */;
/*!50503 SET character_set_client = utf8mb4 */;
CREATE TABLE `asistencias` (
  `idasistencia` int(11) NOT NULL AUTO_INCREMENT,
  `idalumno` int(11) NOT NULL,
  `fecha` date NOT NULL,
  `estado` varchar(20) NOT NULL,
  PRIMARY KEY (`idasistencia`),
  CONSTRAINT `asistencias_ibfk_1` FOREIGN KEY (`idasistencia`) REFERENCES `estudiante` (`idestudiante`)
) ENGINE=InnoDB DEFAULT CHARSET=utf8mb4 COLLATE=utf8mb4_general_ci;
/*!40101 SET character_set_client = @saved_cs_client */;

--
-- Dumping data for table `asistencias`
--

LOCK TABLES `asistencias` WRITE;
/*!40000 ALTER TABLE `asistencias` DISABLE KEYS */;
/*!40000 ALTER TABLE `asistencias` ENABLE KEYS */;
UNLOCK TABLES;

--
-- Table structure for table `asistenciass`
--

DROP TABLE IF EXISTS `asistenciass`;
/*!40101 SET @saved_cs_client     = @@character_set_client */;
/*!50503 SET character_set_client = utf8mb4 */;
CREATE TABLE `asistenciass` (
  `idasistencia` int(11) NOT NULL AUTO_INCREMENT,
  `idestudiante` int(11) NOT NULL,
  `fecha` date NOT NULL,
  `estado` varchar(20) NOT NULL,
  PRIMARY KEY (`idasistencia`),
  KEY `idestudiante` (`idestudiante`),
  CONSTRAINT `asistenciass_ibfk_1` FOREIGN KEY (`idestudiante`) REFERENCES `estudiante` (`idestudiante`)
) ENGINE=InnoDB AUTO_INCREMENT=42 DEFAULT CHARSET=utf8mb4 COLLATE=utf8mb4_general_ci;
/*!40101 SET character_set_client = @saved_cs_client */;

--
-- Dumping data for table `asistenciass`
--

LOCK TABLES `asistenciass` WRITE;
/*!40000 ALTER TABLE `asistenciass` DISABLE KEYS */;
INSERT INTO `asistenciass` VALUES (1,1,'2025-06-15','Presente'),(2,3,'2025-06-18','Presente'),(3,2,'2025-06-18','Presente'),(4,6,'2025-06-18','Presente'),(5,7,'2025-06-18','Presente'),(6,8,'2025-06-18','Presente'),(7,10,'2025-06-18','Presente'),(8,9,'2025-06-18','Presente'),(9,12,'2025-06-18','Presente'),(10,11,'2025-06-18','Presente'),(11,13,'2025-06-18','Presente'),(12,14,'2025-06-18','Presente'),(13,4,'2025-06-18','Presente'),(14,16,'2025-06-18','Presente'),(15,15,'2025-06-18','Presente'),(16,17,'2025-06-18','Presente'),(17,4,'2025-06-19','Presente'),(18,7,'2025-06-19','Presente'),(19,8,'2025-06-19','Presente'),(20,15,'2025-06-19','Presente'),(21,2,'2025-06-19','Presente'),(22,10,'2025-06-19','Presente'),(23,18,'2025-06-19','Presente'),(24,3,'2025-06-19','Presente'),(25,16,'2025-06-19','Presente'),(26,9,'2025-06-19','Presente'),(27,12,'2025-06-19','Presente'),(28,14,'2025-06-19','Presente'),(29,17,'2025-06-19','Presente'),(30,6,'2025-06-19','Presente'),(31,11,'2025-06-25','Presente'),(32,5,'2025-06-25','Presente'),(33,2,'2025-06-25','Presente'),(34,13,'2025-06-25','Presente'),(35,15,'2025-06-25','Presente'),(36,4,'2025-06-25','Presente'),(37,3,'2025-06-25','Presente'),(38,17,'2025-06-25','Presente'),(39,6,'2025-06-25','Presente'),(40,12,'2025-06-25','Presente'),(41,14,'2025-06-25','Presente');
/*!40000 ALTER TABLE `asistenciass` ENABLE KEYS */;
UNLOCK TABLES;

--
-- Table structure for table `carrerag`
--

DROP TABLE IF EXISTS `carrerag`;
/*!40101 SET @saved_cs_client     = @@character_set_client */;
/*!50503 SET character_set_client = utf8mb4 */;
CREATE TABLE `carrerag` (
  `idcarrera` int(11) NOT NULL AUTO_INCREMENT,
  `nombre` varchar(255) DEFAULT NULL,
  `tipo` varchar(255) DEFAULT NULL,
  `duracion` int(11) NOT NULL,
  `estado` varchar(50) NOT NULL DEFAULT 'Activo',
  PRIMARY KEY (`idcarrera`)
) ENGINE=InnoDB AUTO_INCREMENT=3 DEFAULT CHARSET=utf8mb4 COLLATE=utf8mb4_general_ci;
/*!40101 SET character_set_client = @saved_cs_client */;

--
-- Dumping data for table `carrerag`
--

LOCK TABLES `carrerag` WRITE;
/*!40000 ALTER TABLE `carrerag` DISABLE KEYS */;
INSERT INTO `carrerag` VALUES (1,'PROF.  DE EDUCACIÓN SEC EN PSICOLOGÍA','PROFESORADO',4,'Activo'),(2,'TEC. SUPR. EN ANÁLISIS DE SISTEMAS Y DESARROLLO DE SOFTWARE','TECNICATÚRA',3,'Activo');
/*!40000 ALTER TABLE `carrerag` ENABLE KEYS */;
UNLOCK TABLES;

--
-- Table structure for table `carreras`
--

DROP TABLE IF EXISTS `carreras`;
/*!40101 SET @saved_cs_client     = @@character_set_client */;
/*!50503 SET character_set_client = utf8mb4 */;
CREATE TABLE `carreras` (
  `idcarrera` int(11) NOT NULL AUTO_INCREMENT,
  `nombre` varchar(200) NOT NULL,
  `tipo` varchar(100) NOT NULL,
  `duracion` int(11) NOT NULL,
  `estado` varchar(100) NOT NULL,
  PRIMARY KEY (`idcarrera`)
) ENGINE=InnoDB AUTO_INCREMENT=7 DEFAULT CHARSET=utf8mb4 COLLATE=utf8mb4_general_ci;
/*!40101 SET character_set_client = @saved_cs_client */;

--
-- Dumping data for table `carreras`
--

LOCK TABLES `carreras` WRITE;
/*!40000 ALTER TABLE `carreras` DISABLE KEYS */;
INSERT INTO `carreras` VALUES (1,'TEC. SUP. EN PROCESOS MINEROS','TECNICATURA',3,'Activo'),(2,'TEC. SUP. EN GESTIÓN DE EMPRENDIMIENTO','TECNICATURA',3,'Activo'),(3,'TEC. SUP EN LABORATORIO','TECNICATURA',3,'Activo'),(4,'PROF. DE EDUCACIÓN SECUNDARIA EN INFORMÁTICA ','PROFESORADO',4,'Activo'),(5,'PROF. DE EDUCACIÓN SECUNDARIA EN HISTORIA','PROFESORADO',4,'Activo'),(6,'PROF. DE EDUCACIÓN SECUNDARIA EN GEOGRAFÍA','PROFESORADO',4,'Activo');
/*!40000 ALTER TABLE `carreras` ENABLE KEYS */;
UNLOCK TABLES;

--
-- Table structure for table `carreratodos`
--

DROP TABLE IF EXISTS `carreratodos`;
/*!40101 SET @saved_cs_client     = @@character_set_client */;
/*!50503 SET character_set_client = utf8mb4 */;
CREATE TABLE `carreratodos` (
  `idcarrera` int(11) NOT NULL AUTO_INCREMENT,
  `nombre` varchar(200) NOT NULL,
  `tipo` varchar(100) NOT NULL,
  `duracion` int(11) NOT NULL,
  `estado` varchar(100) NOT NULL,
  PRIMARY KEY (`idcarrera`)
) ENGINE=InnoDB AUTO_INCREMENT=7 DEFAULT CHARSET=utf8mb4 COLLATE=utf8mb4_general_ci;
/*!40101 SET character_set_client = @saved_cs_client */;

--
-- Dumping data for table `carreratodos`
--

LOCK TABLES `carreratodos` WRITE;
/*!40000 ALTER TABLE `carreratodos` DISABLE KEYS */;
INSERT INTO `carreratodos` VALUES (1,'TEC. SUP. EN PROCESOS MINEROS','TECNICATURA',3,'Activo'),(2,'TEC. SUP. EN GESTIÓN DE EMPRENDIMIENTO','TECNICATURA',3,'Activo'),(3,'TEC. SUP EN LABORATORIO','TECNICATURA',3,'Activo'),(4,'PROF. DE EDUCACIÓN SECUNDARIA EN INFORMÁTICA ','PROFESORADO',4,'Activo'),(5,'PROF. DE EDUCACIÓN SECUNDARIA EN HISTORIA','PROFESORADO',4,'Activo'),(6,'PROF. DE EDUCACIÓN SECUNDARIA EN GEOGRAFÍA','PROFESORADO',4,'Activo');
/*!40000 ALTER TABLE `carreratodos` ENABLE KEYS */;
UNLOCK TABLES;

--
-- Table structure for table `cede`
--

DROP TABLE IF EXISTS `cede`;
/*!40101 SET @saved_cs_client     = @@character_set_client */;
/*!50503 SET character_set_client = utf8mb4 */;
CREATE TABLE `cede` (
  `idcede` int(11) NOT NULL AUTO_INCREMENT,
  `nombre` varchar(255) DEFAULT NULL,
  `localidad` varchar(255) DEFAULT NULL,
  `estado` varchar(255) DEFAULT NULL,
  PRIMARY KEY (`idcede`)
) ENGINE=InnoDB AUTO_INCREMENT=3 DEFAULT CHARSET=utf8mb4 COLLATE=utf8mb4_general_ci;
/*!40101 SET character_set_client = @saved_cs_client */;

--
-- Dumping data for table `cede`
--

LOCK TABLES `cede` WRITE;
/*!40000 ALTER TABLE `cede` DISABLE KEYS */;
INSERT INTO `cede` VALUES (1,'IES 6021 Juan Carlos Dávalos','Metán','Activo'),(2,'IES 6034 Anexo - El Galpón','El Galpón','Activo');
/*!40000 ALTER TABLE `cede` ENABLE KEYS */;
UNLOCK TABLES;

--
-- Table structure for table `docentes`
--

DROP TABLE IF EXISTS `docentes`;
/*!40101 SET @saved_cs_client     = @@character_set_client */;
/*!50503 SET character_set_client = utf8mb4 */;
CREATE TABLE `docentes` (
  `iddocentes` int(11) NOT NULL AUTO_INCREMENT,
  `apenomb` varchar(100) NOT NULL,
  `dni` int(11) NOT NULL,
  `email` varchar(100) NOT NULL,
  PRIMARY KEY (`iddocentes`)
) ENGINE=InnoDB AUTO_INCREMENT=69 DEFAULT CHARSET=utf8mb4 COLLATE=utf8mb4_general_ci;
/*!40101 SET character_set_client = @saved_cs_client */;

--
-- Dumping data for table `docentes`
--

LOCK TABLES `docentes` WRITE;
/*!40000 ALTER TABLE `docentes` DISABLE KEYS */;
INSERT INTO `docentes` VALUES (1,'Abregú, Jimena',38340385,'jimeabregu.j@gmail.com\r'),(2,'Aguillera, Marcelo',24580099,'aguileramarcelo075@gmail.com\r'),(3,'Arias, Juan ',27448587,'juanarias.profe@gmail.com \r'),(4,'Bonotto, Beatriz',18407206,'bettybonotto@gmail.com\r'),(5,'Canavidez, Juan Manuel',36037478,'jcanavidez@gmail.com\r'),(6,'Dávalos, Francisco Alejandro',28397088,'aledacalos156@hotmail.com\r'),(7,'Etchart, Alejandro',28314092,'aleetchart@hotmail.com\r'),(8,'Figueroa, Cintia Marisol',32921653,'marisolfigueroaelgalpon@gmail.com\r'),(9,'Iramain, Fernando',20347532,'fernando.d.iramaim@gmail.com \r'),(10,'Lara, María Esther',31545544,'lara.mariaesther7@gmail.com\r'),(11,'Martínez, Verónica Aracelia',31853893,'aramartinez411@gmail.com\r'),(12,'Martínez, Carlos Arístides',17604114,'tucmartinez@hotmail.com\r'),(13,'Miñana, José',26784740,'jdiazminana@yahoo.com.ar\r'),(14,'Moya, Eleonora',26972471,'eleo_fer@yahoo.com.ar\r'),(15,'Nieva, Walter Ceferino',18582340,'docentewalternieva2022@gmail.com\r'),(16,'Palermo, Hugo',28712343,'hugopalermocas@hotmail.com\r'),(17,'Pascuale, Sergio',30234254,'sapascualeprofe@gmail.com\r'),(18,'Pisacic, Verónica',23900988,'pisaciveronica@yahoo.com.ar\r'),(19,'Quintana, Ricardo',25410766,'ricardo_cssr@hotmail.com\r'),(20,'Ríos, Antonieta',28788499,'marbuone28@gmail.com\r'),(21,'Rivero, Walter',31898189,'\r'),(22,'Roca, Carlos',36665938,'carloscdr24@hotmail.com\r'),(23,'Salazar, Mariana Jorgelina',27084044,'marijo12r.o.r@gmail.com\r'),(24,'San Martín, Guillermo',32634106,'willy_sm6@hotmail.com\r'),(25,'Saso, José Emilio',22070132,'Emiliosaso@gmail.com \r'),(26,'Viapiano, Laura',33235981,'marialauraviapiano@hotmail.com\r'),(27,'Pérez, Miguel Alfredo',33153286,'mperez@ucasal.edu.ar\r'),(28,'Aguilar, Norma',20261036,'estela_036@yahoo.com.ar\r'),(29,'Bonotto, Beatriz',18407206,'bettybonotto@gmail.com\r'),(30,'Flores Ávila, Hugo',29008525,'rolandohugo99@gmail.com\r'),(31,'Gimenez, Marcelo',22016844,'coradogimenez@gmail.com\r'),(32,'Maiza, Facundo',39535048,'facumaiza28@gmail.com\r'),(33,'Machuca, Agustín',28314133,'agustinho0811@gmail.com\r'),(34,'Martínez, Aracelia',31853893,'aramartinez411@gmail.com\r'),(35,'Mercado, Hilario',36129881,'ramon_merk2@hotmail.com\r'),(36,'Roca, Carlos',36665938,'carloscdr24@hotmail.com\r'),(37,'Santillán, Priscila',32630827,'prisan66@gmail.com\r'),(38,'Saso, José Emilio',22070132,'Emiliosaso@gmail.com \r'),(39,'Gabriel Jansen',36240803,'profergabrieljansen91@gmail.com\r'),(40,'Marquez, Paola',28738859,'pmarquez838@gmail.com\r'),(41,'Arias, Juan ',27448587,'juanarias.profe@gmail.com \r'),(42,'Bonotto, Carmen Beatriz',18407206,'bettybonotto@gmail.com\r'),(43,'Colquehuanca Chañi, Cecilia Ivone',25613152,'ceciliacolquehuanca@gmail.com\r'),(44,'Machuca, Agustín',28314133,'agustinho0811@gmail.com\r'),(45,'Martínez, Gilda',0,'aa\r'),(46,'Márquez, Paola de los Ángeles',28738859,'pmarquez838@gmail.com\r'),(47,'Mercado, Hilario',36129881,'ramon_merk2@hotmail.com\r'),(48,'Santillán, Franco J.',37723144,'francojesus2012@hotmail.com\r'),(49,'Saso, José Emilio',22070132,'Emiliosaso@gmail.com \r'),(65,'Juan Manuel Canavidez ',36037498,'jcanavidez@gmail.com'),(66,'Alderete Diego',31840303,'diegoeduardo66@gmail.com'),(67,'Gilda Antonella Martinez ',42317252,'Medinanoranelida00@gmail.com'),(68,'Romina Catalina Ruiz ',28014417,'rominacatalinaruiz@gmail.com');
/*!40000 ALTER TABLE `docentes` ENABLE KEYS */;
UNLOCK TABLES;

--
-- Table structure for table `estudiante`
--

DROP TABLE IF EXISTS `estudiante`;
/*!40101 SET @saved_cs_client     = @@character_set_client */;
/*!50503 SET character_set_client = utf8mb4 */;
CREATE TABLE `estudiante` (
  `idestudiante` int(11) NOT NULL AUTO_INCREMENT,
  `apenomb` varchar(100) NOT NULL,
  `dni` int(11) NOT NULL,
  `carrera` varchar(100) NOT NULL,
  `año` int(11) NOT NULL,
  `fecha` date NOT NULL,
  PRIMARY KEY (`idestudiante`),
  UNIQUE KEY `dni` (`dni`)
) ENGINE=InnoDB AUTO_INCREMENT=19 DEFAULT CHARSET=utf8mb4 COLLATE=utf8mb4_general_ci;
/*!40101 SET character_set_client = @saved_cs_client */;

--
-- Dumping data for table `estudiante`
--

LOCK TABLES `estudiante` WRITE;
/*!40000 ALTER TABLE `estudiante` DISABLE KEYS */;
INSERT INTO `estudiante` VALUES (1,'Alderete Diego Eduardo',31840303,'Prof. de Informática',4,'2025-06-15'),(2,'Facundo Raúl Brandan',44913633,'Prof. de Informática',2,'2025-06-18'),(3,'Francisco Chaile ',44105314,'Prof. de Informática',2,'2025-06-18'),(4,'Erick Francisco Figueroa ',45974620,'Prof. de Informática',2,'2025-06-18'),(5,'Martín Carlos Damián Luna',4669449,'Prof. de Informática',2,'2025-06-18'),(6,'Gianela Agustina Moyano Colina ',43686999,'Prof. de Informática',2,'2025-06-18'),(7,'Jesús Armando  Erman Gimenez ',44105229,'Prof. de Informática',2,'2025-06-18'),(8,'Martín Carlos Damián Luna',46669449,'Prof. de Informática',2,'2025-06-18'),(9,'Priscila Nair Ayelen Chavez',45366064,'Prof. de Informática',2,'2025-06-18'),(10,'Soria Gloria Eliana Judith ',39398791,'Prof. de Informática',2,'2025-06-18'),(11,'Javier Matías Villalba',45434317,'Prof. de Informática',1,'2025-06-18'),(12,'Lucas Emanuel Maza',45110986,'Prof. de Informática',2,'2025-06-18'),(13,'Ana Elisa Carabajal ',43438422,'Prof. de Informática',2,'2025-06-18'),(14,'Brenda Concha ',44879601,'Prof. de Informática',2,'2025-06-18'),(15,'Facundo Cabrera ',42286509,'Prof. de Informática',2,'2025-06-18'),(16,'Diego Garnica',30836352,'Prof. de Informática',2,'2025-06-18'),(17,'Sergio Rafael Maza',44176007,'Prof. de Informática',2,'2025-06-18'),(18,'Alvaro Molón',41372260,'Prof. de Informática',2,'2025-06-19');
/*!40000 ALTER TABLE `estudiante` ENABLE KEYS */;
UNLOCK TABLES;

--
-- Table structure for table `inscripciones`
--

DROP TABLE IF EXISTS `inscripciones`;
/*!40101 SET @saved_cs_client     = @@character_set_client */;
/*!50503 SET character_set_client = utf8mb4 */;
CREATE TABLE `inscripciones` (
  `id` int(11) NOT NULL AUTO_INCREMENT,
  `iddocente` int(11) DEFAULT NULL,
  `capacitacion` int(11) DEFAULT NULL,
  `fecha` timestamp NOT NULL DEFAULT current_timestamp(),
  PRIMARY KEY (`id`)
) ENGINE=InnoDB AUTO_INCREMENT=23 DEFAULT CHARSET=utf8mb4 COLLATE=utf8mb4_general_ci;
/*!40101 SET character_set_client = @saved_cs_client */;

--
-- Dumping data for table `inscripciones`
--

LOCK TABLES `inscripciones` WRITE;
/*!40000 ALTER TABLE `inscripciones` DISABLE KEYS */;
INSERT INTO `inscripciones` VALUES (1,8,1,'2025-07-31 00:15:24'),(2,19,1,'2025-07-31 00:57:26'),(3,16,2,'2025-07-31 01:36:28'),(4,27,2,'2025-07-31 03:45:44'),(5,10,1,'2025-07-31 03:46:45'),(6,30,1,'2025-07-31 03:47:15'),(7,11,1,'2025-07-31 05:13:30'),(8,1,2,'2025-07-31 13:01:24'),(9,45,3,'2025-07-31 13:03:00'),(10,48,3,'2025-07-31 13:23:30'),(11,67,3,'2025-07-31 13:28:07'),(12,22,2,'2025-07-31 16:43:25'),(13,31,1,'2025-07-31 18:20:38'),(14,43,1,'2025-08-01 13:11:36'),(15,13,1,'2025-08-01 15:31:52'),(16,40,3,'2025-08-01 16:19:08'),(17,3,1,'2025-08-01 19:14:16'),(18,6,1,'2025-08-01 23:18:09'),(19,68,1,'2025-08-02 13:56:38'),(20,4,1,'2025-08-02 16:52:28'),(21,21,1,'2025-08-04 19:07:14'),(22,2,1,'2025-08-04 22:45:31');
/*!40000 ALTER TABLE `inscripciones` ENABLE KEYS */;
UNLOCK TABLES;

--
-- Table structure for table `materias`
--

DROP TABLE IF EXISTS `materias`;
/*!40101 SET @saved_cs_client     = @@character_set_client */;
/*!50503 SET character_set_client = utf8mb4 */;
CREATE TABLE `materias` (
  `idmaterias` int(11) NOT NULL AUTO_INCREMENT,
  `nombre` varchar(100) NOT NULL,
  PRIMARY KEY (`idmaterias`)
) ENGINE=InnoDB AUTO_INCREMENT=65 DEFAULT CHARSET=utf8mb4 COLLATE=utf8mb4_general_ci;
/*!40101 SET character_set_client = @saved_cs_client */;

--
-- Dumping data for table `materias`
--

LOCK TABLES `materias` WRITE;
/*!40000 ALTER TABLE `materias` DISABLE KEYS */;
INSERT INTO `materias` VALUES (1,'Taller: Curriculum y Organizadores escolares (PD2)\r'),(2,'Historia Argentina y Latinoamericana\r'),(3,'Herramientas Informáticas\r'),(4,'Recursos Informáticos\r'),(5,'Sujeto de la educación secundaria\r'),(6,'Sociología de la educación\r'),(7,'ESI\r'),(8,'Taller: Proyectos educativos mediados por TIC (PD3)\r'),(9,'Software Libre\r'),(10,'Formación Etica y Ciudadana\r'),(11,'EDI\r'),(12,'Lectura y escritura académica\r'),(13,'Elementos de matemática aplicadas a la informática\r'),(14,'Pedagogía\r'),(15,'Historia y Política de la educación Argentina\r'),(16,'Taller: Evaluación de los aprendizajes en la educación secundaria (PD3)\r'),(17,'Práctica Docente IV: Residencia\r'),(18,'TIC\r'),(19,'Contabilidad\r'),(20,'Integración educativa\r'),(21,'Práctica Docente III: Prácticas de enseñanza. Auxiliar\r'),(22,'Redes y comunicación de datos\r'),(23,'Robotica y automatización\r'),(24,'Auditoría y Seguridad\r'),(25,'Lenguaje de programación 1\r'),(26,'Sistema Operativo\r'),(27,'Lenguaje de programación 2\r'),(28,'Práctica Docente IV: Residencia (Aux)\r'),(29,'Didáctica de la informática\r'),(30,'Problemática de la enseñanza en la escuela secundaria\r'),(31,'Filosofía\r'),(32,'Psicología Educacional\r'),(33,'Sistema Tributario Argentino\r'),(34,'Didáctica General\r'),(35,'Taller de Instituciones educativas (PD1)\r'),(36,'Práctica Docente III: Prácticas de enseñanza.\r'),(37,'Lenguaje de programación 3\r'),(38,'Inglés Técnico\r'),(39,'Práctica Docente 1: Contexto, Comunidad y Escuela\r'),(40,'Práctica Docente 2: Gestión Institucional, Curriculum y Enseñanza\r'),(41,'Taller: Métodos y Técnicas de indagación (PD1)\r'),(42,'Historia Argentina I\r'),(43,'Sujeto de la educación secundaria \r'),(44,'Prehistoria General- Americana I - Americana II\r'),(45,'Práctica Docente III: Prácticas de enseñanza (Aux)\r'),(46,'Historia de las Ideas Politicas- Didactica Especial de la Historia- Historia Argentina II\r'),(47,'Espacio y Sociedad\r'),(48,'Historia y política de la Educacion Argentina- Práctica 3 Taller-  Práctica 2\r'),(49,'Práctica Docente II: Gestión Institucional, Curriculum y Enseñanza\r'),(50,'Práctica Docente III: Prácticas de enseñanza - Historia Antigua- Historia Contenporanea\r'),(51,'Práctica Docente I\r'),(52,'Historia Moderna\r'),(53,'Lectura y Escritura Académica\r'),(54,'TIC\r'),(55,'Taller: Métodos y técnicas de indagación (PD1)\r'),(56,'Psicología Educacional\r'),(57,'Geografía Ambiental I\r'),(58,'Teoría y Epistemología de la Geografía\r'),(59,'Práctica Docente I\r'),(60,'Taller: Lectura y Escritura Académica\r'),(61,'Pedagogía\r'),(62,'Cartografía y Lenguajes Geográficos\r'),(63,'Taller: Instituciones educativas (PD1)\r'),(64,'Didáctica General\r');
/*!40000 ALTER TABLE `materias` ENABLE KEYS */;
UNLOCK TABLES;

--
-- Table structure for table `preinscripcion`
--

DROP TABLE IF EXISTS `preinscripcion`;
/*!40101 SET @saved_cs_client     = @@character_set_client */;
/*!50503 SET character_set_client = utf8mb4 */;
CREATE TABLE `preinscripcion` (
  `idinscripcion` int(11) NOT NULL AUTO_INCREMENT,
  `idalumno` int(11) NOT NULL,
  `idcarrera` int(11) NOT NULL,
  `fecha` datetime NOT NULL,
  `estado` varchar(20) NOT NULL DEFAULT 'Preinscripto',
  PRIMARY KEY (`idinscripcion`),
  KEY `idalumno` (`idalumno`),
  KEY `idcarrera` (`idcarrera`),
  CONSTRAINT `preinscripcion_ibfk_1` FOREIGN KEY (`idalumno`) REFERENCES `alumno` (`idalumno`),
  CONSTRAINT `preinscripcion_ibfk_2` FOREIGN KEY (`idcarrera`) REFERENCES `carreras` (`idcarrera`)
) ENGINE=InnoDB DEFAULT CHARSET=utf8mb4 COLLATE=utf8mb4_general_ci;
/*!40101 SET character_set_client = @saved_cs_client */;

--
-- Dumping data for table `preinscripcion`
--

LOCK TABLES `preinscripcion` WRITE;
/*!40000 ALTER TABLE `preinscripcion` DISABLE KEYS */;
/*!40000 ALTER TABLE `preinscripcion` ENABLE KEYS */;
UNLOCK TABLES;

--
-- Table structure for table `preinscripciong`
--

DROP TABLE IF EXISTS `preinscripciong`;
/*!40101 SET @saved_cs_client     = @@character_set_client */;
/*!50503 SET character_set_client = utf8mb4 */;
CREATE TABLE `preinscripciong` (
  `idinscripcion` int(11) NOT NULL AUTO_INCREMENT,
  `idalumno` int(11) NOT NULL,
  `idcarrera` int(11) NOT NULL,
  `fecha` datetime NOT NULL,
  `estado` varchar(20) NOT NULL DEFAULT 'Preinscripto',
  PRIMARY KEY (`idinscripcion`),
  KEY `idalumno` (`idalumno`),
  KEY `idcarrera` (`idcarrera`),
  CONSTRAINT `fk_idalumno` FOREIGN KEY (`idalumno`) REFERENCES `alumno` (`idalumno`) ON DELETE CASCADE ON UPDATE CASCADE,
  CONSTRAINT `fk_idcarrera_carrerag` FOREIGN KEY (`idcarrera`) REFERENCES `carrerag` (`idcarrera`)
) ENGINE=InnoDB AUTO_INCREMENT=147 DEFAULT CHARSET=utf8mb4 COLLATE=utf8mb4_general_ci;
/*!40101 SET character_set_client = @saved_cs_client */;

--
-- Dumping data for table `preinscripciong`
--

LOCK TABLES `preinscripciong` WRITE;
/*!40000 ALTER TABLE `preinscripciong` DISABLE KEYS */;
INSERT INTO `preinscripciong` VALUES (1,1029,1,'2024-12-09 22:20:13','Activo'),(2,550,1,'2024-12-09 22:21:54','Activo'),(3,55,1,'2024-12-09 22:24:12','Activo'),(4,1033,1,'2024-12-09 22:27:30','Activo'),(5,84,2,'2024-12-09 22:30:07','Activo'),(6,765,1,'2024-12-09 22:32:10','Activo'),(7,865,1,'2024-12-09 22:34:37','Activo'),(8,1060,1,'2024-12-09 22:38:10','Activo'),(9,152,1,'2024-12-09 22:38:41','Activo'),(10,7,1,'2024-12-09 22:38:49','Activo'),(11,11,2,'2024-12-09 22:40:35','Activo'),(12,56,2,'2024-12-09 22:40:56','Activo'),(13,535,1,'2024-12-09 22:41:03','Activo'),(14,1069,1,'2024-12-09 22:41:57','Activo'),(15,481,1,'2024-12-09 22:42:09','Activo'),(16,757,2,'2024-12-09 22:42:30','Activo'),(17,29,1,'2024-12-09 22:44:04','Activo'),(18,129,1,'2024-12-09 22:44:35','Activo'),(19,2,1,'2024-12-09 22:44:54','Activo'),(20,1074,1,'2024-12-09 22:45:21','Activo'),(21,1080,1,'2024-12-09 22:46:14','Activo'),(22,594,1,'2024-12-09 22:49:22','Activo'),(23,1090,1,'2024-12-09 22:51:47','Activo'),(24,87,1,'2024-12-09 22:56:42','Activo'),(25,80,1,'2024-12-09 22:57:06','Activo'),(26,1091,1,'2024-12-09 22:58:18','Activo'),(27,1103,1,'2024-12-09 23:02:02','Activo'),(28,913,2,'2024-12-09 23:04:14','Activo'),(29,49,1,'2024-12-09 23:10:48','Activo'),(30,1112,1,'2024-12-09 23:12:00','Activo'),(31,1111,1,'2024-12-09 23:12:37','Activo'),(32,1115,1,'2024-12-09 23:15:39','Activo'),(33,972,2,'2024-12-09 23:17:01','Activo'),(34,1118,1,'2024-12-09 23:18:46','Activo'),(35,489,1,'2024-12-09 23:20:45','Activo'),(36,557,1,'2024-12-09 23:21:04','Activo'),(37,696,2,'2024-12-09 23:28:11','Activo'),(38,759,1,'2024-12-09 23:36:32','Activo'),(39,895,1,'2024-12-09 23:44:13','Activo'),(40,828,1,'2024-12-09 23:48:45','Activo'),(41,1154,1,'2024-12-09 23:54:19','Activo'),(42,843,1,'2024-12-10 00:13:04','Activo'),(43,741,1,'2024-12-10 00:20:13','Activo'),(44,1171,1,'2024-12-10 00:27:53','Activo'),(45,1173,1,'2024-12-10 00:42:18','Activo'),(46,906,1,'2024-12-10 00:42:37','Activo'),(47,1177,1,'2024-12-10 00:47:23','Activo'),(48,435,1,'2024-12-10 00:48:23','Activo'),(49,1178,1,'2024-12-10 00:51:46','Activo'),(50,498,1,'2024-12-10 00:52:50','Activo'),(51,1012,2,'2024-12-10 00:59:01','Activo'),(52,989,1,'2024-12-10 01:11:17','Activo'),(53,5,1,'2024-12-10 01:19:56','Activo'),(54,1184,1,'2024-12-10 01:20:14','Activo'),(55,109,1,'2024-12-10 01:31:33','Activo'),(56,1188,2,'2024-12-10 01:35:43','Activo'),(57,1189,1,'2024-12-10 01:41:18','Activo'),(58,935,2,'2024-12-10 01:56:36','Activo'),(59,788,1,'2024-12-10 02:56:43','Activo'),(60,1011,1,'2024-12-10 05:39:13','Activo'),(61,1203,1,'2024-12-10 07:58:09','Activo'),(62,1204,2,'2024-12-10 08:00:36','Activo'),(63,1217,1,'2024-12-10 09:13:23','Activo'),(64,688,2,'2024-12-10 09:52:03','Activo'),(65,1228,1,'2024-12-10 09:54:10','Activo'),(66,1237,1,'2024-12-10 10:27:37','Activo'),(67,819,1,'2024-12-10 10:32:25','Activo'),(68,1244,1,'2024-12-10 11:20:36','Activo'),(69,1256,1,'2024-12-10 12:29:31','Activo'),(70,1266,2,'2024-12-10 13:44:05','Activo'),(71,1174,1,'2024-12-10 14:01:02','Activo'),(72,612,1,'2024-12-10 14:31:29','Activo'),(73,595,1,'2024-12-10 14:32:03','Activo'),(74,1272,1,'2024-12-10 14:36:53','Activo'),(75,1271,2,'2024-12-10 14:37:41','Activo'),(76,1274,2,'2024-12-10 14:43:33','Activo'),(77,1276,1,'2024-12-10 14:48:18','Activo'),(78,1284,1,'2024-12-10 15:22:15','Activo'),(79,1245,1,'2024-12-10 16:56:37','Activo'),(80,1301,1,'2024-12-10 18:06:15','Activo'),(81,258,2,'2024-12-10 18:08:17','Activo'),(82,1303,1,'2024-12-10 18:36:49','Activo'),(83,1226,2,'2024-12-10 19:40:39','Activo'),(84,1311,1,'2024-12-10 20:04:26','Activo'),(85,801,1,'2024-12-10 20:19:10','Activo'),(86,1324,2,'2024-12-10 21:08:45','Activo'),(87,1325,1,'2024-12-10 21:28:59','Activo'),(88,1326,2,'2024-12-10 21:34:24','Activo'),(89,875,2,'2024-12-10 22:48:31','Activo'),(90,824,2,'2024-12-10 22:48:43','Activo'),(91,368,1,'2024-12-10 22:49:11','Activo'),(92,1342,1,'2024-12-11 00:20:29','Activo'),(93,1307,2,'2024-12-11 00:49:09','Activo'),(94,1347,1,'2024-12-11 00:52:06','Activo'),(95,1348,1,'2024-12-11 00:54:30','Activo'),(96,1349,2,'2024-12-11 00:55:08','Activo'),(97,822,1,'2024-12-11 02:09:28','Activo'),(98,1358,1,'2024-12-11 08:57:53','Activo'),(99,1360,2,'2024-12-11 09:51:44','Activo'),(100,1363,1,'2024-12-11 10:18:34','Activo'),(101,1077,2,'2024-12-11 10:36:01','Activo'),(102,1367,1,'2024-12-11 11:05:09','Activo'),(103,1357,1,'2024-12-11 11:37:07','Activo'),(104,295,1,'2024-12-11 16:53:25','Activo'),(105,1386,1,'2024-12-11 19:46:09','Activo'),(106,1225,2,'2024-12-11 19:57:46','Activo'),(107,1104,1,'2024-12-11 20:45:56','Activo'),(108,593,1,'2024-12-11 21:53:33','Activo'),(109,1393,2,'2024-12-11 23:19:40','Activo'),(110,1394,1,'2024-12-11 23:21:34','Activo'),(111,1401,1,'2024-12-12 11:25:16','Activo'),(112,1402,2,'2024-12-12 11:37:32','Activo'),(113,1408,2,'2024-12-12 14:01:52','Activo'),(114,1409,1,'2024-12-12 15:56:41','Activo'),(115,467,2,'2024-12-12 20:54:44','Activo'),(116,1415,1,'2024-12-12 21:12:43','Activo'),(117,1418,1,'2024-12-12 22:25:29','Activo'),(118,1419,1,'2024-12-12 22:26:07','Activo'),(119,1420,1,'2024-12-12 23:29:19','Activo'),(120,1425,1,'2024-12-13 10:27:05','Activo'),(121,1428,1,'2024-12-13 11:23:16','Activo'),(122,1432,1,'2024-12-13 15:58:01','Activo'),(123,1439,1,'2024-12-13 21:17:10','Activo'),(124,929,2,'2024-12-14 02:10:00','Activo'),(125,1442,1,'2024-12-14 12:04:08','Activo'),(126,1448,2,'2024-12-15 02:41:46','Activo'),(127,1450,1,'2024-12-15 13:55:36','Activo'),(128,1457,1,'2024-12-16 12:40:26','Activo'),(129,1461,1,'2024-12-16 14:45:14','Activo'),(130,1464,2,'2024-12-16 19:09:28','Activo'),(131,37,1,'2024-12-16 22:57:49','Activo'),(132,1476,1,'2024-12-19 00:10:45','Activo'),(133,1481,1,'2024-12-19 10:31:31','Activo'),(134,1483,1,'2024-12-19 11:52:03','Activo'),(135,1487,2,'2024-12-20 14:50:08','Activo'),(136,1491,2,'2024-12-22 03:40:08','Activo'),(137,1495,1,'2024-12-23 22:58:13','Activo'),(138,1498,1,'2024-12-27 00:50:52','Activo'),(139,1500,2,'2024-12-27 19:24:57','Activo'),(140,1507,1,'2024-12-31 02:22:11','Activo'),(141,1508,1,'2024-12-31 20:06:29','Activo'),(142,1518,2,'2025-01-25 18:25:42','Activo'),(143,1521,1,'2025-01-30 20:08:31','Activo'),(144,1536,1,'2025-02-07 20:07:41','Activo'),(145,1537,1,'2025-02-08 02:27:49','Activo'),(146,1446,2,'2025-02-10 19:51:28','Activo');
/*!40000 ALTER TABLE `preinscripciong` ENABLE KEYS */;
UNLOCK TABLES;

--
-- Table structure for table `registros`
--

DROP TABLE IF EXISTS `registros`;
/*!40101 SET @saved_cs_client     = @@character_set_client */;
/*!50503 SET character_set_client = utf8mb4 */;
CREATE TABLE `registros` (
  `idregistros` int(11) NOT NULL AUTO_INCREMENT,
  `apenomb` varchar(100) NOT NULL,
  `dni` varchar(20) NOT NULL,
  `carrera` varchar(100) NOT NULL,
  `año` int(11) NOT NULL,
  PRIMARY KEY (`idregistros`)
) ENGINE=InnoDB AUTO_INCREMENT=3 DEFAULT CHARSET=utf8mb4 COLLATE=utf8mb4_general_ci;
/*!40101 SET character_set_client = @saved_cs_client */;

--
-- Dumping data for table `registros`
--

LOCK TABLES `registros` WRITE;
/*!40000 ALTER TABLE `registros` DISABLE KEYS */;
INSERT INTO `registros` VALUES (1,'ALDERETE DIEGO','31840303','Prof en Informática',3),(2,'PADILLA MIRELLA','21313551','Profesorado en Lengua',3);
/*!40000 ALTER TABLE `registros` ENABLE KEYS */;
UNLOCK TABLES;

--
-- Table structure for table `respuestas`
--

DROP TABLE IF EXISTS `respuestas`;
/*!40101 SET @saved_cs_client     = @@character_set_client */;
/*!50503 SET character_set_client = utf8mb4 */;
CREATE TABLE `respuestas` (
  `id` int(11) NOT NULL AUTO_INCREMENT,
  `id_tema` int(11) NOT NULL,
  `id_usuario` int(11) NOT NULL,
  `mensaje` text NOT NULL,
  `fecha_creacion` datetime NOT NULL DEFAULT current_timestamp(),
  PRIMARY KEY (`id`),
  KEY `id_tema` (`id_tema`),
  KEY `id_usuario` (`id_usuario`),
  CONSTRAINT `respuestas_ibfk_1` FOREIGN KEY (`id_tema`) REFERENCES `temas` (`id`) ON DELETE CASCADE,
  CONSTRAINT `respuestas_ibfk_2` FOREIGN KEY (`id_usuario`) REFERENCES `usuarios` (`id`) ON DELETE CASCADE
) ENGINE=InnoDB AUTO_INCREMENT=3 DEFAULT CHARSET=utf8mb4 COLLATE=utf8mb4_general_ci;
/*!40101 SET character_set_client = @saved_cs_client */;

--
-- Dumping data for table `respuestas`
--

LOCK TABLES `respuestas` WRITE;
/*!40000 ALTER TABLE `respuestas` DISABLE KEYS */;
INSERT INTO `respuestas` VALUES (1,1,1,'Puedo ayudarte','2025-11-14 15:05:19'),(2,5,5,'cambia a windows','2025-11-14 21:10:38');
/*!40000 ALTER TABLE `respuestas` ENABLE KEYS */;
UNLOCK TABLES;

--
-- Table structure for table `sessions`
--

DROP TABLE IF EXISTS `sessions`;
/*!40101 SET @saved_cs_client     = @@character_set_client */;
/*!50503 SET character_set_client = utf8mb4 */;
CREATE TABLE `sessions` (
  `session_id` varchar(128) CHARACTER SET utf8mb4 COLLATE utf8mb4_bin NOT NULL,
  `expires` int(10) unsigned NOT NULL,
  `data` mediumtext CHARACTER SET utf8mb4 COLLATE utf8mb4_bin DEFAULT NULL,
  PRIMARY KEY (`session_id`)
) ENGINE=InnoDB DEFAULT CHARSET=utf8mb4 COLLATE=utf8mb4_general_ci;
/*!40101 SET character_set_client = @saved_cs_client */;

--
-- Dumping data for table `sessions`
--

LOCK TABLES `sessions` WRITE;
/*!40000 ALTER TABLE `sessions` DISABLE KEYS */;
/*!40000 ALTER TABLE `sessions` ENABLE KEYS */;
UNLOCK TABLES;

--
-- Table structure for table `temas`
--

DROP TABLE IF EXISTS `temas`;
/*!40101 SET @saved_cs_client     = @@character_set_client */;
/*!50503 SET character_set_client = utf8mb4 */;
CREATE TABLE `temas` (
  `id` int(11) NOT NULL AUTO_INCREMENT,
  `titulo` varchar(255) NOT NULL,
  `contenido` text NOT NULL,
  `id_usuario` int(11) NOT NULL,
  `fecha_creacion` datetime NOT NULL,
  `fecha_modificacion` datetime NOT NULL,
  PRIMARY KEY (`id`),
  KEY `id_usuario` (`id_usuario`),
  CONSTRAINT `temas_ibfk_1` FOREIGN KEY (`id_usuario`) REFERENCES `usuarios` (`id`) ON DELETE CASCADE
) ENGINE=InnoDB AUTO_INCREMENT=6 DEFAULT CHARSET=utf8mb4 COLLATE=utf8mb4_general_ci;
/*!40101 SET character_set_client = @saved_cs_client */;

--
-- Dumping data for table `temas`
--

LOCK TABLES `temas` WRITE;
/*!40000 ALTER TABLE `temas` DISABLE KEYS */;
INSERT INTO `temas` VALUES (1,'Renderizar imagen en 3D Blender','Problema en renderizar',1,'2025-11-14 14:49:34','2025-11-14 15:05:19'),(2,'Necesito soporte tecnico','Problema con sistema operativo mint',2,'2025-11-14 18:14:09','2025-11-14 18:14:09'),(3,'Conversión de datos','Problemas de conversión',7,'2025-11-14 21:06:52','2025-11-14 21:06:52'),(4,'ayuda con inkscape','quise abrir un archivo .AI y mi pc exploto, culpo a Linux Mint y a todo el Software libre existente',9,'2025-11-14 21:08:22','2025-11-14 21:08:22'),(5,'LibreOffice no funciona','No puedo guardar mis documentos a .WAV',9,'2025-11-14 21:10:13','2025-11-14 21:10:38');
/*!40000 ALTER TABLE `temas` ENABLE KEYS */;
UNLOCK TABLES;

--
-- Table structure for table `usuario`
--

DROP TABLE IF EXISTS `usuario`;
/*!40101 SET @saved_cs_client     = @@character_set_client */;
/*!50503 SET character_set_client = utf8mb4 */;
CREATE TABLE `usuario` (
  `idusuario` int(11) NOT NULL AUTO_INCREMENT,
  `usuario` varchar(255) NOT NULL,
  `clave` varchar(255) NOT NULL,
  `idcede` int(11) DEFAULT NULL,
  PRIMARY KEY (`idusuario`),
  KEY `idcede` (`idcede`),
  CONSTRAINT `usuario_ibfk_1` FOREIGN KEY (`idcede`) REFERENCES `cede` (`idcede`)
) ENGINE=InnoDB AUTO_INCREMENT=3 DEFAULT CHARSET=utf8mb4 COLLATE=utf8mb4_general_ci;
/*!40101 SET character_set_client = @saved_cs_client */;

--
-- Dumping data for table `usuario`
--

LOCK TABLES `usuario` WRITE;
/*!40000 ALTER TABLE `usuario` DISABLE KEYS */;
INSERT INTO `usuario` VALUES (1,'ies6021','ies6021',1),(2,'ies6034','ies6034',2);
/*!40000 ALTER TABLE `usuario` ENABLE KEYS */;
UNLOCK TABLES;

--
-- Table structure for table `usuarios`
--

DROP TABLE IF EXISTS `usuarios`;
/*!40101 SET @saved_cs_client     = @@character_set_client */;
/*!50503 SET character_set_client = utf8mb4 */;
CREATE TABLE `usuarios` (
  `id` int(11) NOT NULL AUTO_INCREMENT,
  `usuario` varchar(50) NOT NULL,
  `clave` varchar(255) NOT NULL,
  PRIMARY KEY (`id`),
  UNIQUE KEY `usuario` (`usuario`)
) ENGINE=InnoDB AUTO_INCREMENT=11 DEFAULT CHARSET=utf8mb4 COLLATE=utf8mb4_general_ci;
/*!40101 SET character_set_client = @saved_cs_client */;

--
-- Dumping data for table `usuarios`
--

LOCK TABLES `usuarios` WRITE;
/*!40000 ALTER TABLE `usuarios` DISABLE KEYS */;
INSERT INTO `usuarios` VALUES (1,'Diego','$2b$10$aKK2/HU1SbOmjfICq8FiNOIxmoq1ow7nsLLWpK0.CTcxKhNjnL.r.'),(2,'Carlos Arana','$2b$10$FFDcgb5/9QkG8EbtvTcTGOqXdNHEqMbHAPYATvzUV65H41.RaCQMm'),(3,'Flor','$2b$10$lfqhMN6nQPd/lTdWWPVanOKWahF2RtUfuM4dSq3e12D05QB1Ol9yq'),(4,'Lui','$2b$10$RACeARt.ar29MXbyEEQdQOSFM4fqcpqkxjtcBl3z.O2EdXiEjO.HG'),(5,'lautaro','$2b$10$SbDkGrycNIH56wwvfvTGP.Y4JUQQ3V.ejmcicd/nwNlp612PgzrVG'),(6,'Joaquin','$2b$10$2beYrxnUoJf47FB/XgVBkuTiqsXahzcunzLY0QKjZlR4ybJpuTg96'),(7,'Canavidez','$2b$10$ZeYKmiHxeZQ9MZorqFajJ.G0bbDyvLtO2RYsdzFwJb5Ct2ZzAf0jS'),(8,'Matiasfigue','$2b$10$qxuAMaXKskBa9bZiUzPzRemJ0n5P0juHWt4fA0X0aJ1gVsunBhKWG'),(9,'Migajero34','$2b$10$DPi1JDZ6ysI9WUwuWwy1EO3G5Hl6DDDoAvdA7dOh7dWNQTLMflaPS');
/*!40000 ALTER TABLE `usuarios` ENABLE KEYS */;
UNLOCK TABLES;
/*!40103 SET TIME_ZONE=@OLD_TIME_ZONE */;

/*!40101 SET SQL_MODE=@OLD_SQL_MODE */;
/*!40014 SET FOREIGN_KEY_CHECKS=@OLD_FOREIGN_KEY_CHECKS */;
/*!40014 SET UNIQUE_CHECKS=@OLD_UNIQUE_CHECKS */;
/*!40101 SET CHARACTER_SET_CLIENT=@OLD_CHARACTER_SET_CLIENT */;
/*!40101 SET CHARACTER_SET_RESULTS=@OLD_CHARACTER_SET_RESULTS */;
/*!40101 SET COLLATION_CONNECTION=@OLD_COLLATION_CONNECTION */;
/*!40111 SET SQL_NOTES=@OLD_SQL_NOTES */;

-- Dump completed on 2025-11-28 12:42:20
